followers,engagement_rate,past_interactions,content_sentiment,posting_hour,account_age_days,num_hashtags,has_media,is_reply,impressions,is_viral
4420,0.0422,153,0.5672,8,393,4,1,1,940,0
1409,0.0465,39,0.0235,10,936,1,1,0,1310,0
5801,0.0274,90,0.0647,19,136,1,1,0,5407,0
28041,0.0357,595,0.5299,21,1021,0,0,1,4251,0
1186,0.059,75,0.3353,19,254,2,0,1,283,0
1186,0.0389,25,0.2768,8,284,1,0,1,100,0
31026,0.0491,1275,0.0096,10,391,1,1,0,29430,0
7196,0.0494,445,0.417,19,645,5,1,0,11158,0
776,0.046,28,0.1349,21,176,3,0,1,305,0
4801,0.0447,270,0.373,18,1566,2,1,0,3473,0
785,0.0693,67,0.5304,18,794,4,0,1,204,0
781,0.0607,35,0.478,16,4559,0,1,0,510,0
2794,0.0483,165,0.7254,21,897,3,0,0,5588,1
57,0.0614,4,0.4591,8,1177,1,0,0,58,0
81,0.0631,4,0.2849,19,283,4,1,0,240,1
657,0.0489,22,0.7289,19,204,1,1,0,543,0
292,0.0362,10,-0.3905,15,1235,4,0,0,159,0
3183,0.0682,308,0.3126,17,222,2,1,0,7208,1
352,0.0581,23,0.3342,21,1263,3,1,0,820,1
142,0.0641,6,0.4731,20,3664,2,0,0,60,0
25290,0.0389,1162,-0.5685,9,1712,1,0,0,36565,0
1204,0.0443,49,0.0447,18,1176,1,1,1,303,0
2041,0.0477,106,0.3559,21,870,2,1,0,4590,1
139,0.0442,7,0.4322,17,453,0,1,1,21,0
678,0.0767,52,0.5795,10,593,1,1,0,3931,1
2207,0.0369,106,0.2515,9,377,0,1,0,1524,0
227,0.048,13,0.6703,10,178,1,1,0,247,0
3555,0.0429,170,0.2161,20,689,4,1,1,1477,0
613,0.0672,26,0.557,18,2014,3,1,1,523,0
1069,0.0522,74,-0.0026,9,183,0,1,0,1449,0
612,0.042,36,0.7833,20,2693,2,0,0,823,0
50721,0.0492,1589,0.3011,14,2246,3,0,0,43179,0
1764,0.0574,100,0.6342,11,989,1,0,0,788,0
269,0.063,12,0.3091,10,997,0,0,1,82,0
7947,0.0512,510,0.7124,12,552,3,1,1,1220,0
200,0.0827,20,-0.0474,16,693,1,1,1,78,0
2633,0.0703,118,0.5084,11,418,1,0,0,2203,0
53,0.0572,4,0.7689,17,686,3,0,0,54,0
165,0.0758,8,0.3466,10,764,0,0,1,44,0
2576,0.0524,175,0.432,19,4364,4,1,0,1330,0
6831,0.0497,324,0.1902,10,1171,1,1,0,12931,1
2461,0.0318,64,-0.1915,10,539,4,0,0,1594,0
1468,0.0491,47,-0.3584,10,602,3,0,0,1631,0
1051,0.044,30,0.5698,20,325,2,1,1,879,0
126,0.0689,10,0.2364,9,384,2,1,1,40,0
494,0.0659,34,0.004,10,1653,1,1,0,975,1
789,0.0326,15,0.9467,13,405,0,1,0,276,0
12122,0.0422,313,-0.3222,12,358,1,1,0,8379,0
3356,0.0587,112,0.133,18,367,1,1,0,8668,1
75,0.0608,5,-0.5609,20,320,3,1,0,89,0
3240,0.055,215,-0.1063,10,2053,0,1,0,6675,1
904,0.0563,28,0.7894,9,767,2,0,0,755,0
534,0.0583,33,0.1397,18,501,2,1,0,1285,1
5437,0.0429,136,0.5799,9,684,4,0,0,4762,0
11565,0.0304,493,0.4966,8,826,2,1,1,2787,0
9665,0.0321,436,0.0023,18,315,0,0,0,15331,0
399,0.0631,30,-0.3263,19,165,2,0,0,254,0
1036,0.0524,77,0.148,17,2536,2,0,0,859,0
3282,0.0462,198,0.5114,9,1786,4,0,0,4882,0
10466,0.0387,538,0.4389,9,970,2,1,0,5062,0
763,0.0504,41,0.8207,21,1667,1,0,0,294,0
1294,0.0618,64,0.825,10,4511,4,1,0,3553,1
246,0.0546,9,0.5783,22,389,4,0,0,149,0
209,0.0452,7,0.2166,19,217,2,1,0,155,0
7805,0.0516,454,0.0026,15,1288,0,1,0,8762,0
20769,0.0382,533,0.7624,20,153,3,0,0,50400,1
1588,0.0508,61,0.1518,7,690,2,0,0,716,0
11007,0.0589,627,0.4438,18,493,1,1,0,27168,1
3466,0.0472,119,0.5906,17,1304,2,0,0,1836,0
566,0.0575,35,-0.0496,21,410,1,1,0,1016,0
3465,0.0356,175,0.4562,11,2207,3,1,0,5321,0
28809,0.0367,1320,0.0917,19,315,1,0,0,27972,0
1695,0.0564,111,0.0394,15,1347,1,1,1,446,0
30223,0.0232,758,-0.0321,17,341,4,1,0,9438,0
50,0.0663,3,0.31,21,1151,0,0,0,26,0
7938,0.0451,245,-0.068,12,241,5,1,0,8354,0
2114,0.0498,146,0.0648,10,649,4,1,0,2165,0
1055,0.0625,49,0.0722,11,2495,1,1,0,1308,0
2132,0.0527,66,0.1605,17,746,4,0,1,362,0
50,0.0791,4,0.7425,12,2171,0,0,0,13,0
1217,0.0416,34,0.0398,19,647,1,0,0,559,0
3438,0.0488,146,0.211,16,401,1,0,1,449,0
25853,0.0402,549,0.671,20,789,2,1,1,10767,0
711,0.043,19,-0.0198,8,1234,0,1,0,883,0
421,0.0654,18,-0.0796,10,98,5,1,1,472,0
732,0.0769,31,0.1726,22,1121,4,0,0,741,0
9393,0.0432,469,0.3606,8,259,0,1,0,17071,1
3267,0.0527,230,0.0771,23,202,1,0,0,873,0
696,0.0547,33,0.5155,19,1139,0,1,0,2065,1
4554,0.0392,245,-0.6093,17,2536,1,1,0,1463,0
2153,0.0311,47,0.1814,7,825,3,1,0,1517,0
10337,0.036,306,0.7298,13,171,3,0,0,2059,0
510,0.0411,13,0.6033,11,340,2,1,0,565,0
1002,0.0694,77,-0.2148,20,437,3,0,1,406,0
892,0.0517,42,0.6835,19,809,2,0,0,536,0
129,0.0571,8,0.3132,10,619,0,1,0,115,0
3081,0.0568,220,0.0184,10,1091,2,1,1,1282,0
2892,0.0369,111,-0.2926,18,1807,0,1,1,1030,0
1824,0.0423,86,0.2968,16,938,2,1,0,693,0
1185,0.0524,89,0.2024,18,1632,2,1,0,1931,0
141,0.0705,7,-0.1005,8,507,1,0,0,44,0
847,0.058,42,0.0794,12,5000,3,1,0,1675,1
975,0.0549,65,0.1093,9,1156,1,0,0,235,0
426,0.0566,26,0.1764,19,1318,1,0,0,338,0
1352,0.0552,50,-0.5323,21,3857,2,1,0,1973,0
3741,0.0491,160,0.4962,10,726,0,1,0,11829,1
53913,0.0261,1362,0.6803,17,348,1,1,0,49372,0
2475,0.0492,111,0.3715,8,2456,2,1,0,3042,0
2874,0.0374,72,0.5161,13,2604,1,0,0,4433,0
1581,0.0513,115,-0.4696,13,775,1,1,1,383,0
57,0.059,4,-0.052,7,3864,2,1,0,36,0
1723,0.0756,127,0.3818,18,611,4,1,0,3309,1
2015,0.0492,116,0.2057,21,1689,3,1,0,1972,0
152334,0.0182,3878,0.532,15,3027,1,0,0,35526,0
1278,0.05,40,0.1036,8,733,1,0,0,481,0
3111,0.053,123,-0.1875,22,1050,4,1,0,1970,0
1698,0.067,118,-0.4082,8,1855,1,1,0,319,0
220,0.0525,15,0.702,20,461,3,0,1,75,0
14144,0.0259,196,0.6085,10,294,1,0,0,10568,0
6998,0.0528,547,-0.1711,9,2522,0,0,0,10791,0
7508,0.0305,218,0.2973,19,903,4,0,0,6289,0
351,0.0522,15,0.2951,19,401,1,1,0,678,1
22584,0.0373,668,-0.0775,23,730,2,1,0,12048,0
144,0.0594,5,0.0127,21,1106,0,1,1,18,0
5199,0.0527,353,0.1659,17,138,3,0,0,8590,0
93229,0.0274,3716,0.6185,7,1361,3,1,0,15091,0
304,0.0544,15,0.6704,23,1000,1,0,1,79,0
652,0.0539,51,0.6721,20,3481,0,1,0,2725,1
2163,0.0508,145,0.2465,21,534,0,0,0,1241,0
730,0.0546,39,0.034,15,2636,1,1,1,147,0
110,0.0655,8,0.3229,8,636,4,1,0,164,0
2045,0.0579,110,0.6778,11,764,1,1,0,7132,1
267,0.0616,17,0.6025,16,880,4,0,1,99,0
4240,0.0511,120,-0.2878,18,5000,2,1,0,5173,0
345,0.0408,16,0.2558,19,192,1,1,0,788,1
29433,0.0393,640,-0.2318,10,1091,1,1,0,79223,1
441,0.0604,35,0.4928,17,693,5,1,0,320,0
1012,0.0596,79,0.0593,9,646,1,1,1,608,0
7819,0.0372,214,0.1147,19,1191,4,1,1,1727,0
197,0.0523,8,0.4884,9,2010,1,1,0,265,0
2722,0.0426,113,-0.4397,10,1131,0,1,0,3536,0
19012,0.046,958,0.0809,8,2287,1,1,0,11031,0
100,0.0719,5,-0.2102,21,517,5,1,0,69,0
2520,0.0446,122,0.0189,17,633,3,1,0,1977,0
2886,0.0572,131,0.4473,9,244,2,1,0,5965,1
7385,0.0456,187,0.5531,9,4831,0,0,0,10730,0
195,0.0576,5,0.6954,20,551,1,0,0,177,0
167,0.0574,5,0.3431,18,494,4,1,0,205,0
4626,0.0537,321,0.4333,10,1220,1,0,1,668,0
3085,0.0511,230,0.0169,17,2012,2,0,0,787,0
2838,0.071,186,-0.473,10,332,1,1,0,6790,1
3373,0.039,133,0.1999,11,2179,0,1,0,15155,1
531,0.0601,20,0.2737,8,491,0,1,1,253,0
2746,0.043,124,0.1504,9,2781,1,1,0,5289,1
3064,0.0392,77,0.3808,18,387,0,0,1,1128,0
499,0.055,30,0.2581,9,1387,6,1,1,142,0
51968,0.0379,2825,0.0086,19,694,2,0,0,31693,0
4242,0.0758,223,0.3697,20,215,2,1,0,10528,1
211,0.0567,15,0.4773,19,161,0,0,0,286,0
5894,0.034,104,0.4651,18,316,5,1,0,4029,0
312,0.0597,16,0.3416,12,1794,1,0,0,293,0
7455,0.0236,107,0.4022,20,95,3,0,0,22888,1
14551,0.0407,505,-0.1414,8,928,3,0,1,2910,0
412,0.0561,15,0.2367,16,851,3,0,0,173,0
10240,0.051,456,-0.2845,10,123,3,1,0,8173,0
3800,0.0568,197,0.4116,8,299,1,1,0,1509,0
7940,0.039,248,0.4431,10,299,3,1,0,11968,0
54952,0.0348,2214,0.2518,11,701,1,0,0,33012,0
1162,0.0441,72,-0.1544,8,2882,1,1,0,985,0
465,0.0441,18,0.2458,9,1948,2,1,0,834,0
364,0.0595,14,0.4307,17,463,5,0,1,49,0
416,0.0431,13,0.4199,20,290,1,1,0,580,0
1573,0.0464,98,0.0847,20,139,0,1,0,1815,0
3341,0.0376,134,0.1258,10,455,1,0,0,5615,0
2975,0.0535,152,-0.0891,20,270,1,0,0,1534,0
8013,0.0621,323,-0.1129,10,641,6,1,0,19988,1
1850,0.0369,64,0.5668,16,666,2,0,0,877,0
24744,0.021,404,0.6882,7,413,2,1,0,23834,0
1122,0.0507,82,0.3747,17,422,0,1,0,842,0
241905,0.0306,10235,0.275,7,332,4,1,0,54212,0
5575,0.0477,155,0.5228,7,398,4,0,0,6540,0
386,0.0517,20,-0.4712,18,2795,4,0,0,297,0
263,0.0557,10,0.5821,10,1116,3,1,1,241,0
4308,0.0502,196,0.2308,8,1131,4,0,0,2182,0
1209,0.062,103,0.4384,9,1829,1,1,0,1609,0
6536,0.0253,169,0.2174,16,1674,3,0,1,668,0
4237,0.0429,151,0.6371,17,2764,4,1,0,4235,0
1585,0.0527,59,-0.1948,19,1198,1,0,0,1598,0
393,0.0469,23,0.4516,10,816,1,1,0,511,0
118,0.0782,10,0.7244,18,368,2,0,0,155,0
809,0.0469,36,-0.1309,18,291,2,1,0,678,0
8446,0.0434,263,-0.5021,9,1607,2,1,0,10390,0
2658,0.054,119,0.6533,10,595,1,0,1,1557,0
192,0.053,14,-0.6798,10,170,2,0,0,212,0
2469,0.0303,76,-0.1294,20,82,1,0,0,573,0
3617,0.0429,139,0.2934,18,5000,2,1,0,7949,1
368,0.0667,25,0.5337,17,248,2,1,0,409,0
2384,0.0455,138,-0.0887,16,334,2,0,1,243,0
2007,0.0411,69,0.2003,16,2271,4,1,0,2343,0
231,0.0675,10,0.3016,14,198,3,0,0,86,0
3442,0.0441,164,0.5756,18,1131,1,1,0,4438,0
4961,0.0409,236,0.0822,15,4113,4,0,1,1035,0
12701,0.0437,673,0.4753,20,5000,0,1,0,10497,0
12050,0.0501,834,0.3847,9,425,1,0,1,4294,0
151,0.0837,11,0.1999,20,657,2,0,0,219,0
334,0.065,12,0.7249,19,447,2,0,1,77,0
4569,0.0579,385,0.3576,14,653,4,0,0,2064,0
4558,0.0412,175,-0.1434,16,2436,1,1,0,1395,0
4569,0.036,184,0.5628,8,164,1,0,1,1883,0
1857824,0.0229,49584,0.2823,8,1271,1,0,0,698157,0
5052,0.047,248,0.2606,11,547,3,0,0,9343,1
13960,0.031,305,-0.3085,9,2613,6,0,1,3328,0
10068,0.0414,522,0.4118,17,2478,3,1,1,2377,0
5840,0.0493,375,0.7188,8,442,2,0,0,3673,0
1025,0.0559,60,0.2429,20,595,3,0,0,1286,0
7087,0.0496,347,0.0573,11,1624,2,1,0,19062,1
449,0.0585,16,0.3406,11,1778,1,0,0,495,0
1180,0.0466,32,0.8965,17,56,2,1,1,512,0
754,0.0484,30,0.5176,19,1618,0,1,0,735,0
2095,0.0374,63,0.3074,8,3451,2,1,0,1923,0
116586,0.0512,8674,0.0222,8,858,1,0,0,22060,0
62,0.0636,5,-0.0178,17,1720,1,1,0,64,0
6218,0.0428,308,0.4762,11,2389,1,1,0,11306,1
99,0.0523,5,-0.1171,19,830,1,1,0,409,1
773,0.0828,42,0.6421,10,1501,0,1,1,504,0
12837,0.0314,596,0.7124,15,673,2,0,0,3547,0
2029,0.0452,80,0.5886,7,631,2,1,0,3348,0
259,0.0619,9,0.1502,20,343,3,0,1,48,0
498,0.0612,30,0.4315,13,790,3,1,0,477,0
6144,0.0547,461,0.3647,20,4389,3,1,0,13949,1
485,0.0733,49,0.6859,19,269,3,1,0,569,0
2669,0.0535,72,0.3561,19,1232,3,0,0,2451,0
1962,0.0391,106,-0.0745,11,916,3,1,0,1904,0
559,0.0521,22,-0.3005,7,2906,3,1,0,892,0
85742,0.0376,1739,0.5454,9,3508,4,0,0,25247,0
5659,0.0661,504,0.2272,18,263,0,1,0,7228,0
50,0.0503,3,0.3841,6,374,0,1,1,11,0
2529,0.0607,168,0.0265,19,395,1,1,0,4614,1
549,0.0566,33,-0.4058,8,409,1,1,1,200,0
8386,0.0522,575,0.4074,9,446,3,1,0,9856,0
434,0.0547,30,0.6629,18,941,2,1,0,507,0
1470,0.0424,86,0.2477,18,283,5,0,0,1336,0
4487,0.0539,254,0.4462,10,326,3,0,0,3325,0
8590,0.0503,634,0.2026,12,301,1,0,0,3550,0
208,0.0684,21,0.573,10,1088,0,1,0,236,0
990,0.0523,31,0.4904,19,624,2,1,0,1561,0
769,0.0474,49,0.5558,11,522,0,1,0,508,0
557,0.0391,21,0.3302,16,286,6,1,0,241,0
43382,0.0455,1751,0.0695,11,133,5,1,1,5357,0
3747,0.0513,214,0.2674,16,3400,3,0,0,958,0
186,0.0494,5,0.4774,18,498,2,0,0,154,0
9434,0.038,360,0.3008,19,5000,4,0,0,5053,0
82444,0.0301,3396,0.0256,18,1440,4,1,0,55045,0
11596,0.0277,229,0.4188,9,4143,0,1,0,14982,0
117,0.0527,5,0.04,17,1796,1,1,0,59,0
756,0.0421,45,0.0663,9,779,2,0,0,731,0
17684,0.0368,603,0.5596,18,365,1,0,0,23005,0
505,0.0477,20,0.6618,13,250,1,1,0,218,0
4019,0.0305,115,-0.0747,20,2037,2,1,0,9731,1
7290,0.0646,480,0.495,23,866,3,1,0,7084,0
340,0.0692,26,0.0677,11,1232,1,0,0,176,0
1624,0.0426,90,0.2314,9,1502,2,1,0,3009,1
50,0.067,3,-0.394,15,949,1,1,0,47,0
286,0.0615,23,0.6799,17,414,4,1,1,112,0
1147,0.0637,75,0.7297,7,1831,1,1,1,131,0
191,0.0508,8,0.7351,9,545,2,0,0,357,1
34143,0.0492,1943,0.5458,11,728,1,1,0,139856,1
137,0.0548,9,0.0386,8,1362,0,1,0,91,0
818,0.0398,34,0.2192,20,627,1,1,0,890,0
2287,0.0563,71,-0.0398,11,108,0,1,0,2690,0
24204,0.0525,851,0.5449,18,1882,1,0,0,28130,0
136,0.0862,9,0.3519,19,2333,4,1,0,114,0
14671,0.0296,340,0.308,18,106,0,1,1,1871,0
1841,0.0569,122,0.3946,12,234,2,0,1,819,0
308,0.053,8,0.0422,20,5000,3,1,1,98,0
4153,0.0545,284,0.1111,9,838,2,0,0,10928,1
2587,0.0339,67,-0.0222,20,667,1,1,1,2074,0
613,0.0417,20,0.2167,11,434,2,1,0,910,0
2050,0.0417,87,0.1393,8,237,3,1,0,1439,0
903,0.0536,34,0.0705,16,547,1,1,0,800,0
2217,0.0428,131,0.4915,8,1762,2,1,1,704,0
5954,0.0518,180,0.6534,15,654,4,1,0,4619,0
31408,0.0488,1448,0.6185,9,1224,1,0,0,51312,0
194,0.0649,16,0.4682,19,3888,0,1,0,1034,1
84074,0.0508,4768,0.1361,17,372,7,0,0,31087,0
53,0.0682,2,0.3918,17,900,2,0,0,13,0
1375,0.0389,49,-0.0033,8,1816,1,1,1,222,0
5213,0.0594,373,0.6936,19,261,1,1,0,28444,1
2998,0.0419,185,0.2205,8,794,2,1,0,1610,0
589,0.0636,52,0.6247,20,4325,3,1,0,758,0
1243,0.0672,70,0.4755,11,473,4,0,0,1025,0
744,0.0581,64,0.2615,16,1935,3,1,0,940,0
625,0.0393,12,0.3542,21,577,2,1,0,2085,1
8343,0.0347,152,0.6766,21,4022,6,0,0,7355,0
3437,0.0607,275,0.0342,18,128,4,0,1,882,0
519,0.0533,19,0.1633,10,709,1,1,0,587,0
9129,0.0443,226,-0.0696,9,151,3,1,0,3635,0
3143,0.0554,128,0.6464,21,330,1,1,0,8091,1
7809,0.0511,369,0.174,17,328,1,1,0,8704,0
5615,0.0483,333,0.7319,15,509,3,1,0,5675,0
406,0.0539,24,0.7259,19,202,2,0,1,193,0
659,0.0509,24,0.0116,18,619,1,1,1,499,0
6940,0.0532,370,-0.0104,9,1054,2,0,1,1126,0
5424,0.0511,395,0.6015,11,143,6,1,0,8470,0
1741,0.0476,108,0.3463,16,352,1,1,0,6174,1
2233,0.06,110,-0.6168,19,5000,3,1,1,1711,0
18030,0.0395,1055,0.2225,22,924,1,1,0,11138,0
623,0.0457,34,0.2284,9,108,2,0,1,203,0
4840,0.0385,104,0.5127,18,163,0,1,0,1735,0
1256,0.0417,28,-0.1343,8,833,1,1,0,441,0
1221,0.0488,39,0.8488,7,735,2,1,0,2023,0
13066,0.0544,873,0.5181,13,369,2,0,0,6243,0
7988,0.036,196,0.8572,17,5000,2,0,0,3426,0
7819,0.046,364,0.433,8,5000,1,0,0,5630,0
18955,0.034,382,-0.5741,7,510,2,1,0,14953,0
1877,0.0472,126,0.2191,9,1592,2,1,0,2221,0
6170,0.03,156,0.323,10,1674,2,1,1,1488,0
1034,0.05,72,-0.3001,11,1911,0,0,1,95,0
3240,0.0457,214,-0.2857,9,350,3,0,0,2521,0
1430,0.0563,40,0.4482,10,4626,2,1,0,3404,1
2152,0.0515,106,-0.2654,8,621,2,1,0,1219,0
5277,0.0337,93,0.5653,10,1014,3,1,0,6646,0
414,0.0667,38,0.3305,10,666,1,1,1,309,0
78143,0.037,2947,0.4849,16,578,1,1,0,97646,0
295,0.0592,10,0.2791,10,878,2,0,1,47,0
203,0.0586,7,0.4549,9,203,3,1,0,342,0
14539,0.0365,468,-0.1177,20,92,1,0,0,12906,0
7517,0.0465,503,0.5028,21,537,3,1,0,9267,0
5560,0.0503,333,0.8347,17,275,3,0,0,4173,0
5602,0.028,214,0.4788,20,1149,1,0,0,2901,0
1768,0.0447,68,-0.3528,11,1026,1,0,0,880,0
359,0.0539,10,0.0115,18,674,2,1,1,108,0
2072,0.052,158,0.6132,21,2926,0,0,1,294,0
534,0.0668,18,0.5,9,661,3,0,0,466,0
10458,0.0353,533,0.6384,10,154,1,1,0,9498,0
1387,0.0461,55,-0.0032,10,531,3,1,0,3091,1
409,0.0508,10,-0.1136,7,2145,2,0,1,131,0
1013,0.0443,53,0.1556,11,101,1,0,1,110,0
3801,0.0436,245,0.1157,7,605,4,1,1,522,0
655,0.0618,59,0.1597,20,1182,2,1,0,1236,1
411,0.0454,12,0.74,20,5000,2,1,1,205,0
2803,0.0525,100,0.2865,20,2226,2,1,0,3919,0
2810,0.0312,93,0.3231,9,759,2,0,0,2606,0
725,0.048,39,0.7144,7,1119,3,1,1,982,0
774,0.0501,48,0.4036,9,99,4,1,0,291,0
2745,0.0651,121,0.2821,12,232,2,1,0,2974,0
133,0.0577,11,-0.2389,18,1275,2,0,0,76,0
143,0.0381,6,0.2516,8,781,4,0,0,39,0
496,0.0352,23,0.6783,9,887,2,1,0,898,1
1231,0.0519,66,0.1871,7,688,1,0,0,1123,0
3164,0.0539,155,-0.0778,18,661,1,0,1,1180,0
25735,0.0431,1639,0.08,8,737,1,1,1,10308,0
8465,0.0455,416,0.4745,11,231,2,1,0,9346,0
1355,0.0628,116,0.3875,9,529,0,1,0,3084,1
1747,0.0447,113,0.3652,20,191,0,1,1,1480,0
297,0.0662,23,0.3866,17,357,2,1,0,326,0
1748,0.0338,61,0.5912,9,2199,4,0,1,603,0
1075,0.043,23,0.0962,11,555,4,0,1,484,0
3232,0.0296,51,0.6534,21,1206,1,1,0,6426,1
407,0.0532,15,0.4457,19,746,2,1,1,142,0
4604,0.0458,144,0.2929,9,452,1,1,0,6390,0
28536,0.0401,863,0.1812,14,242,2,1,0,16443,0
1486,0.0514,61,-0.1865,19,445,2,1,1,1038,0
3725,0.0378,121,0.6918,9,798,5,1,1,932,0
6262,0.0431,248,-0.0092,22,1188,0,1,0,3463,0
878,0.0379,19,0.2209,11,751,3,1,1,343,0
2706,0.062,91,0.9406,18,1273,6,1,1,1303,0
1849,0.0469,101,0.243,17,145,2,1,1,277,0
2155,0.0444,99,0.2199,22,1582,2,0,0,1528,0
449,0.0715,30,-0.1856,21,215,3,1,1,286,0
1889,0.0374,80,-0.1479,14,1778,0,1,1,1049,0
4431,0.0352,206,-0.3397,10,1099,1,1,1,3437,0
24638,0.0286,653,-0.4041,19,102,1,1,0,33453,0
10164,0.0424,491,0.4493,8,1389,1,1,1,3808,0
87179,0.0388,4918,0.0708,9,1799,3,1,0,114060,0
454,0.0629,38,-0.5007,11,2339,2,1,1,71,0
8692,0.0694,558,0.7509,13,308,3,1,0,26026,1
2514,0.0262,75,0.7028,8,795,1,0,1,272,0
93120,0.0403,2542,0.1886,7,1332,1,0,1,8914,0
422,0.0502,22,0.5789,19,1388,5,1,0,431,0
398,0.0502,29,0.6262,10,1001,2,1,1,210,0
614,0.0481,30,0.3806,20,434,2,1,1,78,0
50,0.0552,3,0.1054,18,1786,2,1,1,14,0
701,0.0706,44,0.2568,18,1796,3,1,0,1870,1
461,0.0639,44,0.0459,19,570,5,1,1,175,0
2370,0.0491,125,-0.0364,17,303,3,1,0,1207,0
3344,0.061,110,0.4516,12,321,0,0,0,1093,0
52950,0.0214,1229,0.514,9,2604,2,1,1,8529,0
10004,0.0298,231,0.3864,21,1721,1,1,0,13590,0
640,0.0324,11,-0.169,9,651,3,1,1,155,0
358,0.0495,23,-0.1273,17,545,2,1,0,149,0
4382,0.0481,163,0.7484,16,113,0,0,0,5400,0
167,0.0605,13,-0.4477,17,611,2,1,0,233,0
48855,0.0383,1475,0.2715,18,202,1,0,0,70058,0
15108,0.0274,287,0.0425,8,779,2,1,0,15289,0
777,0.0614,70,0.3211,10,2176,0,0,0,526,0
82,0.0647,4,0.5894,8,249,1,1,1,16,0
20680,0.0476,1083,0.5115,18,844,1,1,0,59034,1
1471,0.0319,52,0.5793,19,1804,1,0,1,284,0
16782,0.0442,786,0.3942,19,829,0,0,0,12621,0
102,0.0496,7,0.409,11,393,3,0,0,165,0
614,0.0503,36,0.524,17,672,2,1,0,1528,1
1825,0.0553,91,0.5955,16,1732,2,0,0,1913,0
1967,0.0506,135,0.2791,16,864,3,1,0,2234,0
804,0.0447,24,0.6147,10,662,2,1,0,677,0
5547,0.0456,264,0.5632,9,2113,3,1,0,24250,1
264,0.0424,16,-0.1781,17,1113,1,1,0,191,0
1399,0.0625,98,-0.0463,10,199,1,1,1,522,0
2245,0.0471,139,0.4551,11,1250,2,1,0,6071,1
4564,0.0575,302,0.6802,19,1719,3,1,1,2981,0
6508,0.0396,345,0.0873,18,192,0,1,0,7661,0
238,0.0529,18,0.208,13,68,2,0,0,246,0
114,0.0534,4,0.4383,11,234,1,1,0,86,0
18030,0.0496,598,-0.4872,17,600,1,1,0,9904,0
3288,0.0405,131,0.3713,8,1825,1,1,1,494,0
469,0.0618,34,-0.015,9,272,3,1,1,452,0
29497,0.035,750,0.3104,11,1158,1,0,1,10122,0
2226,0.0294,32,-0.3366,11,36,1,1,1,1378,0
15104,0.0358,455,-0.0966,16,796,1,1,1,4337,0
2041,0.0377,113,0.4084,18,442,2,0,1,190,0
73817,0.0355,3131,0.1519,7,5000,0,0,0,17702,0
42600,0.0255,977,0.0348,9,100,2,0,0,24193,0
1155,0.061,48,0.2803,11,655,5,0,1,891,0
10392,0.0421,374,0.433,8,99,1,0,0,4261,0
5777,0.0436,168,0.2971,8,383,2,0,0,4300,0
21237,0.0467,601,-0.0763,18,121,4,1,0,48706,1
318,0.0666,29,-0.2132,20,5000,0,0,0,303,0
6216,0.0449,417,0.511,17,466,4,1,0,5353,0
12150,0.0347,279,0.2628,10,538,2,0,0,18008,0
76,0.0449,1,0.4006,18,637,2,1,0,139,1
214,0.0517,9,0.052,22,214,0,1,1,103,0
50,0.0581,2,-0.1268,17,1910,1,1,0,122,1
1113,0.053,41,-0.0317,9,1261,3,0,1,384,0
6578,0.0414,218,0.5333,7,1665,3,1,0,13022,1
27017,0.0461,872,-0.116,18,196,2,0,1,6629,0
2066,0.0433,114,0.4001,9,2070,0,1,0,8127,1
33911,0.0377,1550,0.2642,18,1844,4,1,0,23233,0
150,0.0718,12,-0.2967,18,527,1,1,1,43,0
84,0.0656,4,0.1583,8,1627,4,1,0,60,0
1636,0.0498,114,0.512,15,873,2,1,0,1252,0
3609,0.0412,218,0.2462,11,135,0,1,0,5144,0
1704,0.0439,50,-0.2794,8,554,2,1,0,964,0
50,0.0558,2,0.688,7,410,3,0,1,10,0
1540,0.0452,71,0.1188,18,724,0,1,1,286,0
172,0.0669,6,-0.5104,17,1846,3,0,0,159,0
6035,0.043,242,0.5261,17,128,2,1,1,2737,0
3497,0.0339,128,0.2227,8,426,2,0,1,157,0
333,0.0744,25,0.1639,15,292,1,0,0,168,0
716,0.0569,33,0.2137,9,305,5,0,0,1817,1
268,0.0436,12,0.4649,23,292,2,1,0,201,0
1615,0.046,108,0.6878,10,712,0,0,0,946,0
10089,0.0442,315,0.0379,18,1122,4,1,0,12196,0
306,0.0741,26,0.1395,9,942,2,0,0,837,1
4479,0.0353,85,-0.1582,9,800,6,0,0,3145,0
696,0.0636,25,0.7852,17,1238,2,0,0,525,0
433,0.0697,31,0.3112,17,5000,2,1,0,303,0
1491,0.0445,40,0.0916,20,761,4,1,0,1672,0
280,0.0547,7,0.1048,17,1846,0,1,0,348,0
667,0.0436,19,-0.097,10,1744,2,0,1,91,0
209,0.0566,12,0.7103,9,3935,1,1,0,443,1
62100,0.0355,2651,0.2398,8,1165,1,1,0,26673,0
1926,0.0563,76,0.0374,11,285,1,1,1,1384,0
513,0.0659,39,0.6007,20,902,4,1,0,1489,1
2657,0.041,74,0.0769,9,855,3,1,0,3239,0
1477,0.0311,51,0.4425,9,1502,1,0,0,1281,0
1214,0.0514,56,-0.0733,19,277,1,1,1,509,0
5461,0.0485,305,0.2072,17,2359,3,1,0,2782,0
7069,0.047,497,0.2253,8,668,2,1,0,3226,0
695,0.0506,50,0.2348,20,1539,1,0,0,904,0
641,0.0554,17,0.1034,8,906,1,0,0,379,0
1102,0.0671,102,0.5937,17,751,3,0,0,975,0
50,0.0681,1,0.2856,22,840,2,0,0,51,0
118,0.0571,9,0.1879,18,1302,2,0,1,36,0
21170,0.0352,581,0.1258,16,4715,1,1,0,21371,0
34924,0.0365,1123,0.6743,19,88,5,0,0,39838,0
1154,0.0682,46,0.4793,10,1141,4,1,0,483,0
5104,0.044,137,-0.0677,10,695,1,1,1,1921,0
3166,0.0476,184,0.4198,12,557,2,1,1,1084,0
461383,0.023,15332,0.0415,11,62,3,1,0,347702,0
13564,0.0529,797,0.7421,17,1188,6,1,0,10780,0
1436,0.0705,123,0.2696,11,587,2,0,0,1586,0
323,0.0614,25,0.4839,12,288,2,1,0,809,1
100,0.0624,4,0.2261,10,694,4,0,0,75,0
2607,0.0489,69,-0.3113,7,496,2,0,1,438,0
463,0.0316,7,0.202,8,116,2,1,0,464,0
139,0.0677,8,0.424,8,726,4,1,0,157,0
564,0.056,23,0.4837,19,1188,1,1,0,1602,1
258,0.0621,9,0.6368,9,384,3,1,0,974,1
37678,0.0307,786,-0.0929,19,864,1,0,0,27592,0
8839,0.0398,219,0.1569,23,741,0,1,0,2880,0
1782,0.0459,115,0.9184,18,1892,1,1,0,5988,1
25949,0.0496,823,-0.0834,9,599,4,0,0,26762,0
2078,0.0457,98,0.4452,14,1481,5,0,0,412,0
383,0.077,32,0.6927,18,486,2,1,0,636,0
28046,0.0433,1268,0.5403,16,4756,3,0,1,4815,0
4769,0.0334,95,0.2036,17,429,1,1,1,987,0
279,0.0562,12,-0.0045,9,335,1,0,0,191,0
1283,0.0449,31,0.3797,10,601,1,1,0,1525,0
373,0.0344,11,0.205,16,321,1,0,1,61,0
150,0.0759,7,0.0988,16,190,0,1,0,188,0
9576,0.0504,511,-0.2048,10,1376,2,0,1,1253,0
56215,0.0416,2788,0.3837,9,31,2,0,0,149832,1
145,0.0617,9,0.4627,20,324,2,0,1,115,0
4980,0.0321,149,-0.04,9,173,1,0,0,876,0
560,0.0498,24,0.5246,19,766,2,0,0,535,0
752,0.0619,62,0.5189,20,74,0,0,1,126,0
622,0.0437,19,0.5359,10,1150,2,0,1,172,0
381,0.0309,14,0.0753,18,1281,2,1,0,128,0
1973,0.0474,117,0.0696,10,129,2,0,0,1535,0
405,0.0546,20,0.4453,19,804,2,1,0,487,0
2941,0.0494,115,0.8095,14,1114,2,0,0,2476,0
1651,0.0576,92,0.1922,19,1703,1,0,0,3764,1
1176,0.0581,40,0.4068,18,153,0,0,1,792,0
352,0.0591,11,0.6739,21,133,0,0,0,319,0
640,0.0661,25,0.6694,21,2988,1,1,1,588,0
7042,0.0294,142,-0.3108,20,292,1,0,0,4497,0
4454,0.0514,230,-0.1209,6,392,2,1,0,4396,0
311,0.0633,26,-0.0063,9,1252,2,1,0,885,1
2162,0.0369,58,-0.558,18,206,3,0,0,921,0
6991,0.0296,296,0.2928,20,509,1,0,0,4177,0
89,0.0545,7,-0.0427,11,1622,2,0,0,34,0
4808,0.0395,276,0.5753,9,160,1,0,1,911,0
548,0.0623,45,0.2804,18,403,4,1,1,499,0
5049,0.0397,173,-0.281,16,215,1,1,0,4845,0
457,0.0469,12,0.8314,9,306,0,1,0,961,1
70,0.0568,4,0.3292,10,2176,0,1,0,172,1
96,0.0729,7,-0.3685,21,2710,2,1,0,115,0
1971,0.0498,132,0.5838,18,860,1,0,1,243,0
2885,0.0463,199,0.7458,20,1132,2,1,0,3961,0
355,0.0554,19,0.2911,9,1101,2,0,0,283,0
5707,0.0583,281,-0.1507,8,339,1,1,1,918,0
90,0.0545,3,0.7249,8,843,3,0,0,60,0
1605,0.0636,51,-0.0968,8,182,0,1,0,1491,0
204,0.0608,12,0.2762,10,255,1,0,0,144,0
559,0.0531,31,0.0266,12,609,1,1,1,134,0
1969,0.0747,194,0.0769,18,230,4,0,0,1299,0
384,0.0456,17,0.4665,20,186,3,0,0,280,0
904,0.0492,63,0.7058,20,326,0,0,0,515,0
11062,0.0304,379,0.7604,19,2092,3,1,0,33727,1
640,0.0637,54,0.3461,10,3156,2,0,1,116,0
8137,0.0609,321,0.1883,19,643,1,0,0,11301,0
236,0.0748,23,0.5218,11,1190,0,0,0,627,1
4692,0.0584,322,0.1323,7,378,5,1,0,2524,0
24217,0.0376,611,0.2176,10,84,2,0,0,17891,0
50,0.0606,2,-0.1363,7,272,2,1,0,34,0
430,0.039,23,0.4534,15,488,1,1,0,430,0
5108,0.0662,179,0.5985,20,765,3,0,1,2434,0
1254,0.0562,67,0.4167,10,601,2,0,0,1965,0
3526,0.0424,121,-0.014,15,501,1,1,0,7042,1
609,0.0676,47,-0.1609,21,374,2,1,0,742,0
2112,0.0396,112,0.4861,16,938,2,0,0,661,0
1366,0.0552,64,-0.2212,10,170,2,0,0,1619,0
14794,0.0399,546,0.4835,17,1483,0,0,0,11140,0
2858,0.0546,231,-0.4101,11,370,3,0,0,2327,0
3319,0.0469,199,0.3212,18,5000,3,1,0,6666,1
861,0.0385,46,0.2105,9,485,2,1,0,501,0
751,0.0543,38,-0.0782,10,411,2,1,0,921,0
829,0.0636,38,-0.2529,21,378,5,1,1,348,0
3677,0.0469,157,-0.1593,22,415,1,1,0,2083,0
847,0.0608,62,-0.1222,11,1220,1,1,0,1071,0
3046,0.0375,69,-0.3115,20,637,5,1,1,617,0
75789,0.0348,2031,0.4132,16,1784,1,0,0,55050,0
8673,0.0375,177,-0.4548,10,1058,1,1,0,25772,1
1005,0.0598,56,0.5713,11,686,4,1,0,1556,0
15712,0.0417,869,-0.1368,18,965,0,1,0,11790,0
867,0.0598,27,0.3792,17,2200,2,1,0,1044,0
50,0.0751,4,0.4606,8,1282,2,0,0,28,0
294,0.0642,27,0.5525,17,880,4,1,1,84,0
62,0.0662,3,0.429,11,1015,1,1,0,50,0
960,0.0425,48,-0.1159,19,210,4,0,0,1633,0
1868,0.0498,137,-0.0647,19,5000,0,1,0,2467,0
36959,0.0326,1761,0.3606,10,1127,0,0,1,13286,0
3256,0.0442,105,0.4643,10,1246,2,1,0,5803,0
1218,0.0478,34,0.1559,17,646,3,1,0,1116,0
8045,0.0342,178,-0.3181,20,66,4,1,0,15032,1
50,0.0447,2,0.3892,19,510,4,1,0,55,0
2763,0.0416,140,0.2276,9,717,2,1,0,5209,1
7241,0.0464,394,-0.2229,8,292,2,1,0,5483,0
126,0.0471,4,0.3541,8,289,1,1,1,92,0
14168,0.0419,397,0.1359,9,473,1,0,1,3797,0
3325,0.0666,239,0.1411,11,1438,2,1,0,3181,0
856,0.0632,53,0.4798,9,2334,6,1,0,715,0
5647,0.0619,429,0.5368,12,789,2,0,0,6969,0
107715,0.0376,3808,0.4913,8,377,3,1,0,130916,0
2508,0.0604,126,0.5011,16,462,1,1,0,1600,0
2826,0.041,91,0.8904,10,734,3,0,0,6092,1
790,0.0469,26,0.5774,11,827,1,1,0,1052,0
391,0.0287,8,0.4962,10,1027,1,0,0,207,0
8059,0.0559,267,0.0892,16,428,2,1,0,4602,0
387,0.0716,23,0.5094,18,1129,3,1,0,1131,1
2056,0.044,48,0.5082,8,1043,1,1,0,2914,0
765,0.0509,26,-0.2643,8,448,4,0,0,183,0
4281,0.039,208,0.4731,10,119,4,1,0,1807,0
3296,0.0514,139,-0.3134,19,274,3,1,0,4966,0
11702,0.0538,735,-0.3157,17,3189,2,0,0,4741,0
721,0.0362,31,0.001,11,122,0,1,0,548,0
1112,0.056,67,-0.0421,18,2483,2,0,0,1129,0
310,0.0543,24,0.1299,10,118,3,0,1,222,0
812,0.0543,23,0.0123,9,307,3,1,1,317,0
3565,0.0519,229,0.1884,9,457,0,1,0,7067,1
7062,0.0427,439,0.3825,8,3953,1,0,0,5992,0
343,0.0556,25,0.6656,8,682,2,0,0,538,0
8649,0.0416,240,0.4252,11,536,1,1,1,3407,0
20746,0.0499,856,0.2415,9,261,0,1,0,30962,0
3805,0.0512,131,0.6154,19,1120,2,1,0,6002,0
53009,0.0387,2258,-0.0156,12,398,3,0,0,11264,0
449,0.0429,23,0.4509,11,529,7,1,1,128,0
192,0.0552,8,0.1403,8,464,2,1,1,69,0
73,0.0718,5,0.57,10,1366,2,1,0,189,1
26712,0.0396,1259,0.4817,9,1424,1,1,0,58548,1
5871,0.0519,280,-0.0495,8,273,2,0,0,6426,0
1635,0.0681,150,0.6608,17,355,2,0,0,2353,0
2992,0.0584,222,0.4936,9,321,3,1,0,8778,1
238,0.059,7,0.2144,10,798,1,1,0,559,1
147613,0.0273,4514,0.8905,17,1646,2,0,1,21373,0
2281,0.0235,39,0.674,10,809,1,0,1,612,0
2201,0.0475,110,0.3614,10,74,3,0,0,2004,0
6676,0.0415,403,-0.5043,10,1421,1,1,1,3339,0
4297,0.0504,298,0.1308,21,172,1,1,0,11605,1
2705,0.0468,114,0.4823,11,325,2,1,0,6719,1
435,0.0525,18,0.0683,21,811,4,0,0,353,0
4224,0.0288,89,0.0448,7,611,2,1,1,895,0
53511,0.027,1494,0.384,20,1591,4,0,0,12660,0
20368,0.0451,563,0.0919,18,361,4,1,0,23420,0
31816,0.0557,1859,0.4135,11,252,3,1,1,18143,0
720,0.0527,19,-0.5282,10,487,3,1,0,764,0
304,0.0604,15,0.6209,10,1766,1,1,0,1086,1
1441,0.0604,62,0.4766,20,1248,0,0,0,1885,0
1998,0.0415,121,-0.3412,18,725,1,1,1,202,0
12958,0.0458,728,-0.0654,16,2504,4,1,0,22852,0
85,0.0548,3,0.1414,8,2089,1,1,0,30,0
28372,0.0476,801,0.5768,21,1463,2,1,0,25253,0
1360,0.0527,72,0.209,10,204,1,1,1,418,0
838,0.0561,33,0.4732,22,1455,4,1,0,402,0
292,0.0495,14,0.4519,20,543,3,1,1,291,0
91,0.069,8,0.3722,9,448,4,1,0,107,0
7956,0.0649,576,0.0495,17,336,6,0,1,732,0
2063,0.0394,92,-0.061,19,560,1,1,0,3436,0
177,0.0559,10,0.4058,16,355,2,0,0,85,0
175,0.0616,15,0.691,19,788,3,0,0,177,0
987,0.0603,85,0.3526,9,559,0,0,0,1963,1
36469,0.0324,1196,0.1344,10,829,3,1,0,34939,0
1133,0.0235,21,0.5012,10,1156,2,1,0,1150,0
120,0.0744,8,0.422,8,495,4,1,0,101,0
1161,0.0594,47,0.4698,11,318,4,1,0,2203,1
1106,0.0345,43,0.247,10,89,2,1,0,2348,1
50,0.0582,2,0.2829,7,1437,2,1,1,28,0
1639,0.0661,65,0.273,8,719,1,0,0,335,0
1193,0.0661,55,0.4336,21,557,0,1,1,279,0
6330,0.0544,337,-0.0322,12,2147,0,0,0,1433,0
50418,0.0349,2443,0.4487,16,183,0,1,0,37852,0
13736,0.0427,625,0.1861,15,703,0,0,0,11138,0
1114,0.0506,66,0.1915,9,253,1,0,0,259,0
246,0.0692,14,0.8607,14,1281,2,1,1,53,0
185729,0.0227,4519,-0.2935,16,71,3,0,0,50448,0
2011,0.0415,79,0.3937,19,1486,0,1,0,5646,1
1853,0.06,128,-0.3437,20,1426,2,0,0,1245,0
1731,0.0497,47,0.2403,8,264,3,1,1,1346,0
2582,0.0624,159,0.478,10,710,3,0,1,935,0
1394,0.0443,49,-0.1849,8,270,4,1,0,832,0
643,0.0536,28,-0.2508,20,1020,3,1,0,660,0
675,0.0447,44,0.4385,9,1510,2,1,0,1071,0
1704,0.0503,58,-0.1293,18,243,2,1,0,942,0
679,0.0391,21,-0.1347,19,181,2,1,0,483,0
501,0.0502,25,0.0965,18,1991,4,0,0,137,0
2189,0.0349,104,0.8284,18,4633,0,0,0,3180,0
1142,0.0588,61,0.2941,9,1090,2,1,0,1651,0
27097,0.0463,1561,0.2232,18,1174,2,1,0,28372,0
50,0.047,3,0.0503,17,477,2,1,0,33,0
12896,0.0555,579,-0.0487,9,796,2,1,0,31906,1
17033,0.066,1003,0.031,7,944,1,1,0,31879,1
50,0.0647,2,0.5907,9,554,2,0,0,61,0
975,0.0461,59,-0.0602,8,2565,1,0,0,442,0
926,0.0809,40,-0.0241,23,793,0,1,0,492,0
143,0.0469,5,-0.0517,18,902,2,0,0,124,0
445,0.0558,29,-0.2819,17,565,0,0,0,138,0
244,0.0598,15,0.6911,19,626,3,0,1,58,0
42365,0.0508,2016,0.497,23,2250,2,0,0,3819,0
9742,0.0469,474,0.1355,16,769,3,1,0,6425,0
17832,0.0359,446,0.6414,20,787,1,1,0,31601,0
6627,0.0353,217,-0.0506,8,798,3,1,0,4522,0
236,0.0547,12,0.1336,21,461,2,1,0,934,1
703,0.0437,43,0.5456,17,162,1,0,1,347,0
4362,0.047,155,0.2273,11,3205,2,0,1,862,0
200,0.0531,14,0.4533,16,1935,3,1,0,179,0
6525,0.0299,223,0.5644,10,2319,0,1,0,35051,1
1173,0.0643,39,-0.2022,15,227,1,1,0,655,0
920,0.0477,53,0.6478,9,2821,3,0,0,650,0
6501,0.0322,112,0.2231,8,4754,4,1,1,683,0
4022,0.0451,271,-0.0358,21,1890,1,1,1,842,0
944,0.0533,69,0.3207,11,3455,1,1,0,2396,1
14571,0.0242,281,0.2747,8,1477,3,0,0,6964,0
258,0.0611,11,0.2456,9,285,4,1,0,199,0
5479,0.0351,169,0.4351,9,1105,3,0,0,10696,1
5258,0.0628,282,0.1679,9,239,2,1,0,13017,1
1035,0.0575,51,0.0902,18,365,2,0,1,192,0
3252,0.0437,116,-0.0298,8,912,2,1,1,513,0
190,0.0515,10,0.6364,19,797,3,0,0,541,1
9539,0.0423,268,0.0744,8,1056,3,0,0,9280,0
1296,0.0575,100,-0.5304,11,110,1,1,1,755,0
705,0.0535,49,0.1878,10,570,0,1,1,438,0
11946,0.0403,469,-0.0755,7,1151,2,1,1,2800,0
508,0.0557,38,0.6641,8,1405,5,1,0,156,0
143,0.0541,5,0.5376,9,1500,2,0,0,195,0
109,0.0578,3,0.1483,8,855,0,0,1,11,0
5382,0.0248,149,-0.0678,22,455,1,0,0,825,0
180,0.0689,11,0.7594,11,1098,2,1,0,298,0
42558,0.0404,1832,0.015,10,492,1,1,1,18103,0
50,0.0565,3,0.6316,18,1637,1,0,0,38,0
38315,0.0568,3197,0.6115,9,1019,1,0,1,26802,0
2643,0.0493,147,-0.1097,9,625,3,1,0,5923,1
1519,0.0403,77,0.4183,21,308,2,1,0,2257,0
677,0.0625,24,0.3234,9,2037,2,1,1,797,0
3708,0.0511,125,0.3502,16,1163,0,1,0,5733,0
1689,0.0542,112,0.3629,7,5000,2,1,0,1938,0
13173,0.0378,463,0.5637,9,1125,5,1,0,17922,0
2220,0.0537,112,0.5144,8,1224,1,1,0,2693,0
2369,0.0463,88,-0.0552,10,153,2,1,0,2922,0
939,0.0582,60,0.0963,8,907,5,1,1,424,0
1631,0.0314,35,0.7453,18,484,7,0,0,1027,0
3146,0.0434,154,0.8214,17,1519,0,1,0,5832,1
83,0.0795,4,-0.1641,10,929,0,0,0,46,0
159,0.052,4,0.3357,16,1781,5,1,1,21,0
6890,0.0386,220,0.6792,10,5000,1,1,0,8039,0
2459,0.0443,79,-0.2939,21,299,3,0,1,792,0
1298,0.0392,70,-0.0572,21,1714,1,0,0,821,0
1869,0.0278,28,0.1188,9,1317,3,0,0,903,0
3380,0.0452,103,0.2676,19,4814,4,0,0,6138,1
684,0.0552,39,0.3705,9,1346,3,1,1,174,0
445,0.0551,24,0.3305,21,1213,3,0,0,690,0
2572,0.0471,66,0.7347,9,1558,3,1,1,421,0
310,0.0575,9,-0.0647,9,1671,2,0,0,266,0
3770,0.0573,321,0.6961,11,2847,1,1,1,1258,0
84,0.0603,5,0.6264,7,293,6,0,0,112,0
11527,0.0368,367,0.3837,9,449,4,0,0,9679,0
4233,0.0438,179,0.5895,21,3771,4,0,0,5104,0
2866,0.0539,118,-0.0739,8,93,3,1,1,1505,0
10602,0.057,510,-0.1722,13,611,1,1,1,1311,0
36237,0.0317,1321,-0.2845,11,772,2,0,0,41142,0
11224,0.0437,678,0.221,11,557,4,1,0,11488,0
65,0.0666,2,-0.5735,9,3232,2,1,1,26,0
180,0.0493,11,-0.2522,10,1070,2,1,1,82,0
587,0.0547,19,-0.2472,18,451,1,1,0,1457,1
1894,0.0352,47,0.7168,11,352,2,0,1,1739,0
4590,0.0286,70,-0.0335,16,881,3,0,0,1938,0
489,0.0589,18,0.6187,10,2134,3,1,0,732,0
2530,0.0448,160,0.0773,20,763,0,0,0,2896,0
464,0.0575,25,0.1446,14,581,2,1,0,407,0
601,0.0542,18,-0.4102,9,331,1,0,0,550,0
143,0.0504,10,0.0578,22,966,2,0,0,127,0
343,0.0562,26,0.2781,13,914,0,0,0,100,0
158,0.0474,9,-0.3485,11,322,3,1,1,73,0
312,0.0709,31,0.0298,13,1856,1,1,0,81,0
12046,0.0289,250,0.2607,17,3663,1,0,0,8016,0
327,0.0549,23,0.0783,8,698,6,1,0,309,0
206547,0.0206,5069,0.7196,18,899,3,1,0,130035,0
4393,0.0522,313,0.1931,18,220,1,1,0,10391,1
2521,0.0454,148,0.3749,18,1390,3,0,0,6440,1
385,0.051,16,0.1609,20,1058,0,0,1,235,0
6377,0.0535,434,0.4714,18,480,3,1,0,12855,1
641,0.0544,26,0.0452,19,316,1,0,0,997,0
2252,0.0543,101,-0.3805,9,4219,2,0,0,3618,0
181344,0.0218,2398,-0.1137,19,975,2,1,0,337973,1
1520,0.0366,79,0.3602,10,265,5,1,0,1308,0
14309,0.0428,484,0.2094,19,1564,2,1,1,10072,0
509,0.0519,26,-0.143,8,836,3,1,1,167,0
1697,0.0565,85,0.1044,10,705,2,1,0,7886,1
43802,0.0365,2330,0.0453,17,1769,2,0,0,38670,0
584,0.0566,27,0.4174,9,48,4,0,0,463,0
47212,0.0207,1250,0.4954,20,109,5,0,0,30608,0
6463,0.0638,558,0.4917,16,2641,1,1,0,1975,0
656,0.0524,32,0.6071,11,584,2,0,0,455,0
5643,0.0524,259,-0.3249,9,434,1,1,0,4420,0
10410,0.0346,449,0.3908,12,174,3,0,0,10509,0
5537,0.0486,380,0.1526,17,807,1,0,0,11331,1
107,0.0482,6,0.457,10,913,1,0,0,62,0
488,0.0598,21,0.168,13,2809,3,1,1,102,0
1158,0.0482,77,-0.3506,9,965,0,1,0,961,0
1581,0.0508,71,0.061,16,491,1,0,0,748,0
5525,0.0525,312,0.0557,9,997,1,1,0,8110,0
2489,0.0364,120,0.0815,10,2017,3,1,0,4352,0
163,0.0528,5,0.249,18,1621,2,1,0,322,1
3584,0.0518,238,-0.1246,12,1238,1,0,0,1503,0
5426,0.0666,396,0.2883,10,875,1,1,1,3110,0
4952,0.0446,307,0.4899,10,371,2,1,0,15429,1
12649,0.0481,409,0.4155,20,236,0,1,0,39604,1
8111,0.0429,320,-0.5095,19,202,4,1,0,12924,0
4132,0.0661,364,0.2603,11,986,3,1,0,5824,0
1593,0.033,27,-0.0275,10,1094,1,0,0,1080,0
90,0.0629,3,-0.0635,18,1986,1,0,0,79,0
3917,0.0307,178,0.5771,8,1166,1,0,0,1538,0
2627,0.0234,48,0.4163,8,1902,1,1,0,2083,0
2947,0.051,221,0.0008,19,583,3,1,0,5242,0
181,0.0606,7,0.0826,18,1437,2,1,0,327,0
258,0.0549,12,-0.034,9,244,2,1,0,350,0
12036,0.0414,623,-0.407,9,626,1,1,0,16661,0
1683,0.0813,158,0.4588,11,106,1,1,0,2773,0
6165,0.0425,283,0.6351,23,686,2,0,1,1426,0
1902,0.0549,107,0.725,11,2263,1,1,0,6465,1
1907,0.0433,110,0.8386,19,713,1,1,1,1732,0
9787,0.0462,332,0.5137,22,1368,1,0,1,1093,0
714,0.0513,34,-0.0226,11,874,4,1,1,450,0
2149,0.0452,63,0.2711,20,375,1,1,0,2489,0
786,0.0715,61,0.2825,15,551,1,0,0,1523,1
827,0.0649,40,0.5561,21,2163,3,1,0,1620,1
1036,0.0536,46,0.2029,10,1361,2,1,0,1459,0
2696,0.0254,66,0.2126,17,358,3,1,0,732,0
763,0.0498,20,0.3982,19,166,2,1,0,634,0
17332,0.068,697,-0.074,14,817,3,1,1,5176,0
361,0.0541,23,0.4771,9,371,3,1,0,965,1
1291,0.0624,74,0.373,10,556,2,0,1,556,0
819,0.0676,75,-0.5303,9,155,4,1,0,1067,0
24454,0.0418,1220,0.4864,11,1883,3,1,0,40333,0
2575,0.0402,52,0.7721,20,603,3,0,0,1645,0
11583,0.0182,235,-0.1528,12,702,2,1,0,14445,0
124,0.0675,4,0.523,16,289,2,1,0,166,0
2923,0.0399,149,0.7674,16,504,1,1,1,876,0
8967,0.0454,606,0.3554,10,751,4,1,0,9812,0
2096,0.0369,79,0.3646,20,360,2,1,0,4556,1
12306,0.0397,577,-0.207,10,536,1,1,0,4391,0
712,0.0541,28,0.4101,16,2660,2,1,1,223,0
22852,0.0425,911,0.3768,19,115,3,0,0,55211,1
113325,0.0223,3427,0.4843,15,799,0,1,1,17221,0
940,0.0646,40,0.6016,11,303,2,0,0,2561,1
810,0.0472,29,0.513,11,2531,4,1,0,493,0
24737,0.0228,533,0.38,10,555,2,1,0,33152,0
31046,0.0375,1412,0.005,13,233,0,1,0,24916,0
705,0.0541,33,0.1788,19,536,3,0,0,711,0
848,0.0546,66,0.6466,7,943,4,0,0,330,0
1088,0.0656,42,0.3417,19,5000,0,1,0,2385,1
160,0.0573,7,0.6888,9,80,1,0,0,179,0
345,0.0554,23,0.6144,19,200,2,0,0,171,0
296,0.0462,9,0.1238,9,2453,3,0,0,294,0
453,0.0637,33,0.2567,19,147,1,0,0,901,1
1698,0.0521,58,-0.0527,15,671,2,1,0,763,0
2756,0.0441,67,0.6271,19,410,1,0,0,3472,0
29463,0.0198,362,0.3602,20,350,5,0,0,6546,0
299,0.0716,30,0.3088,9,559,2,1,0,1062,1
10633,0.0306,342,0.377,8,476,5,0,0,3063,0
1230,0.0456,72,0.8297,18,1914,2,1,1,1274,0
1654,0.0539,74,0.803,10,2510,0,1,0,4840,1
6091,0.0332,220,0.2715,17,1018,2,1,0,6258,0
239,0.0431,10,0.6809,9,525,2,1,1,45,0
3598,0.026,135,0.6061,10,861,1,0,0,4318,0
2439,0.056,170,0.4904,21,1487,4,1,0,1120,0
4387,0.041,221,0.8862,8,1811,0,1,0,3016,0
3042,0.0772,128,-0.0464,8,962,0,0,0,3335,0
150172,0.0224,3527,0.0321,10,3064,2,0,0,75936,0
573,0.0454,25,0.6309,18,359,1,1,0,995,0
695,0.0482,47,0.0973,11,2079,2,1,1,260,0
588,0.0569,25,0.4255,19,1345,1,1,0,1125,1
665,0.0493,25,-0.046,8,361,1,1,0,327,0
574,0.0607,31,0.1195,19,839,1,0,1,583,0
15370,0.0317,361,0.4991,16,899,2,0,0,15582,0
23316,0.026,380,0.4663,16,577,1,1,0,21519,0
647,0.0361,31,0.1251,10,570,1,1,0,635,0
404,0.0337,14,0.4409,19,144,4,0,1,91,0
4224,0.0414,238,0.173,11,333,1,1,0,7799,1
669,0.051,45,0.4744,19,524,1,1,1,264,0
5649,0.0391,172,0.3371,12,375,0,0,1,432,0
2605,0.061,166,0.3717,10,282,3,1,0,7151,1
118,0.0732,5,0.2615,9,1921,1,1,0,198,0
29304,0.0355,1472,-0.2032,10,599,3,1,0,113832,1
45824,0.0191,792,0.2118,8,5000,4,0,0,25705,0
600,0.0487,26,0.4639,9,831,4,1,0,436,0
899,0.0468,33,0.1941,20,1882,5,1,1,530,0
3024,0.0414,120,0.7295,11,540,3,1,1,1454,0
3301,0.0406,100,0.4985,7,343,1,1,0,6960,1
5915,0.0387,200,0.2978,11,865,1,1,0,21411,1
67397,0.0317,2773,0.4735,19,2429,0,0,0,72410,0
1314,0.0449,78,-0.3251,10,608,4,1,0,2259,0
429,0.0578,19,0.543,20,1039,2,0,0,510,0
150,0.0635,9,0.442,6,860,2,1,0,104,0
485,0.0461,30,0.0201,11,603,3,1,0,935,1
1703,0.0629,59,0.0326,19,634,0,1,0,3600,1
45716,0.0273,1732,-0.2044,17,245,2,1,0,49554,0
712,0.0375,19,-0.0611,17,657,1,0,0,215,0
2704,0.0522,166,0.9427,10,1278,1,1,0,5411,1
1755,0.0419,79,0.5415,8,894,4,0,0,554,0
15353,0.0447,721,0.3457,15,799,1,0,0,8746,0
170839,0.0078,1804,0.3788,9,1373,2,1,0,90191,0
695,0.0677,28,0.7578,18,808,3,1,0,1016,0
749,0.0602,38,0.5862,18,674,0,1,0,1370,1
11842,0.0275,337,-0.2164,19,1387,2,1,0,16817,0
6169,0.0303,245,-0.0003,9,762,2,0,0,1406,0
50215,0.0534,1922,0.4129,11,525,2,0,0,55381,0
5172,0.0384,258,0.2911,16,1062,1,0,0,3504,0
946,0.0442,37,0.328,22,642,5,1,1,402,0
5235,0.0231,83,-0.2846,10,501,1,1,0,4282,0
13301,0.0385,644,0.177,7,776,3,0,0,8971,0
7917,0.0418,195,0.4596,18,786,4,0,1,1422,0
4505,0.0535,244,-0.0663,10,220,2,0,1,1187,0
12332,0.0283,196,-0.3112,10,928,3,1,0,16819,0
14834,0.0264,335,0.541,20,4215,2,1,0,28374,1
21761,0.0446,1067,-0.3223,17,249,1,0,0,6804,0
5811,0.0554,339,0.48,8,402,4,1,0,1901,0
1338,0.0355,42,0.3341,10,5000,0,1,0,2786,1
2354,0.0598,130,0.2571,8,292,3,1,0,1086,0
15862,0.0417,480,0.5438,17,2407,2,1,0,31855,1
415,0.0668,26,0.2022,9,529,2,1,1,180,0
3510,0.0466,237,0.5444,18,706,1,1,1,1616,0
890,0.0276,33,0.2424,17,583,0,0,0,252,0
1904,0.0483,59,0.2819,11,1018,2,1,0,4551,1
18055,0.0514,491,0.0555,8,137,5,0,0,6243,0
2550,0.0397,145,0.3419,18,801,3,1,0,5512,1
1965,0.0458,92,0.5886,20,444,1,0,1,871,0
156,0.058,9,0.3334,10,103,2,0,0,209,0
6927,0.0156,138,-0.204,17,2040,2,1,0,4213,0
5778,0.0621,292,0.4868,11,80,1,0,1,3827,0
88774,0.0254,2215,0.6409,9,5000,4,1,0,134244,0
1038,0.0573,87,0.5109,11,1232,1,1,1,403,0
2682,0.0476,149,-0.0261,15,170,2,1,1,1309,0
2832,0.0608,112,0.0967,15,2535,1,0,0,782,0
30927,0.0427,836,0.5543,14,314,1,0,0,12666,0
1523,0.0483,51,0.1404,16,328,2,1,0,907,0
2987,0.0391,147,0.2946,10,109,3,1,0,2233,0
5400,0.0536,230,-0.175,21,280,1,0,0,6781,0
2529,0.0299,39,0.1428,20,315,3,1,1,812,0
809,0.0597,69,0.6112,17,1507,1,1,0,731,0
2564,0.0376,64,-0.3092,16,2137,4,1,0,3109,0
12488,0.0548,348,-0.226,9,192,1,1,0,20857,0
284,0.059,12,0.106,18,871,1,1,1,113,0
2296,0.0555,93,-0.166,21,105,4,0,0,2959,0
512,0.0559,26,-0.0856,9,875,1,0,0,798,0
15538,0.0239,526,0.2804,22,5000,0,1,1,4471,0
116,0.0523,8,-0.21,9,112,0,0,1,35,0
661,0.0607,38,0.0877,10,241,1,1,0,1586,1
3565,0.0489,158,0.431,8,1376,0,1,0,5408,0
30270,0.0505,1613,-0.1194,17,1548,4,0,0,12793,0
1606,0.0545,65,0.4647,19,259,0,0,0,1986,0
665,0.0443,16,0.5763,8,2903,1,1,0,869,0
53427,0.0285,2191,0.1756,8,294,2,0,0,10734,0
133,0.0614,5,0.4254,22,3545,5,0,1,34,0
50,0.0411,1,-0.1858,17,1062,1,1,0,37,0
3991,0.0636,246,-0.2286,10,2371,1,0,0,5382,0
732,0.058,42,0.6763,8,963,2,0,0,312,0
287,0.0696,10,-0.2736,9,1283,3,1,0,271,0
6470,0.0291,121,0.0772,10,1353,4,1,0,19098,1
2804,0.0607,149,0.0474,7,2089,0,0,0,3205,0
655,0.0764,59,0.4632,17,643,0,0,1,101,0
180,0.046,6,0.3706,10,270,2,1,0,260,0
8694,0.0514,412,0.6264,9,614,3,1,0,17817,1
5827,0.0453,279,0.656,19,341,0,0,1,1136,0
1512,0.0353,74,0.1721,22,364,1,1,1,256,0
50208,0.0416,1726,0.0963,20,3479,5,0,1,16954,0
263,0.066,11,-0.0232,20,1239,3,0,1,88,0
116,0.0549,6,-0.0258,20,1184,0,0,1,10,0
520,0.0666,43,0.6201,19,1944,3,1,1,752,0
1665,0.0337,34,0.3877,9,1233,1,0,0,1053,0
2801,0.0333,86,0.7264,23,4303,5,0,1,477,0
1171,0.0531,32,-0.1135,18,81,3,1,0,2151,1
3407,0.0477,86,-0.3253,22,245,1,1,0,1637,0
190,0.0518,9,-0.1217,8,330,1,1,0,187,0
24313,0.0477,925,0.1417,16,168,2,1,0,12723,0
1559,0.0559,117,0.2902,18,744,1,1,0,2331,0
13509,0.0505,752,0.5337,7,780,0,1,1,3612,0
3350,0.0463,147,0.8556,13,4795,1,0,0,2038,0
4114,0.0527,196,0.1076,19,1642,2,1,0,4195,0
5042,0.0414,208,-0.1154,20,400,1,0,0,7047,0
4047,0.0673,147,0.1027,20,1090,0,0,0,2055,0
5749,0.0372,298,0.6814,19,107,2,0,1,1589,0
19780,0.0615,1822,0.3848,21,766,1,0,0,21871,0
2575,0.0489,85,0.1083,17,726,1,0,0,1565,0
6478,0.0311,125,-0.0803,20,269,3,0,0,4697,0
1538,0.0643,63,0.3198,17,543,1,0,0,228,0
24154,0.0409,1146,0.4354,10,332,2,1,0,46057,1
535,0.0634,39,0.286,18,261,1,1,0,2085,1
46244,0.0493,3071,0.2098,11,1305,1,1,0,33766,0
1681,0.0537,112,0.2949,9,1870,4,1,1,909,0
137,0.0544,7,-0.2602,8,1107,1,1,1,18,0
2276,0.0588,149,0.2055,7,429,0,0,0,2097,0
530,0.0549,34,-0.1785,10,342,3,0,1,177,0
8210,0.0508,422,-0.0373,18,442,2,1,0,14465,0
558,0.0332,18,0.1213,7,533,1,1,0,351,0
809,0.0577,53,0.5896,10,278,3,0,0,526,0
60,0.0572,3,0.7682,20,1908,1,1,1,16,0
800,0.0698,63,0.082,10,543,1,0,0,1132,0
50,0.0705,3,0.185,11,1429,0,1,0,92,1
104,0.0638,8,0.6716,10,164,3,1,0,136,0
7106,0.0494,401,0.5917,18,334,2,1,0,14675,1
7438,0.0344,260,0.2831,14,1570,3,1,1,3998,0
3888,0.0632,290,0.6889,21,1593,1,0,1,1650,0
317,0.0769,23,-0.3336,7,199,3,1,0,395,0
1659,0.0543,66,0.0975,11,900,1,1,0,5417,1
1796,0.0659,59,-0.1885,11,924,2,0,1,688,0
224,0.0526,12,0.5182,9,327,4,1,0,197,0
27068,0.0312,921,0.6391,20,950,0,1,1,11072,0
8771,0.0441,569,0.6418,8,136,2,0,0,3178,0
1214,0.0559,58,-0.0002,8,263,4,0,0,1320,0
1897,0.0459,77,0.6073,10,1210,2,0,0,1381,0
2630,0.0539,99,0.0043,15,685,3,0,0,3943,0
50,0.0673,1,0.1984,7,721,1,0,1,10,0
1158,0.0418,61,0.42,17,558,3,1,0,1527,0
529,0.0601,23,0.3306,11,1137,2,1,0,1462,1
297,0.0658,21,-0.1954,20,1194,2,1,0,583,1
1090,0.0537,69,0.036,8,1467,2,0,0,540,0
45974,0.0486,2169,-0.0925,21,754,2,1,0,118720,1
5730,0.0332,261,0.0772,9,451,3,0,0,14924,1
646,0.0588,35,0.3535,22,381,3,0,0,465,0
5067,0.0342,135,-0.362,12,231,1,1,0,5062,0
22445,0.0288,901,-0.01,17,444,1,1,0,10703,0
9550,0.037,481,0.1719,19,362,1,0,0,13265,0
2012,0.0401,53,0.0068,21,3299,1,0,0,1879,0
564,0.0492,14,0.1824,23,233,2,0,0,427,0
6353,0.0428,160,0.6009,16,1876,1,0,0,3372,0
3671,0.0555,160,0.2842,11,508,2,1,0,12052,1
9057,0.0403,537,0.2427,8,541,1,0,0,3088,0
5672,0.0296,177,0.5746,21,993,3,0,1,1623,0
11958,0.0538,562,-0.2747,17,161,3,0,1,1554,0
689,0.0455,43,0.3588,18,298,1,1,0,575,0
19366,0.0399,736,0.1235,18,192,3,0,0,24413,0
2580,0.053,111,0.0665,18,454,2,0,1,631,0
75770,0.0371,4046,0.4766,20,267,3,1,0,71027,0
522,0.0659,46,0.553,12,2482,1,0,1,101,0
41139,0.0423,2337,0.0724,11,371,2,1,0,17851,0
2581,0.04,104,0.4202,8,61,3,1,0,4868,1
559,0.0765,55,-0.3147,18,476,1,1,1,355,0
756,0.0554,28,0.0253,22,1491,4,0,0,231,0
1015,0.0508,55,0.4819,8,3395,0,1,0,585,0
3879,0.0566,325,0.2169,15,528,2,0,0,2506,0
4633,0.0487,178,0.3054,10,396,4,0,0,2825,0
643,0.0581,48,0.3342,20,655,4,1,0,1008,0
1730,0.0751,128,0.2188,12,1007,1,1,0,1408,0
85484,0.0318,1468,0.7219,16,215,3,1,0,75640,0
40521,0.0344,1759,0.1252,10,520,2,0,0,10647,0
3965,0.048,127,0.5574,17,632,2,1,1,1408,0
1936,0.0604,132,0.2947,18,696,2,1,0,4890,1
2244,0.0341,44,0.0291,10,575,1,1,1,1278,0
5455,0.0259,204,0.2011,20,260,0,1,1,2529,0
286,0.0515,11,-0.1061,10,933,1,0,0,183,0
1137,0.0355,29,0.5017,8,636,1,1,0,571,0
89,0.0578,3,0.6199,9,634,3,1,0,437,1
3709,0.0521,279,0.6075,21,225,1,1,0,7313,1
5796,0.0364,255,0.6339,8,1261,1,1,0,955,0
757,0.0392,36,0.0017,11,257,4,0,0,536,0
30735,0.0394,1209,0.2957,9,3349,2,0,0,15453,0
199,0.0674,13,-0.1416,20,204,3,0,0,96,0
129,0.0436,3,0.7695,17,1425,2,1,0,52,0
2708,0.0566,162,0.0636,17,98,2,1,0,6666,1
11905,0.0506,450,0.6214,18,69,1,0,0,9604,0
37461,0.0474,2623,-0.3653,15,381,2,1,0,23145,0
791,0.0655,67,0.1698,10,69,4,1,1,468,0
12602,0.0643,739,-0.2942,19,1379,2,1,1,5648,0
1686,0.0467,51,0.6779,8,650,2,1,0,1687,0
1325,0.0523,89,0.1523,19,2700,1,0,1,555,0
8871,0.0395,217,0.4565,15,562,0,1,0,7660,0
5849,0.0453,182,0.3181,10,848,1,1,1,1674,0
105,0.0767,5,-0.2042,19,508,1,0,0,229,1
25790,0.0259,706,0.0644,8,277,3,0,0,15876,0
21680,0.0315,877,0.3119,19,442,2,1,0,29043,0
586,0.0683,32,-0.4409,10,199,0,1,0,2225,1
3686,0.0574,123,0.366,20,979,1,1,0,7372,1
4399,0.0428,181,-0.4022,8,488,0,1,0,1512,0
2890,0.0567,204,0.4886,8,601,1,1,1,913,0
671,0.0574,27,0.3812,9,5000,3,1,1,350,0
539,0.0698,27,0.6216,20,444,2,1,1,247,0
1726,0.0509,127,-0.3939,9,910,0,0,1,720,0
14926,0.0518,1124,0.7668,19,630,3,1,1,9773,0
4810,0.0725,519,-0.4342,16,2116,0,0,0,1162,0
927,0.0586,71,0.4265,16,844,3,1,0,2285,1
7252,0.0449,224,-0.4145,8,507,1,0,0,3317,0
50,0.0715,2,0.0553,19,5000,4,0,0,22,0
14296,0.0381,457,-0.349,19,281,3,0,0,5897,0
78,0.0864,5,-0.1008,19,547,1,1,0,236,1
941,0.0544,74,0.3643,9,1663,2,1,0,2769,1
240,0.0553,17,0.4353,11,293,2,0,0,297,0
175,0.051,10,0.0746,9,1430,1,1,0,238,0
14610,0.0526,527,0.6142,17,411,1,0,0,5873,0
779,0.062,68,-0.1806,10,1813,0,0,0,1052,0
3373,0.0425,190,-0.1518,20,1766,3,0,0,3610,0
1661,0.0561,61,-0.2681,9,607,1,0,0,1444,0
4267,0.0315,184,0.2614,9,244,2,0,0,1363,0
2076,0.0513,82,-0.3758,17,449,2,1,0,2637,0
179,0.0638,6,0.2439,19,655,1,1,1,40,0
10864,0.0599,752,0.5428,21,1616,1,1,1,7639,0
743,0.0458,39,0.2107,16,916,0,1,1,194,0
109,0.0484,3,-0.3773,18,1139,4,1,1,58,0
836,0.0441,30,0.4713,18,943,3,0,0,845,0
26940,0.0258,1038,0.4369,9,1550,4,1,1,5815,0
8353,0.0572,563,0.1757,11,544,2,0,0,19727,1
965,0.068,80,0.0372,9,784,4,1,0,1700,0
964,0.0557,38,0.476,19,684,0,0,0,535,0
1013,0.0645,37,0.7756,19,429,4,1,0,3053,1
75973,0.0364,2147,0.2254,9,1829,3,1,0,238454,1
3595,0.0463,124,-0.0623,19,1791,5,0,0,6359,0
3920,0.0436,125,-0.0156,18,2221,1,0,0,3990,0
11550,0.0395,315,0.2721,10,309,2,1,0,14068,0
2778,0.0328,97,0.4588,20,944,2,1,1,1129,0
1134,0.0545,51,-0.2206,16,1983,4,1,0,1176,0
1269,0.051,85,0.361,12,2989,2,1,1,370,0
1589,0.058,62,0.3483,15,147,3,0,0,1571,0
1690,0.0512,83,0.1413,11,663,1,0,1,437,0
6699,0.0431,148,0.2993,21,550,2,1,0,14815,1
1985,0.0409,79,0.2263,9,3264,3,1,0,1940,0
6759,0.0454,170,-0.0533,21,73,1,1,0,15756,1
1563,0.058,133,-0.1029,16,233,3,0,1,274,0
2082,0.038,102,0.0272,11,2787,3,0,0,1877,0
50,0.0651,3,-0.1799,9,415,0,0,0,64,0
9408,0.0457,252,0.1728,18,181,3,1,0,32888,1
3373,0.0403,148,0.2305,7,3017,2,1,1,525,0
10898,0.0369,506,0.2895,20,158,4,0,0,10651,0
50,0.0666,2,0.1014,8,1848,2,1,0,71,0
77580,0.0236,1958,-0.6453,9,139,1,1,0,45138,0
1406,0.0545,100,0.0334,10,157,4,1,0,4119,1
13289,0.0331,557,-0.5662,19,812,2,1,0,9825,0
278,0.0681,24,0.2013,17,284,4,0,0,238,0
5447,0.069,518,0.3096,18,873,1,1,0,10397,1
271,0.049,19,0.3143,20,4032,0,0,0,177,0
588,0.0598,31,0.0974,17,569,2,1,1,199,0
56684,0.029,1753,0.2281,11,3387,2,1,0,136944,1
1282,0.0618,102,0.5537,9,919,2,0,0,1649,0
2674,0.0358,114,-0.2338,17,1729,2,0,1,173,0
8656,0.0485,628,0.0231,21,63,0,1,0,6936,0
4412,0.0377,85,0.6934,8,1256,1,0,1,432,0
2370,0.0468,94,0.4391,19,1077,2,0,0,1522,0
3487,0.0371,100,0.4028,8,464,1,0,0,1463,0
136782,0.0409,4266,0.3772,11,4427,3,1,0,274507,1
1629,0.042,49,-0.2,9,406,2,1,0,2323,0
2596,0.0541,169,0.4419,20,133,2,0,0,3888,0
11982,0.039,273,0.0243,20,1453,1,0,1,4886,0
13226,0.0409,671,0.372,18,160,3,1,0,36004,1
15316,0.0429,784,0.0728,9,718,1,1,0,15316,0
5708,0.0378,161,0.7697,10,2539,0,0,0,6558,0
231,0.0603,10,-0.2274,9,1094,7,1,1,34,0
34206,0.0535,2067,0.0161,18,519,2,1,0,26933,0
229,0.0505,14,0.562,16,468,2,0,0,84,0
3117,0.0595,255,0.2028,20,2357,0,0,0,1345,0
465,0.0704,44,0.2321,22,196,3,1,0,521,0
1610,0.0423,99,0.488,22,1443,4,0,0,582,0
3267,0.0331,116,0.1992,9,5000,0,1,0,5552,0
3224,0.0507,230,0.0466,9,1145,1,1,1,3667,0
3863,0.0415,209,0.0831,19,524,1,0,0,2816,0
33013,0.0571,2627,-0.1356,10,566,0,1,0,67603,1
4090,0.0471,98,0.5463,9,411,4,1,1,1272,0
1165,0.0437,74,0.5542,23,346,1,1,1,343,0
10253,0.0316,315,0.1514,9,748,1,1,0,14201,0
15383,0.0523,1045,0.0456,11,1312,1,1,0,15304,0
198,0.0531,6,0.6607,17,3330,3,0,0,69,0
5299,0.0461,219,0.3514,9,94,3,1,0,35899,1
6387,0.0545,268,0.6249,11,58,1,1,0,9568,0
1058,0.0473,39,0.0982,9,3395,2,0,0,447,0
21509,0.0396,531,0.3737,11,704,3,1,0,52868,1
1380,0.0509,91,0.5023,10,742,3,0,0,984,0
2266,0.0559,64,0.7598,21,1098,2,1,0,3103,0
1324,0.0572,61,-0.2013,8,551,3,0,0,469,0
1859,0.0477,59,0.881,8,4794,2,1,0,1462,0
251,0.0585,15,0.7373,9,1087,0,0,0,164,0
135,0.0566,5,0.3443,8,425,0,0,0,219,0
31891,0.0237,574,0.4143,21,464,1,1,0,39835,0
393,0.0587,22,0.062,11,576,3,0,0,598,0
303,0.0761,26,0.4581,10,305,2,0,1,82,0
50,0.0554,1,-0.1089,16,3602,2,0,1,10,0
572,0.0469,18,0.2804,19,752,1,0,1,125,0
167,0.0508,6,0.3493,9,206,4,1,0,112,0
34739,0.0454,2325,0.5755,10,997,2,1,1,18588,0
11133,0.0472,471,0.1906,11,2804,3,0,0,17230,0
523,0.0534,30,-0.1442,18,1921,1,1,0,703,0
104233,0.0246,1901,0.7626,18,311,1,0,0,75507,0
10584,0.0439,459,0.4135,17,219,4,1,0,5714,0
1007,0.0367,21,0.2049,9,2771,1,0,0,603,0
50,0.0657,1,0.3652,19,131,2,0,1,10,0
111713,0.0422,4569,0.6644,11,963,0,0,1,48845,0
148,0.0475,6,0.2859,9,376,2,0,0,182,0
93,0.0465,2,0.1428,10,2474,4,1,0,119,0
11391,0.0584,790,0.3803,11,231,2,1,0,17980,0
146028,0.0263,5737,0.3556,17,299,3,1,1,34350,0
21844,0.0514,1005,0.3052,17,1232,3,0,0,8295,0
4989,0.0444,249,0.7255,8,1473,1,0,0,6718,0
5274,0.0441,340,0.5174,9,2590,1,0,1,677,0
8401,0.0482,539,0.1657,10,1067,2,0,0,12501,0
7087,0.0357,243,-0.1049,10,943,4,0,1,1209,0
2999,0.0493,182,0.1299,10,1899,1,0,0,2389,0
2181,0.0454,62,0.5648,9,168,0,1,0,1932,0
1615,0.0372,60,0.1441,17,275,1,1,0,1011,0
465,0.0588,21,0.1116,19,183,3,0,0,1101,1
1090,0.0494,35,0.549,11,45,1,0,0,585,0
85,0.0606,4,0.6524,10,1544,1,0,1,52,0
1514,0.0386,36,-0.4315,16,2778,1,0,0,449,0
305,0.073,26,-0.1942,20,1159,3,1,0,977,1
248,0.0667,15,0.5049,19,972,2,0,0,204,0
2499,0.0583,150,0.0232,8,724,1,0,0,2093,0
22150,0.0369,528,0.2827,21,702,2,1,0,98322,1
9442,0.0261,157,0.0268,11,3623,0,1,1,2076,0
107,0.0808,9,0.544,18,3131,1,1,0,250,1
304,0.0565,25,0.5581,9,370,1,1,0,760,1
9831,0.0357,209,0.2793,9,2015,0,0,0,6745,0
308,0.0612,14,0.3914,12,2274,3,0,1,75,0
1206,0.0633,104,0.1432,9,1274,2,1,0,1891,0
4866,0.0458,127,-0.0469,12,980,3,1,0,3229,0
316,0.0698,30,0.4107,16,946,2,1,0,521,0
2185,0.0601,134,0.005,21,151,5,0,0,3885,0
163,0.0488,7,0.3475,10,138,2,0,1,110,0
612,0.0476,23,0.6259,10,1455,3,1,1,344,0
3215,0.0573,146,-0.0266,16,221,2,1,0,1566,0
102,0.0343,2,0.2377,8,165,3,0,0,60,0
3995,0.0453,250,0.5276,17,83,0,1,0,3879,0
1745,0.0358,76,0.5651,19,413,2,1,0,3862,1
4887,0.0413,235,0.5073,8,967,1,1,0,4661,0
2705,0.0454,159,0.6299,19,1048,3,0,0,1543,0
21066,0.0366,583,0.2085,18,1557,2,1,0,41018,1
2265,0.0436,110,0.383,9,449,5,1,1,921,0
834,0.0421,33,-0.2592,14,740,4,0,0,169,0
2253,0.072,208,0.1859,20,1549,6,1,0,1676,0
4807,0.0648,251,0.4291,17,1057,4,0,1,723,0
1974,0.038,85,-0.0389,18,370,2,1,0,1230,0
1945,0.0655,176,0.7204,10,897,1,0,0,4908,1
511,0.0511,23,0.48,18,91,4,1,1,189,0
548,0.0561,17,0.8911,8,665,2,0,0,448,0
144,0.0595,8,0.2295,9,358,1,1,1,154,0
42160,0.0308,1098,0.6086,11,3036,1,0,0,25001,0
192,0.0688,15,0.5053,20,250,3,0,0,263,0
519,0.0562,42,0.1229,17,747,2,0,0,353,0
496,0.0504,24,0.0532,19,433,2,1,0,1114,1
9053,0.0305,266,0.2933,20,380,1,0,1,3119,0
1063,0.0432,53,-0.0256,11,970,5,0,0,633,0
17084,0.0246,253,0.3472,17,437,2,1,0,11713,0
537,0.055,22,0.4869,9,4238,1,1,0,763,0
2987,0.036,152,0.4468,9,92,3,0,1,1751,0
401,0.0534,25,0.3473,10,1250,1,1,0,725,0
85928,0.0483,2129,0.112,9,611,1,1,0,39345,0
213,0.0705,10,0.3444,17,632,1,1,1,80,0
3157,0.0474,177,-0.0749,12,899,4,0,0,1430,0
5657,0.0446,318,0.4649,10,1803,0,1,0,5689,0
3807,0.0658,335,0.092,17,867,4,1,1,947,0
1295,0.0565,58,0.5529,9,1810,3,1,1,592,0
1431,0.0477,97,0.2999,10,696,2,0,0,3227,1
1956,0.0354,72,0.1021,10,236,2,1,0,4651,1
1387,0.055,91,-0.1097,10,608,1,1,0,707,0
10249,0.0514,577,0.7701,9,2106,2,0,0,13343,0
96658,0.0278,1671,0.6142,8,441,2,1,0,100841,0
662,0.0569,55,0.5455,21,225,2,0,0,959,0
153,0.0562,5,0.5597,21,1235,3,1,0,411,1
1542,0.0488,56,0.2863,16,931,2,1,0,752,0
187864,0.0065,1615,0.1664,9,307,3,0,0,154838,0
425,0.0536,25,0.2873,18,526,1,0,0,933,1
34558,0.0479,2214,0.1614,18,554,3,0,0,57639,0
37043,0.0316,1189,0.4302,15,669,2,0,0,16846,0
667,0.0545,31,0.0741,19,1269,1,0,0,978,0
5035,0.0383,274,0.494,19,443,2,1,1,895,0
33898,0.0419,761,0.0539,17,1337,1,0,0,22364,0
913,0.0506,62,0.0382,9,390,2,1,0,3434,1
1253,0.0421,38,0.199,10,3520,2,0,0,916,0
634,0.0675,57,0.8095,9,3596,4,1,0,1155,1
291,0.0666,12,0.0474,11,282,4,1,0,481,0
561,0.0486,29,0.7419,18,195,0,0,0,575,0
199,0.0638,17,-0.3639,10,1769,1,0,0,240,0
1922,0.0551,103,-0.1647,10,860,1,1,0,1605,0
452,0.062,34,0.7638,17,1154,2,1,0,580,0
2754,0.0314,112,0.4206,9,345,0,0,0,2500,0
109,0.0713,9,0.7516,20,582,3,1,1,118,0
3279,0.0419,195,0.5951,19,471,3,1,0,16511,1
8105,0.0404,310,0.4647,9,901,2,1,0,10917,0
50,0.0907,3,0.0139,17,191,2,1,0,34,0
3545,0.0503,97,0.7271,8,602,4,0,1,868,0
16478,0.0373,458,0.4598,19,189,2,1,0,25739,0
204,0.0367,4,0.0295,10,397,0,0,1,40,0
36703,0.0519,2013,0.0346,18,603,4,1,0,66150,0
3843,0.0335,88,-0.2648,17,1104,1,0,0,1255,0
508,0.045,12,0.6048,8,1200,2,1,1,64,0
1635,0.0471,41,-0.2887,8,1423,2,1,0,2230,0
4939,0.0601,395,0.7325,8,150,2,1,0,9073,1
2073,0.0572,129,0.5293,12,2354,1,1,0,3141,0
4768,0.0445,182,0.5852,20,349,2,1,1,8048,0
344,0.0597,28,0.3696,7,375,0,1,0,147,0
2452,0.0428,59,0.0056,9,870,0,1,0,2995,0
141,0.0616,12,0.2634,12,474,4,0,0,50,0
1479,0.0515,85,-0.1251,11,955,4,1,0,716,0
355,0.0662,16,0.2541,11,1149,1,1,0,1410,1
481,0.065,36,-0.4916,16,310,1,0,0,223,0
16730,0.046,973,-0.1078,17,553,1,0,1,3679,0
12891,0.0385,461,-0.2441,12,570,3,1,1,2187,0
5412,0.053,390,0.5018,22,1734,3,1,0,7501,0
253,0.0569,9,0.5213,20,417,2,1,0,502,1
1022,0.0415,33,0.771,19,399,3,1,0,1447,0
16051,0.0372,354,0.3332,18,239,4,0,0,16437,0
2333,0.0498,82,0.1331,8,267,0,0,1,275,0
117570,0.0424,3682,-0.0195,17,172,3,0,0,33828,0
3670,0.0453,235,0.1677,9,329,0,0,0,2578,0
2554,0.0365,53,0.1382,9,3273,4,1,0,1187,0
1036,0.0528,50,-0.1552,19,1327,2,1,0,2357,1
2299,0.0502,119,0.4695,18,2385,4,0,1,1361,0
1374,0.053,101,0.1394,15,257,1,1,1,277,0
6467,0.0541,523,0.7578,9,94,1,1,0,10953,0
10117,0.0533,675,0.589,7,912,1,1,1,1096,0
439,0.0497,32,-0.2254,20,4245,2,1,0,308,0
164,0.0534,11,0.4228,18,409,1,1,0,174,0
66,0.0528,5,0.5187,18,736,2,1,0,90,0
4511,0.0533,290,0.6241,16,138,2,1,0,5706,0
248,0.0724,10,0.4891,8,684,3,1,0,307,0
50,0.0611,2,0.5011,21,586,2,1,0,320,1
3638,0.0448,186,0.168,10,82,2,1,1,991,0
160716,0.0467,6387,-0.012,17,235,4,1,0,99238,0
1788,0.0551,76,0.6368,15,217,1,1,0,2639,0
8178,0.0483,425,0.2034,23,137,3,0,0,9414,0
2094,0.0375,112,0.7393,10,322,1,0,1,707,0
1513,0.0575,46,0.7412,22,1106,6,0,0,844,0
9455,0.0341,409,0.8979,10,353,3,0,0,7712,0
1072,0.0407,53,0.1732,20,2097,5,0,1,178,0
2925,0.0446,191,0.5638,9,462,5,0,0,3314,0
3226,0.0418,193,0.0717,19,921,4,0,0,2492,0
543,0.0526,36,0.8056,8,1093,3,0,0,446,0
10782,0.0284,312,0.5403,18,3083,2,1,0,9523,0
1319,0.0608,56,0.2088,13,325,3,1,0,545,0
463,0.0667,32,0.3767,17,1035,4,1,0,256,0
4749,0.0267,160,0.5411,10,258,3,0,0,3180,0
358,0.0663,33,-0.578,22,3722,1,1,1,115,0
1902,0.0417,102,-0.4156,9,235,3,0,0,548,0
1778,0.0586,72,0.4487,20,976,1,1,0,2609,0
12766,0.0415,582,0.1371,15,3163,4,1,0,6282,0
4249,0.0469,165,-0.2347,17,201,2,1,0,2399,0
1728,0.0483,42,0.1732,19,1206,1,0,0,1085,0
7879,0.0562,310,0.1853,9,246,1,1,1,10927,0
22078,0.0276,373,0.3114,18,5000,2,1,0,18688,0
4934,0.0521,344,-0.0839,10,100,1,0,0,4187,0
1842,0.0609,85,-0.138,10,145,2,0,0,785,0
170,0.0666,8,0.8184,8,216,4,1,0,382,1
265,0.0809,31,0.5668,10,223,2,1,0,183,0
1043,0.0469,43,0.622,12,1119,4,0,0,176,0
603,0.064,19,0.5713,20,4022,0,0,0,657,0
1291,0.0503,50,0.2583,9,2111,1,1,1,532,0
2002,0.0619,76,0.1106,18,840,0,1,0,3154,0
4691,0.0461,130,0.0211,8,671,1,0,0,739,0
1592,0.0466,42,0.2542,10,362,1,0,1,246,0
4340,0.0596,282,0.3666,11,983,1,1,0,7568,0
2030,0.0446,62,0.6774,20,539,1,1,0,2121,0
51,0.0501,2,-0.0385,10,803,1,1,0,40,0
333,0.0516,23,-0.4621,21,317,3,0,1,70,0
1394,0.0572,73,-0.3174,10,199,0,1,0,978,0
204,0.0726,20,-0.2115,9,682,3,1,1,92,0
5323,0.0468,248,-0.354,17,667,1,1,0,3352,0
28434,0.0522,1333,0.5669,10,366,2,0,1,5876,0
16216,0.0276,560,0.4939,11,309,1,1,1,5801,0
1231,0.0471,33,0.0593,18,1162,2,1,1,380,0
26457,0.0364,567,0.7892,5,1048,1,0,0,25299,0
2362,0.0478,130,-0.0742,16,4343,2,0,0,1111,0
985,0.0533,51,0.8825,8,2646,1,0,1,171,0
599,0.0613,47,0.2868,19,201,2,1,0,962,0
1048,0.0477,70,0.6617,17,549,3,0,0,521,0
898,0.0542,43,0.1214,12,169,3,0,0,1215,0
2457,0.0483,130,0.1383,9,105,1,0,1,1259,0
2413,0.0396,95,0.7823,19,5000,1,1,1,2304,0
1817,0.0488,131,-0.1317,10,2922,0,1,1,834,0
3969,0.0454,239,0.2481,8,354,0,0,0,1863,0
15416,0.0398,865,0.5885,10,2306,2,1,1,13430,0
9988,0.0435,327,-0.0655,19,2675,0,0,0,6393,0
124,0.0614,9,0.3308,21,97,1,0,1,43,0
50,0.0599,2,-0.1333,18,1557,1,0,1,37,0
9718,0.056,385,0.5314,20,406,2,0,1,5341,0
154,0.0481,10,0.5472,20,975,2,1,0,154,0
1206,0.0444,27,-0.0452,20,5000,3,1,1,318,0
220,0.0862,27,0.0862,16,3246,3,0,0,71,0
70,0.0526,2,0.5257,20,585,2,0,0,111,0
4791,0.0326,205,0.1821,15,2756,3,1,1,709,0
7090,0.0519,285,-0.1373,9,97,2,1,0,11343,0
640,0.0334,18,0.5488,22,1100,0,1,0,314,0
50,0.0619,2,0.3074,17,1127,3,0,0,43,0
676,0.0754,55,0.2127,10,1347,1,1,0,1365,1
3660,0.0317,98,0.4334,20,400,1,1,1,1573,0
126,0.0408,5,0.4352,8,974,2,1,0,220,0
2515,0.0337,43,0.2345,9,1565,2,0,0,557,0
1758,0.0591,58,0.4993,17,65,2,1,1,529,0
5129,0.0571,175,0.3288,20,484,6,1,1,1555,0
2242,0.044,90,0.3641,18,269,1,1,0,7189,1
313,0.0638,26,0.2888,20,1289,4,0,0,221,0
15581,0.0553,1195,0.3428,18,2638,2,1,0,34687,1
1359,0.069,69,0.2311,21,360,4,1,0,2755,1
1721,0.0477,88,0.4653,11,223,1,1,0,2444,0
337,0.0337,14,0.236,17,747,3,1,0,366,0
814,0.045,28,-0.3438,19,209,2,0,0,1399,0
367,0.0521,17,-0.3648,15,530,0,1,0,215,0
1324,0.0487,65,0.0135,17,477,4,0,0,595,0
39382,0.0358,895,-0.1813,20,1188,2,0,1,8785,0
153,0.071,5,0.7361,9,911,1,0,0,169,0
99,0.0743,4,0.3928,7,781,0,1,0,66,0
25542,0.0377,1084,0.1151,18,3418,1,1,0,37862,0
1240,0.0625,44,0.7435,9,871,1,0,0,2283,1
542,0.0584,21,0.5772,20,437,2,1,0,1304,1
11752,0.0432,424,0.1411,20,495,4,1,0,6393,0
607,0.0634,22,-0.294,20,309,1,1,0,760,0
48378,0.0376,1257,0.1655,18,240,1,1,1,37272,0
6125,0.0657,567,0.217,20,165,5,1,0,15912,1
751,0.0391,15,0.3624,18,2067,1,1,0,1084,0
87829,0.0293,2969,0.5468,20,324,3,1,1,27886,0
607,0.0531,28,0.4646,21,912,6,0,0,517,0
6875,0.0491,395,0.8992,17,492,7,0,0,5413,0
3098,0.0605,204,0.5401,22,645,2,1,0,549,0
18828,0.0404,550,0.3942,15,2108,4,0,1,944,0
30053,0.0245,993,0.2485,9,793,1,0,0,34981,0
1915,0.0582,110,0.6636,18,264,2,0,0,2880,0
465,0.063,38,0.429,17,378,2,0,0,449,0
4137,0.0273,102,0.0814,23,1571,4,1,0,2938,0
533,0.0548,43,0.2291,19,1078,0,0,1,69,0
67785,0.0196,1688,0.4406,7,1673,3,1,0,43190,0
2311,0.0424,143,0.081,20,524,1,0,1,619,0
936,0.0436,41,0.1126,17,164,1,1,0,567,0
2521,0.0568,139,0.3734,17,1103,3,1,0,1451,0
159,0.0609,12,0.3752,11,856,1,1,0,208,0
314,0.0441,19,0.4396,18,879,3,1,0,351,0
15689,0.0502,1152,0.6308,13,167,2,0,1,1078,0
554,0.0404,18,0.2215,16,350,4,0,0,153,0
274,0.0608,21,0.3172,8,260,1,1,0,273,0
4750,0.038,128,0.442,8,991,4,0,0,904,0
15279,0.0378,603,-0.0337,12,1026,2,0,0,6390,0
6595,0.0499,223,-0.1606,8,636,3,1,0,7632,0
10860,0.048,442,0.2639,22,1750,1,0,1,1376,0
463,0.0688,45,0.1515,20,2953,5,1,0,484,0
139,0.0594,5,0.1109,17,946,2,0,0,59,0
26967,0.0423,1290,0.2132,17,1301,4,0,1,2166,0
1011,0.0479,52,0.3554,14,387,4,1,1,737,0
1151,0.0536,38,0.3688,19,322,0,0,0,1325,0
19746,0.0448,731,0.0439,16,1825,1,0,0,4661,0
4920,0.045,235,-0.0342,19,277,2,0,1,1006,0
4107,0.0287,80,-0.2493,11,1335,1,1,1,578,0
89054,0.0377,4369,-0.2191,10,3712,2,0,1,15105,0
567,0.0583,48,0.0875,15,1278,2,0,0,245,0
9605,0.0365,250,0.0399,20,613,0,1,0,14023,0
2003,0.0367,50,0.1936,9,174,3,1,0,5197,1
2932,0.0628,175,-0.1684,19,783,0,0,1,610,0
28317,0.0439,1551,-0.0011,9,1824,3,1,1,20729,0
4510,0.0441,155,-0.1107,20,556,2,0,0,4434,0
4764,0.0348,86,-0.2217,19,1847,0,1,0,5362,0
12462,0.0341,441,0.4065,21,958,1,0,0,7353,0
937,0.0657,89,0.4951,16,890,6,1,1,229,0
399,0.0574,20,-0.2188,20,484,1,0,0,829,1
275,0.052,13,0.1124,20,155,4,0,1,38,0
52,0.0692,5,0.3844,8,434,3,1,0,57,0
73216,0.0271,2366,0.6979,9,431,2,0,0,59628,0
248,0.0729,22,0.142,21,1182,3,1,0,774,1
1214,0.0651,84,-0.1558,20,655,4,1,0,1103,0
1098,0.0473,76,0.5766,21,1964,1,1,0,1342,0
3144,0.0415,155,-0.18,10,881,1,1,1,846,0
7850,0.0179,196,0.2098,11,401,3,0,0,5494,0
8508,0.029,295,0.7155,18,294,1,1,1,3357,0
632,0.0408,31,-0.2525,11,363,4,1,0,468,0
1338,0.0526,55,0.1703,16,781,3,1,0,1649,0
3006,0.0447,107,0.1597,10,458,1,0,0,3234,0
1155,0.0383,56,0.847,17,226,2,1,0,1963,0
32637,0.0356,926,0.4321,19,1820,3,1,0,33723,0
4375,0.0515,239,0.534,17,774,3,0,0,2098,0
6787,0.05,254,0.5308,8,875,1,0,0,11947,0
5962,0.0262,205,0.6051,11,292,2,0,0,6713,0
14946,0.0403,367,0.1996,20,234,3,0,0,26127,0
2504,0.0349,116,0.5841,18,565,3,1,1,773,0
175,0.0683,13,0.1429,9,87,2,0,1,18,0
3712,0.055,140,-0.2376,20,1450,4,0,1,674,0
559,0.0457,26,0.8247,19,328,3,0,0,839,0
698,0.0461,25,0.653,12,508,2,1,0,561,0
5195,0.0412,176,0.7075,8,1019,3,1,0,18361,1
16796,0.0186,265,0.4545,9,531,2,1,0,24526,0
1878,0.0532,56,0.8492,9,206,0,0,0,1223,0
3152,0.045,210,0.4067,9,2997,2,0,0,4687,0
38715,0.0474,976,0.8513,9,143,1,1,0,48341,0
2788,0.0373,120,0.4668,13,71,3,1,0,1349,0
195444,0.0251,4269,0.6229,10,1594,1,0,0,169160,0
5003,0.0309,176,0.2539,22,154,1,1,0,2976,0
75,0.0526,3,0.5636,11,2328,2,0,0,82,0
7016,0.0328,269,0.0935,21,969,1,1,0,13799,1
3590,0.0572,252,0.5688,9,882,1,0,1,1340,0
18426,0.0337,739,0.427,14,376,0,1,0,11950,0
6073,0.0464,172,0.6619,9,291,1,0,1,1522,0
1409,0.0472,76,0.6053,18,456,2,0,0,1343,0
199,0.0461,7,0.3119,8,276,1,0,0,69,0
1241,0.0498,32,0.5078,15,2225,1,1,0,908,0
391,0.0621,22,0.2796,9,316,1,0,1,95,0
635,0.0421,24,0.1367,21,1103,3,1,0,3095,1
5215,0.0539,271,0.2011,18,1817,1,0,0,9186,0
36527,0.0295,1297,-0.0381,17,275,1,1,0,32076,0
3679,0.0423,125,0.2697,10,969,1,0,1,1203,0
210,0.0639,10,0.482,19,272,2,1,0,176,0
4025,0.0402,90,-0.1997,19,559,3,1,0,2790,0
15583,0.0418,772,0.5983,7,420,1,1,0,12599,0
603,0.0512,32,0.103,9,331,4,1,0,1000,0
1420,0.0523,63,0.4338,18,778,2,1,0,3649,1
1856,0.0261,58,0.2622,10,197,3,1,0,3585,1
440,0.0373,17,0.406,19,1684,2,1,0,305,0
5807,0.0515,289,-0.4671,15,225,1,1,1,2872,0
1454,0.0612,90,0.2388,7,187,3,1,0,1919,0
3847,0.0379,165,0.4029,11,516,3,1,1,1342,0
365,0.0539,22,0.508,9,458,3,0,0,461,0
822,0.0561,36,0.3818,20,949,1,0,0,997,0
6636,0.0517,219,0.5363,18,724,1,1,0,22529,1
924,0.0324,19,-0.4593,21,130,2,0,0,710,0
40478,0.0287,1323,0.0839,20,1783,5,0,0,46383,0
880,0.0495,59,0.7112,20,504,1,1,0,769,0
2709,0.0554,136,0.2701,17,846,1,0,0,1600,0
9688,0.0683,442,0.0993,11,5000,1,0,0,7796,0
140,0.0579,10,0.2818,9,2407,0,1,0,474,1
75,0.0486,4,0.201,17,821,1,1,0,165,1
116,0.065,10,0.4594,17,168,2,1,0,193,0
17547,0.0541,1051,0.5568,20,171,0,1,0,51008,1
669,0.0551,50,0.2889,9,2126,3,0,0,931,0
180729,0.0225,2097,0.336,18,445,2,0,0,164415,0
654,0.0636,25,0.0445,20,562,2,1,0,1550,1
2520,0.0553,82,0.2681,14,211,2,1,1,1013,0
29021,0.0286,1007,0.3963,18,1038,1,1,0,32046,0
66900,0.0394,1500,-0.1583,10,2082,3,1,0,90195,0
73917,0.0451,3323,0.2074,10,3051,3,1,0,74954,0
15915,0.0531,822,0.5109,17,424,0,1,1,12052,0
11422,0.042,388,0.7681,12,1267,4,1,1,2112,0
5252,0.0422,303,0.5869,15,604,2,1,0,3348,0
7339,0.0567,278,0.6031,9,1604,3,1,1,6176,0
670,0.0419,23,-0.3235,11,662,1,0,0,1377,1
414,0.0603,31,0.5857,9,291,2,0,0,217,0
1797,0.0363,34,0.4023,10,2490,2,0,0,5265,1
1330,0.0619,96,0.0858,16,734,1,0,0,1005,0
799,0.0507,53,0.3157,8,468,2,0,0,395,0
6332,0.0577,523,0.3674,8,794,1,1,0,7306,0
10092,0.048,667,0.1027,19,318,3,1,0,11720,0
2119,0.0371,64,0.6639,17,1007,1,1,0,1901,0
25836,0.0536,1504,0.4442,16,546,2,1,0,30929,0
231,0.0737,9,0.2502,10,300,2,1,0,263,0
1275,0.0602,58,0.5528,18,5000,3,1,0,4301,1
497,0.0475,14,0.2357,21,242,4,1,0,1219,1
62,0.0604,3,0.2915,18,946,2,0,0,51,0
1558,0.052,111,-0.2728,16,704,1,1,0,1980,0
1452,0.0438,53,0.5928,10,238,3,1,1,619,0
27562,0.056,1639,-0.3932,11,474,1,0,0,13111,0
5627,0.0469,246,0.6139,8,173,1,1,0,13972,1
286,0.0303,8,0.0539,8,5000,2,1,0,304,0
50887,0.04,2994,0.2458,23,508,3,1,0,47441,0
16282,0.0377,489,-0.4134,11,554,1,0,0,16283,0
5155,0.0451,261,0.0426,10,4652,2,1,0,3489,0
1202,0.0479,53,0.5294,8,291,2,0,1,138,0
321,0.065,11,0.0708,19,2426,0,1,0,308,0
925,0.0639,58,0.3242,9,1202,0,1,1,434,0
12832,0.045,758,0.3677,9,91,2,1,0,37457,1
53758,0.033,1063,0.5333,22,458,3,1,1,13526,0
29080,0.0385,637,0.5966,18,1029,4,0,1,8191,0
749,0.0537,26,0.6227,19,689,3,1,0,693,0
240,0.05,15,-0.0243,10,691,2,1,1,113,0
2329,0.0548,156,0.5204,9,362,4,1,0,7818,1
74,0.0673,5,0.7591,12,326,2,0,0,26,0
3234,0.0631,197,-0.052,22,488,3,1,0,2011,0
1386,0.0636,122,0.1119,18,4728,2,0,1,315,0
781,0.0465,45,0.1978,12,268,2,1,1,206,0
102,0.0697,9,0.2105,20,410,2,0,1,62,0
4557,0.0368,220,0.064,11,684,3,0,0,4067,0
693,0.0608,48,0.2473,8,153,1,1,0,649,0
220,0.0532,11,0.2104,9,1024,2,0,0,159,0
50,0.054,3,-0.1032,12,183,2,0,1,10,0
1720,0.053,129,0.5184,10,224,1,0,1,909,0
43916,0.0105,241,-0.1881,17,213,4,0,0,12566,0
35963,0.0205,407,0.2932,9,128,2,0,0,32423,0
794,0.0515,59,0.0587,17,2364,4,0,0,223,0
611,0.0552,26,0.3132,18,1120,2,1,0,441,0
4204,0.0429,247,0.1217,16,1673,1,1,0,3337,0
299,0.0414,10,0.2899,10,1527,3,1,0,418,0
3112,0.0396,76,0.4847,20,562,1,1,0,8401,1
7179,0.0484,201,0.304,16,645,4,0,0,3821,0
16456,0.047,507,-0.0422,17,1833,2,1,1,7613,0
1509,0.0506,57,-0.2336,19,3423,3,1,0,1004,0
1253,0.063,78,0.1001,7,189,3,1,0,510,0
372,0.0603,26,0.6633,10,5000,3,0,1,258,0
408,0.0485,29,0.1449,21,178,1,0,0,567,0
1202,0.0488,55,-0.2224,21,419,3,0,0,1511,0
3502,0.0333,118,0.3344,21,716,4,0,0,2529,0
9362,0.0423,405,0.3688,18,785,1,1,0,12082,0
425,0.0669,29,0.4947,9,4740,3,0,1,348,0
26551,0.0461,1245,0.4558,9,1829,1,1,1,11742,0
1109,0.066,37,-0.308,8,1005,1,1,1,359,0
1739,0.0471,41,0.1783,11,1873,2,0,0,684,0
471,0.0688,19,-0.3454,21,939,1,1,0,860,1
50,0.0623,1,0.2048,18,338,3,0,0,52,0
8877,0.0584,624,0.2173,14,1080,3,1,0,11429,0
6811,0.0445,213,0.3195,19,711,3,1,0,17551,1
1089,0.0591,89,0.3066,10,286,2,1,0,987,0
2039,0.0643,187,0.4946,11,2351,3,0,0,2517,0
4576,0.0444,299,0.6634,11,629,3,1,0,12406,1
108,0.0634,9,0.4288,9,216,2,1,1,49,0
697,0.0667,35,0.3237,18,254,3,0,0,1470,1
7552,0.043,327,0.2934,12,1135,1,0,0,3774,0
189,0.0458,5,0.3979,18,1899,5,1,1,50,0
3066,0.0693,277,0.2396,22,1076,3,1,0,9420,1
157,0.0551,12,0.4417,13,1081,1,0,0,51,0
4186,0.0482,272,0.1732,20,295,2,1,0,5594,0
1695,0.0618,97,0.6131,18,729,9,0,0,1629,0
98,0.0555,6,0.1173,16,478,3,1,0,194,1
14713,0.0315,277,0.1791,19,547,2,1,1,5156,0
481,0.0578,15,0.2248,11,594,2,1,1,161,0
420,0.0379,19,-0.1213,12,343,3,1,0,334,0
2594,0.0457,109,-0.2317,10,1410,1,0,0,2292,0
14293,0.0442,944,-0.221,10,242,4,0,0,7241,0
290,0.0546,9,0.3958,14,181,3,1,0,633,1
2020,0.0341,93,-0.2288,9,303,2,0,0,1054,0
3912,0.0629,240,0.5556,8,1609,0,0,0,1795,0
6295,0.046,384,0.2976,19,933,1,1,1,2496,0
2483,0.063,206,0.3595,18,111,1,1,0,2843,0
933,0.05,66,0.4248,7,1208,2,1,0,164,0
407,0.0472,15,0.3691,8,633,2,0,1,103,0
2111,0.0521,159,0.4865,10,438,1,0,0,3222,0
262,0.0556,9,0.3628,11,522,2,1,1,79,0
50,0.0525,1,0.4923,9,175,4,0,0,25,0
3967,0.0616,227,-0.3292,16,790,3,0,1,681,0
9201,0.0373,455,0.5767,6,187,1,0,0,4053,0
50,0.0459,2,-0.1637,15,468,1,0,0,16,0
293,0.0705,27,0.3435,18,469,2,1,0,900,1
5510,0.0405,274,0.3276,10,1436,2,1,0,9436,0
73386,0.0291,1515,0.3321,8,692,5,0,0,35861,0
1876,0.0322,87,0.3495,10,1347,4,0,1,304,0
487,0.0726,19,0.0307,11,201,0,0,0,246,0
1300,0.0384,69,0.4667,9,597,2,1,0,3028,1
21477,0.0407,702,0.2492,11,1130,0,0,1,6282,0
565,0.0638,36,-0.3797,15,2303,4,0,1,45,0
428,0.06,23,0.4639,20,212,1,1,0,1183,1
758,0.0529,26,0.5047,18,286,2,0,0,558,0
325,0.0398,11,-0.0357,19,1102,1,0,1,117,0
2254,0.041,64,0.3127,8,3332,3,1,1,1037,0
33671,0.0402,952,0.183,8,885,2,1,0,13825,0
3234,0.0398,88,0.4153,9,219,5,0,0,2913,0
1147,0.0539,61,0.4611,8,223,0,1,1,254,0
1069,0.0589,81,0.1242,11,761,1,0,0,2197,1
108,0.0709,8,0.4592,10,951,4,1,0,46,0
8862,0.0314,387,-0.3051,8,533,3,0,0,4324,0
1571,0.0725,129,-0.0277,17,226,0,0,0,235,0
1306,0.059,91,-0.1582,20,2001,1,0,1,254,0
566704,0.027,17860,0.784,20,469,3,0,0,1022105,0
3095,0.0587,172,0.2584,17,1126,3,1,0,3393,0
467,0.0791,43,-0.0455,20,112,4,1,0,1261,1
839,0.0387,18,0.414,21,2210,1,0,0,471,0
14288,0.0395,767,-0.0286,19,335,1,0,0,19303,0
2216,0.0254,71,0.3795,18,2552,0,1,1,2054,0
135,0.0623,6,0.1556,16,1227,4,0,0,136,0
9457,0.047,564,0.5157,21,159,0,1,0,4499,0
543,0.0544,15,-0.3736,20,850,1,1,0,966,0
52677,0.03,1132,-0.4012,22,3486,2,1,0,40089,0
12633,0.0217,155,0.4472,9,365,2,1,1,3439,0
808,0.057,58,0.2372,22,3492,1,1,0,595,0
18139,0.0553,1260,0.4369,20,978,1,0,0,27322,0
2042,0.0436,116,0.4086,8,2541,0,0,0,402,0
8391,0.0483,204,0.5746,9,780,1,1,0,11900,0
4326,0.0308,133,0.4325,17,587,2,1,1,3012,0
394,0.0607,28,0.2284,9,4176,0,1,0,523,0
567,0.0507,18,0.6126,21,1368,3,1,0,631,0
11544,0.035,464,0.483,10,525,1,0,0,4286,0
989,0.0448,25,0.7,19,1016,3,0,0,792,0
874,0.049,29,-0.1763,21,378,3,0,1,287,0
324,0.0607,19,-0.1165,19,740,4,1,0,334,0
3875,0.0338,151,0.2445,16,2198,1,0,0,2361,0
74053,0.0312,1491,0.2616,12,565,0,1,0,46227,0
264,0.0573,10,0.6015,10,277,0,1,0,122,0
1888,0.0388,51,0.1396,8,252,2,0,0,1298,0
22971,0.0578,980,0.4491,19,715,2,1,1,28640,0
1566,0.042,47,0.2038,20,296,0,1,0,3496,1
4081,0.04,146,0.1378,17,158,1,1,0,2764,0
267,0.0479,14,0.7235,13,200,2,1,0,255,0
3908,0.0649,237,0.327,17,2154,3,1,0,6156,0
1290,0.0569,93,0.5908,9,576,3,0,0,669,0
10660,0.0335,435,0.5637,20,704,1,1,0,19145,0
15325,0.0525,504,-0.111,18,253,2,1,0,35625,1
191226,0.0334,3501,0.0818,19,371,1,0,0,147502,0
5132,0.0484,342,0.4987,22,360,0,0,0,1520,0
3250,0.0442,83,0.5498,8,504,4,0,1,519,0
2565,0.0411,68,0.8709,16,126,3,1,0,4206,0
957,0.0559,27,0.7254,11,1977,2,0,1,591,0
3325,0.0421,157,0.3199,17,654,2,0,0,1593,0
1062,0.0703,80,-0.2903,8,814,1,1,0,776,0
2448,0.0361,131,-0.1118,10,1659,2,1,0,2262,0
19373,0.0559,1501,0.6886,6,1537,2,0,0,4496,0
295,0.0561,15,0.3894,19,374,2,0,0,782,1
14069,0.0448,549,0.7317,19,1217,3,0,0,28291,1
19356,0.0488,753,-0.1312,21,1204,1,0,0,19797,0
1461,0.0445,42,0.2771,7,912,3,0,0,2135,0
50,0.0729,2,0.0301,13,1921,4,1,0,37,0
605,0.0273,10,-0.0124,21,1479,0,1,0,324,0
18668,0.0335,383,-0.6045,19,1376,5,1,0,25286,0
1735,0.0409,52,-0.0325,18,2605,3,1,0,2621,0
299,0.0446,10,0.6293,9,684,1,0,0,193,0
728,0.0515,54,0.3055,22,704,3,1,0,447,0
8210,0.0478,423,0.3627,14,1509,3,0,0,5664,0
4837,0.0531,382,0.813,10,556,1,0,0,6042,0
1176,0.0541,55,0.4399,10,1076,0,1,0,1449,0
934,0.046,41,-0.344,9,379,3,1,0,968,0
893,0.0565,41,0.3573,8,68,0,1,0,864,0
343,0.0579,13,0.5613,9,1209,1,1,0,570,0
33112,0.0477,1016,-0.1768,11,141,2,1,0,68544,1
1012,0.0601,87,0.3269,9,330,4,1,0,839,0
16169,0.0415,998,0.0713,18,1510,1,0,1,1310,0
27955,0.0301,458,0.2202,9,1528,2,1,0,20058,0
10904,0.0363,257,0.5992,9,2154,5,1,0,9942,0
831,0.0476,36,0.3551,15,88,3,0,0,710,0
3739,0.0439,112,0.4844,9,894,1,1,0,6706,0
1730,0.0529,78,0.7104,17,514,2,1,0,3734,1
355,0.0637,14,0.1905,10,1786,0,0,0,443,0
3241,0.0472,146,0.7181,22,2911,2,1,0,1265,0
216,0.0586,9,0.4579,11,179,0,1,1,129,0
15333,0.0429,560,-0.5911,9,675,2,0,1,4583,0
783,0.0482,22,0.5676,9,1529,3,1,1,293,0
2596,0.0393,94,0.0825,20,474,1,0,1,1292,0
3010,0.0304,135,0.1895,9,3811,5,1,0,4380,0
1134,0.0449,42,0.3131,13,445,1,0,0,472,0
5198,0.0505,361,-0.0861,18,492,1,0,0,2018,0
769,0.0464,47,0.2488,11,227,0,1,0,527,0
8676,0.0413,520,0.3633,8,775,1,0,0,4702,0
160,0.0643,13,-0.1808,19,32,5,0,0,251,0
2269,0.0543,142,0.1589,18,519,3,0,0,2344,0
59282,0.0252,2030,0.145,17,2366,0,0,0,10531,0
298,0.0672,11,0.5022,10,164,1,1,0,592,1
533,0.0662,33,0.4441,21,131,2,1,0,1348,1
4559,0.035,237,0.5428,19,2030,3,1,0,4379,0
2498,0.0405,128,0.6117,9,2325,3,0,1,1138,0
3398,0.0594,295,0.5802,12,171,3,1,1,459,0
4361,0.045,251,0.2648,12,3762,4,0,0,1049,0
5667,0.0232,181,-0.7327,8,1025,5,1,0,2675,0
13325,0.028,450,0.0526,17,1898,2,1,0,12776,0
3780,0.0446,212,0.5059,13,301,1,1,0,3371,0
1171,0.0401,48,0.118,20,2948,0,1,0,658,0
6067,0.041,354,-0.3741,9,508,1,1,1,817,0
55259,0.0366,2683,0.0201,9,486,2,1,0,57789,0
1424,0.0656,125,0.3056,17,1077,2,1,0,1757,0
312,0.0541,19,0.5988,17,449,0,1,0,263,0
13263,0.0528,562,0.56,18,145,0,1,0,24212,1
1455,0.0652,50,0.3918,8,758,1,1,1,322,0
50,0.0786,5,0.6953,15,483,3,0,0,76,0
8311,0.0467,421,0.3919,11,308,1,1,0,17149,1
689,0.0342,18,0.7307,21,2299,3,1,0,768,0
1536,0.0553,55,0.0306,18,5000,1,1,0,2051,0
3286,0.0581,253,0.3877,9,265,3,1,0,9468,1
2547,0.0478,162,0.2554,17,810,2,1,1,252,0
6483,0.0623,531,0.3724,14,446,2,0,0,2797,0
825,0.0617,58,0.045,18,5000,3,1,0,1405,0
4553,0.052,204,0.3718,9,1087,2,1,0,4140,0
1133,0.0627,57,0.6802,17,1680,1,1,0,1938,0
6835,0.048,166,0.3035,19,2168,3,1,1,4216,0
5473,0.0206,150,0.2606,11,757,0,1,0,3396,0
335,0.0517,10,0.5488,10,552,0,1,0,1151,1
12768,0.0542,781,0.409,20,3037,5,1,0,19538,0
689,0.0458,31,0.2611,18,1447,2,1,0,1470,1
7742,0.0419,333,-0.031,9,285,1,1,0,9959,0
3502,0.0369,184,0.2637,6,322,2,0,0,1452,0
49450,0.0546,1435,-0.2846,10,450,5,0,0,34670,0
1209,0.0684,105,0.0967,18,2120,1,1,1,331,0
964,0.0437,23,0.4191,12,2902,0,1,0,525,0
1745,0.0516,48,0.7385,10,5000,6,1,1,1355,0
1047,0.0454,44,0.6166,12,327,3,1,1,529,0
7630,0.0504,216,-0.2246,20,765,0,0,0,7658,0
98,0.0667,8,-0.148,17,445,2,1,1,28,0
271,0.0657,18,0.6614,17,554,4,0,1,56,0
264,0.061,8,0.3374,16,1685,1,1,0,190,0
10002,0.0725,392,0.3343,11,635,1,1,0,44627,1
39304,0.0274,1198,0.4462,10,2479,2,0,0,23986,0
1498,0.0336,65,-0.0572,6,396,1,1,0,808,0
1334,0.0473,59,0.3335,17,1396,2,1,0,1915,0
2051,0.0338,73,0.2053,11,427,2,0,0,1562,0
14638,0.0267,508,0.6164,17,105,1,0,0,6991,0
340,0.0467,17,0.1482,16,239,1,0,0,178,0
2776,0.0391,78,0.2478,9,753,1,1,0,4391,0
10460,0.0334,389,-0.0428,9,4543,1,1,0,16349,0
4455,0.0516,259,0.6487,20,420,1,1,1,2939,0
2543,0.0436,136,0.3885,8,561,2,0,0,2076,0
10958,0.041,503,0.1232,20,1085,3,1,1,2703,0
50,0.0732,5,-0.1297,8,365,3,1,0,34,0
6125,0.0375,159,-0.0628,21,410,1,0,1,1386,0
557,0.0521,42,-0.0863,17,714,1,0,0,238,0
67,0.0668,4,0.1867,19,429,1,0,0,124,1
4537,0.0269,143,0.4953,18,111,1,1,0,7749,0
21430,0.0163,208,0.6176,8,347,1,1,1,3452,0
1411,0.0545,67,-0.0594,8,1230,5,0,0,353,0
10048,0.0481,612,0.4152,16,1269,1,0,0,3804,0
32928,0.059,2346,0.8254,11,2530,3,1,1,34398,0
19280,0.0421,438,-0.0811,10,2334,0,1,1,4668,0
34611,0.0464,1680,0.408,18,270,3,1,0,48763,0
6876,0.0427,172,0.0476,18,315,3,1,0,10249,0
2070,0.0524,162,0.1412,9,329,3,1,0,4778,1
101,0.0782,11,0.0369,8,571,2,1,0,80,0
1161,0.0305,18,-0.1208,19,356,3,1,0,1357,0
396,0.0602,32,0.2651,20,558,2,1,1,227,0
90011,0.0557,7119,0.6882,9,278,4,1,1,74035,0
1317,0.0541,60,-0.1242,20,1457,1,1,0,2424,1
2256,0.0656,180,-0.226,21,257,1,0,0,2975,0
4878,0.0397,182,0.53,21,245,1,1,0,5833,0
1955,0.0494,111,-0.0302,9,1119,1,0,0,1610,0
38219,0.0381,1224,0.3979,9,1369,4,0,0,26230,0
589,0.0323,15,0.5235,11,531,2,1,0,1615,1
2566,0.0369,87,0.5295,7,1586,2,1,0,5637,1
475,0.0444,13,0.3924,21,1475,1,1,0,2666,1
167,0.0677,15,0.2563,6,4443,0,1,0,134,0
601,0.0631,32,-0.0423,20,1384,3,1,0,1854,1
1691,0.0535,81,0.7331,11,3667,4,1,1,899,0
834,0.0613,71,-0.1201,16,707,3,1,0,1110,0
519,0.0533,27,0.3188,11,2696,2,0,0,1633,1
143,0.0721,10,0.1658,8,2753,4,1,0,64,0
1556,0.0507,114,-0.2908,18,576,2,0,0,3699,1
120,0.0614,10,0.524,11,334,1,1,0,255,1
7101,0.0419,199,0.7049,20,398,2,0,0,12144,0
2097,0.0562,114,0.6671,19,1007,2,1,0,4929,1
131,0.0563,10,0.2687,16,210,1,1,0,61,0
1036,0.062,56,0.3561,8,422,1,1,0,295,0
466,0.0441,17,-0.0967,13,2202,4,1,0,286,0
3211,0.0367,81,0.504,20,1295,0,1,0,3824,0
20187,0.0472,585,0.0904,9,63,3,1,0,72178,1
61,0.0626,4,0.3907,10,175,5,1,0,39,0
2223,0.0446,126,0.5077,21,5000,3,0,0,3599,0
1355,0.0601,119,0.5254,16,2163,2,1,0,1740,0
6053,0.0391,301,0.4268,17,371,3,0,0,5662,0
2653,0.0465,91,-0.0494,13,150,3,1,0,1578,0
467,0.0694,17,-0.1111,8,190,2,1,0,1319,1
1018,0.0677,102,0.6624,16,1106,5,1,0,637,0
431,0.0715,25,-0.0965,18,4802,2,1,0,1805,1
12541,0.0394,401,0.4717,19,4506,2,0,1,5909,0
1878,0.0622,164,0.0172,18,137,2,1,1,974,0
55389,0.0268,1612,0.3125,10,494,1,1,0,134909,1
1621,0.0414,47,0.5942,20,282,4,0,0,2048,0
505,0.0316,22,0.7236,9,762,0,0,0,220,0
118,0.0776,13,0.6106,8,175,5,1,0,74,0
70,0.0543,2,0.2941,17,385,2,0,0,48,0
104,0.0601,8,0.4482,9,279,3,1,1,44,0
2924,0.039,101,0.4696,11,1122,1,1,1,689,0
4517,0.0533,246,0.8297,22,397,2,0,0,1980,0
104,0.0576,8,0.1262,13,458,3,0,0,94,0
9054,0.0305,406,0.3299,17,1108,3,0,0,2547,0
757,0.0579,33,0.571,8,3437,2,1,0,2105,1
2354,0.0346,58,0.407,9,5000,3,1,0,5346,1
32925,0.03,573,0.1164,19,1049,2,0,0,7478,0
9084,0.0225,216,0.2877,10,608,0,1,0,11153,0
1115,0.0377,21,-0.0989,17,2480,1,0,1,200,0
363,0.0582,19,0.4249,18,2137,1,1,0,349,0
50,0.0446,1,0.2253,10,1606,5,1,0,49,0
495,0.0404,18,-0.3194,16,137,3,1,0,876,0
1236,0.0515,34,0.5509,10,2226,1,0,0,1752,0
305,0.0517,21,-0.2033,17,951,3,1,0,331,0
1427,0.0709,71,-0.0485,20,272,2,1,0,455,0
2076,0.0678,116,0.6779,22,339,3,1,0,3233,0
1206,0.0429,70,0.3799,11,1190,0,1,0,1798,0
561,0.0602,42,0.5385,9,53,2,0,0,990,0
2449,0.0563,99,0.5419,10,586,2,0,1,1283,0
4005,0.0408,93,0.6901,8,345,1,0,0,1761,0
253,0.0429,13,0.2804,19,312,3,1,0,247,0
22918,0.0397,810,0.3716,8,421,1,1,0,12299,0
1514,0.049,93,0.3027,7,151,1,0,0,1337,0
1870,0.0455,80,0.7017,10,1905,3,0,0,2340,0
6469,0.0493,269,0.2292,18,79,1,0,0,2565,0
2751,0.0408,106,0.3728,10,787,1,1,1,1237,0
10053,0.0316,396,0.5053,17,284,2,1,0,18982,1
3031,0.049,208,0.3058,19,4834,0,0,1,172,0
600,0.0583,19,0.0528,20,680,4,0,0,206,0
3465,0.0356,126,0.1717,19,79,4,0,0,1901,0
230,0.0675,8,0.3815,10,1149,1,0,1,65,0
2198,0.0315,67,0.4036,11,223,0,1,0,2354,0
1703,0.0445,104,0.5438,23,1780,1,1,0,3159,1
1243,0.0489,52,-0.0369,13,1233,3,0,0,2262,1
1434,0.0446,91,0.3652,12,2900,1,1,0,1506,0
61,0.0578,3,0.6536,22,801,1,0,1,10,0
673,0.0727,70,0.5413,10,1508,7,1,0,1081,0
2136,0.0408,109,-0.4027,10,694,6,1,1,769,0
2410,0.0733,106,0.3781,17,368,2,1,0,1291,0
284,0.0618,12,-0.0329,18,1930,3,1,0,896,1
17646,0.0418,659,0.081,9,194,2,0,0,9316,0
380,0.061,15,0.0148,20,641,2,0,0,172,0
10352,0.0683,703,0.2391,10,376,3,1,0,27892,1
3900,0.037,140,0.8161,18,1543,1,0,0,4429,0
564,0.0434,35,0.2877,16,258,2,1,1,111,0
44159,0.0297,1223,0.2376,12,441,3,1,0,23456,0
210,0.0589,15,-0.28,21,695,2,1,0,414,1
9456,0.0261,356,0.1102,15,2944,3,0,0,4060,0
10949,0.043,648,0.6252,19,390,3,0,1,4640,0
540,0.0718,27,-0.1198,9,445,2,1,0,499,0
22168,0.0415,916,0.1045,18,172,4,1,0,24483,0
1152,0.0489,47,-0.2101,20,248,7,0,0,613,0
3040,0.0417,114,-0.0758,19,1005,2,1,0,3499,0
2888,0.0571,141,0.1966,20,686,2,1,0,5075,0
1419,0.0427,80,0.1644,20,697,2,0,0,824,0
7781,0.0626,463,0.7149,17,3794,3,1,0,6458,0
7542,0.0636,491,-0.416,19,124,2,1,1,2530,0
77,0.0651,7,0.614,12,5000,8,1,0,47,0
18916,0.0405,428,-0.1623,19,2160,3,0,1,6373,0
90,0.0723,6,0.5845,12,480,1,0,1,22,0
11597,0.0535,790,0.2777,11,983,4,1,0,11578,0
13740,0.0338,302,0.1503,18,336,1,1,0,17515,0
253,0.0526,14,-0.0094,18,915,3,0,0,417,0
863,0.0397,25,0.76,9,5000,0,1,1,283,0
247,0.062,20,0.4966,19,348,1,1,0,547,1
1228,0.0582,59,0.3693,17,527,1,1,1,181,0
1038,0.0387,33,0.5027,18,312,2,0,0,806,0
7356,0.0398,321,-0.562,20,366,4,0,0,5329,0
19121,0.0271,354,0.758,21,444,1,1,0,29816,0
22297,0.031,541,0.7617,8,222,1,1,0,20084,0
657,0.0596,35,0.1839,9,511,3,0,0,525,0
1240,0.0442,46,-0.0543,9,702,3,1,0,2479,1
87,0.0591,5,-0.186,19,444,5,1,0,245,1
423,0.0395,18,0.8187,9,66,3,0,0,488,0
10267,0.0449,491,-0.1756,18,570,1,1,0,12420,0
33125,0.0379,1449,0.332,16,634,2,0,0,16122,0
196,0.0516,8,-0.3147,19,4436,3,1,0,865,1
622,0.0524,20,0.7187,10,683,0,1,0,1378,1
1724,0.052,113,-0.3763,12,1695,3,1,0,2870,0
2993,0.0398,161,0.5951,19,434,3,0,0,6269,1
421,0.0411,13,-0.073,8,2436,0,0,0,54,0
3878,0.065,228,0.3351,10,258,2,0,1,2847,0
770,0.0471,36,0.2513,20,1102,0,1,0,1110,0
1761,0.0491,89,0.011,12,1541,3,0,0,515,0
4833,0.0562,314,0.4436,10,1330,3,1,0,17371,1
1829,0.0852,84,0.2723,19,5000,3,0,0,1352,0
824,0.0407,40,0.0537,18,370,4,1,1,290,0
1484,0.0553,46,0.3154,16,2734,3,1,0,1282,0
1542,0.0436,65,-0.2372,18,2112,1,1,1,1001,0
928,0.0473,58,0.0117,11,698,1,1,0,1343,0
1134,0.0447,48,0.3874,8,4184,2,1,0,609,0
32130,0.0272,567,0.5757,9,574,3,1,0,61053,1
4962,0.0455,335,0.5971,11,680,3,1,0,18285,1
1062,0.0374,55,0.3958,10,661,2,1,0,3052,1
6339,0.0544,438,0.6469,23,186,0,1,0,8997,0
991,0.053,47,0.8241,8,1424,0,1,0,684,0
14937,0.0458,467,-0.0536,17,1218,2,1,0,13825,0
3516,0.0427,216,0.431,9,599,0,0,0,5636,0
1490,0.0471,72,0.3012,19,3875,6,0,0,1117,0
4047,0.0497,271,0.1354,9,429,1,1,1,583,0
106,0.0497,4,0.5829,18,117,3,0,0,29,0
237,0.0545,10,0.7308,16,4456,3,1,1,63,0
210,0.05,15,0.3532,9,1828,0,0,0,377,0
2338,0.0401,95,0.1273,11,1243,2,0,0,3358,0
40885,0.0164,430,0.0758,11,473,4,1,0,20157,0
100342,0.0473,3417,0.368,11,936,3,0,1,35816,0
5701,0.0385,215,0.7056,20,188,5,0,0,1951,0
4453,0.058,140,-0.1623,18,531,3,0,0,4882,0
70,0.0736,4,0.0236,19,269,2,0,1,39,0
680,0.041,25,0.0681,11,864,1,0,0,548,0
437,0.0448,25,0.6189,9,1674,1,1,1,332,0
591,0.0801,40,0.2416,18,233,3,1,0,897,0
1335,0.0687,136,0.6033,15,1373,1,1,0,1486,0
772,0.0531,27,0.4901,10,812,2,1,0,2427,1
51,0.0668,3,0.3414,9,1317,0,1,0,45,0
6948,0.0383,156,0.3336,7,522,2,0,1,822,0
262,0.062,20,0.1063,8,1344,1,1,0,430,0
2781,0.0411,170,-0.4868,22,331,1,0,1,454,0
75610,0.0147,1470,0.1448,9,123,0,0,0,68542,0
345,0.0434,15,0.6787,21,155,3,0,0,301,0
50,0.0645,3,-0.1558,18,402,2,0,1,10,0
1080,0.0407,58,0.3941,9,132,7,0,0,1252,0
13117,0.0414,779,0.5306,20,3134,1,0,1,3941,0
61391,0.0252,2299,0.0806,18,612,2,1,0,136061,1
197,0.051,9,0.1697,20,1667,3,0,1,36,0
4420,0.055,362,0.5084,8,1461,1,1,0,13689,1
782,0.0558,28,0.25,20,669,0,0,0,881,0
1494,0.0507,57,0.4426,16,5000,4,1,0,1691,0
211043,0.0398,4941,0.2087,20,5000,5,0,0,185911,0
120,0.0656,6,0.5428,10,2675,4,0,0,112,0
2854,0.0626,226,0.5904,20,269,2,1,0,5873,1
4195,0.042,238,0.599,8,2787,4,1,0,2417,0
12764,0.0379,618,-0.4022,9,115,0,0,1,2235,0
2156,0.0363,88,-0.2543,7,2688,2,1,1,483,0
3147,0.0435,138,0.4871,11,51,1,1,1,781,0
893,0.0625,67,0.4903,14,483,2,1,0,854,0
2934,0.0611,159,0.5673,9,2228,2,0,0,2707,0
974,0.0621,81,0.4768,7,977,0,1,0,697,0
5534,0.0276,179,0.4423,20,151,1,1,0,3763,0
929,0.0635,70,0.3779,19,788,3,1,0,1143,0
3564,0.0289,106,0.0587,16,978,2,1,0,2300,0
1715,0.0592,140,-0.0707,10,816,2,0,0,3301,1
13723,0.0382,394,0.4178,11,442,3,1,0,11027,0
1648,0.0574,83,0.2101,18,1564,3,1,1,880,0
74,0.0494,4,0.0023,19,2089,3,0,1,34,0
17526,0.0526,915,0.0783,9,570,1,0,1,6618,0
354,0.0419,20,0.2316,9,3040,5,0,0,287,0
557,0.048,22,0.846,11,568,3,1,0,501,0
618,0.0443,23,0.3582,21,407,2,1,0,458,0
21460,0.0226,672,0.6637,19,2583,0,0,0,12463,0
50,0.0652,3,0.3668,9,2490,1,1,0,85,0
512957,0.0455,23699,0.2495,11,357,3,0,0,1068573,1
12099,0.0691,695,0.3163,8,309,1,1,0,8100,0
2702,0.0494,103,0.1199,16,3883,1,1,0,2754,0
1637,0.0616,116,0.1838,10,600,2,0,1,684,0
3022,0.0503,94,0.5443,16,667,2,1,0,3261,0
4619,0.0512,326,0.268,11,516,0,1,0,5439,0
5775,0.0419,309,0.5515,16,2493,2,1,1,1344,0
4915,0.0479,162,0.4419,21,5000,3,1,0,33555,1
2124,0.0547,138,-0.2101,20,713,3,1,1,801,0
1267,0.0456,63,0.3828,17,5000,2,0,0,1006,0
1377,0.0503,47,0.3504,10,382,2,0,1,290,0
1273,0.0508,50,0.5954,21,501,0,1,1,475,0
13915,0.0501,633,0.7441,10,1303,2,1,0,32480,1
5262,0.0351,221,0.376,19,293,1,0,0,5941,0
50,0.0638,3,0.6486,20,1287,3,1,0,120,1
5887,0.0644,391,-0.5148,5,396,5,1,1,1207,0
2567,0.0602,196,0.269,18,142,0,1,0,1252,0
1748,0.0636,139,0.7241,10,116,2,1,0,8458,1
898,0.053,53,0.6012,22,481,0,1,1,243,0
13676,0.0451,794,0.3509,7,1009,1,0,0,3744,0
9952,0.0532,441,0.9101,19,170,1,1,1,5428,0
449,0.0712,44,-0.3767,20,795,3,0,0,379,0
3761,0.0276,115,-0.2327,19,797,0,0,0,2180,0
314,0.0438,18,0.1924,7,562,4,1,0,126,0
150,0.073,11,0.4186,12,263,3,0,0,125,0
585,0.0517,21,0.1679,10,845,2,1,0,2870,1
8538,0.0371,329,0.4409,20,576,2,0,0,7712,0
10052,0.0306,267,-0.1919,19,1775,3,1,1,3237,0
4553,0.0408,222,-0.0271,20,182,4,0,1,823,0
6668,0.0308,200,0.4252,19,745,3,0,1,1343,0
4578,0.0672,411,0.5363,20,186,0,1,0,8961,1
569,0.0544,36,0.0661,20,524,2,1,0,2054,1
3934,0.0463,215,0.2582,18,222,2,1,1,1821,0
7636,0.0501,274,0.6183,20,265,3,1,0,20903,1
7028,0.0542,565,-0.1773,18,662,5,0,0,5918,0
15368,0.0509,1049,0.0628,16,377,3,1,0,10932,0
6470,0.0556,463,0.7586,17,2883,1,0,0,5425,0
3403,0.0412,116,0.7953,12,2162,0,1,0,2176,0
12410,0.0393,505,0.5682,19,1487,0,1,0,16635,0
1723,0.0579,63,0.2873,19,1458,2,0,0,3146,1
369,0.0511,19,0.2357,12,757,2,0,0,161,0
1348,0.0511,44,0.7387,12,2452,0,1,1,1070,0
473,0.0593,29,0.0856,10,495,2,1,1,324,0
536,0.0627,38,0.0062,19,5000,1,1,0,752,0
1393,0.0333,41,0.2483,16,259,2,1,0,2000,0
434,0.0628,27,0.4173,12,215,1,0,0,301,0
1038,0.0499,71,0.4138,20,164,0,1,0,842,0
59,0.0707,2,0.0939,17,196,2,0,0,90,0
2654,0.0562,192,0.3416,20,130,1,1,0,4174,0
1811,0.0661,80,0.2532,16,823,1,1,0,2375,0
415,0.0694,15,-0.2399,10,1562,2,1,0,1548,1
5923,0.0587,238,0.7789,23,688,4,1,0,4384,0
9775,0.0577,713,0.1866,17,166,1,0,0,6220,0
100,0.0645,5,0.6342,11,415,3,0,1,32,0
458,0.0558,35,0.5457,9,1543,1,1,0,474,0
452,0.0643,29,0.2646,21,472,0,1,0,2066,1
333,0.0641,11,0.4584,11,299,1,0,0,454,0
8047,0.0409,400,0.2066,18,146,0,1,0,8078,0
1275,0.0554,43,0.3849,20,435,1,0,0,1404,0
1123,0.0516,74,0.1145,12,329,2,1,0,510,0
50,0.0557,1,0.1357,9,610,3,1,0,40,0
5674,0.0583,279,0.2738,9,1071,1,1,0,6551,0
194,0.0595,14,0.3638,23,501,3,0,0,146,0
2014,0.0701,205,0.2783,10,800,1,0,1,586,0
2978,0.0317,82,-0.1771,10,1066,4,1,0,5637,1
20935,0.0346,963,0.581,23,194,6,1,0,4149,0
171,0.0597,7,0.1613,11,4385,3,0,0,402,1
50,0.0756,4,0.2136,19,316,3,1,0,267,1
2517,0.0527,153,0.4931,9,1114,1,0,1,353,0
46208,0.0401,1284,0.3839,10,213,3,1,0,75059,0
16816,0.0298,402,0.5142,9,742,2,0,1,2716,0
2636,0.0369,61,0.4192,19,770,3,1,0,5675,1
746,0.0568,37,0.2046,21,3495,2,1,0,1489,1
7729,0.0305,166,0.2212,10,527,0,1,0,5023,0
313,0.0517,18,0.2465,10,2439,2,0,0,259,0
4261,0.0516,328,0.2554,16,889,1,1,1,1415,0
4491,0.0365,84,0.0557,9,4239,6,0,0,1397,0
12190,0.0584,741,0.2156,11,112,4,1,0,11695,0
259727,0.0424,11815,0.4311,17,1077,2,0,0,129112,0
3664,0.0315,163,0.0421,10,45,3,0,0,3734,0
723,0.0443,32,0.6566,18,627,2,1,0,1020,0
1726,0.0273,49,0.7473,18,1846,2,0,0,1292,0
74,0.0549,3,-0.0073,12,2823,1,0,0,83,0
517,0.0627,24,0.267,18,1392,3,1,0,1359,1
865,0.0488,23,0.2429,20,497,1,0,0,546,0
703,0.0584,37,0.2781,8,1147,3,0,0,346,0
2378,0.0337,44,0.1588,16,5000,0,1,0,1265,0
411,0.0639,27,0.5715,17,717,6,1,0,558,0
13600,0.0364,399,0.6328,19,1738,4,1,0,21792,0
1808,0.0501,93,0.4712,20,432,2,1,0,4139,1
1778,0.0491,55,-0.063,9,1939,0,1,0,1308,0
1002,0.0396,56,0.6231,19,1645,2,0,1,200,0
2390,0.0374,124,0.1797,18,361,1,1,1,572,0
7983,0.0537,295,0.7563,17,1447,0,0,0,2567,0
379,0.0602,19,0.085,14,1517,2,1,0,367,0
553,0.0652,40,0.22,20,1394,0,1,1,434,0
1046,0.0554,34,0.5726,10,638,1,1,0,3649,1
160,0.0611,8,-0.0933,11,2273,2,0,1,48,0
413,0.0386,11,0.4232,22,261,4,0,0,88,0
767,0.0507,55,0.5962,10,671,0,1,0,1805,1
8724,0.0434,512,0.0499,16,743,2,1,1,3585,0
2900,0.0676,211,0.0891,17,2146,0,0,0,1599,0
2561,0.0555,144,0.6812,8,253,2,1,0,2526,0
8363,0.0592,708,0.1731,19,846,1,0,0,12700,0
1411,0.057,115,-0.0543,18,406,0,1,1,412,0
3651,0.0401,214,0.1762,21,742,4,0,0,5441,0
1501,0.0519,48,-0.022,9,984,2,0,0,1645,0
2915,0.0505,97,0.4891,10,185,2,1,0,7374,1
633,0.0448,33,0.0353,19,2354,1,0,0,354,0
50,0.0604,3,0.5994,9,1020,5,0,1,10,0
1419,0.0489,35,0.4331,20,281,2,1,1,788,0
23410,0.0558,734,0.7511,8,472,1,0,0,20009,0
9577,0.0225,299,-0.0997,14,2963,2,0,0,4969,0
10277,0.0551,775,0.1105,19,1008,2,1,0,17831,0
16731,0.0317,455,0.4591,9,253,4,1,0,24741,0
2120,0.0356,105,-0.1728,8,303,0,1,1,714,0
2579,0.0604,170,0.7494,20,1242,0,1,0,5927,1
594,0.0618,47,0.0906,10,1400,3,1,1,251,0
1023,0.0648,61,0.1337,20,956,0,0,0,804,0
5477,0.0536,179,0.2423,9,496,1,0,1,1095,0
15787,0.0619,912,0.0283,9,1494,0,0,0,29932,1
1406,0.0566,76,0.6022,12,486,2,1,1,408,0
804,0.0517,43,0.4901,10,282,3,1,0,2419,1
1809,0.0534,58,0.0544,10,3250,1,1,1,271,0
5335,0.0581,462,0.2552,16,1084,1,0,0,5617,0
134,0.0526,5,0.4162,10,303,3,1,0,129,0
50,0.0578,2,0.4332,14,760,2,1,1,17,0
671,0.0509,35,0.1883,10,683,2,0,1,247,0
200,0.0377,7,-0.3373,19,468,1,0,0,196,0
724,0.055,37,0.2157,9,840,1,0,0,857,0
1385,0.0322,56,0.7235,19,262,4,1,0,2137,0
799,0.0538,43,0.3132,11,1593,1,1,0,1537,1
24697,0.0482,1320,0.2088,17,661,0,1,0,13308,0
3255,0.0429,170,0.1886,8,133,5,0,1,274,0
3105,0.0646,105,0.1344,10,529,1,1,0,3058,0
5541,0.0309,183,0.3847,19,359,3,0,0,1539,0
232,0.0701,22,0.4704,20,33,0,1,1,59,0
11735,0.0493,299,-0.2507,11,569,3,0,1,6049,0
1577,0.0334,47,0.0592,20,1875,2,1,0,1717,0
6044,0.0723,623,-0.0765,9,597,1,1,0,16878,1
262,0.0571,12,0.0102,18,1350,3,1,0,614,1
110,0.0524,5,0.673,18,670,4,1,0,156,0
7880,0.03,350,0.5666,10,421,0,1,0,16749,1
3560,0.0451,112,0.4468,11,320,0,1,0,10569,1
356,0.0552,11,0.2607,20,184,0,1,0,378,0
377,0.0573,29,-0.2022,7,1678,2,1,0,405,0
13708,0.0389,730,0.0293,20,1381,5,1,0,8520,0
212,0.0649,13,0.5618,17,503,0,1,1,51,0
34780,0.0343,1209,0.0468,9,87,3,1,1,23144,0
357,0.0371,17,-0.3302,18,1066,2,0,1,27,0
5705,0.0439,310,0.0633,10,269,3,1,0,8530,0
1000,0.0287,21,-0.0438,19,768,2,1,0,425,0
5354,0.0492,136,0.1003,8,142,0,0,0,3934,0
678,0.0441,29,-0.0909,15,729,4,1,0,512,0
1348,0.0528,96,-0.0288,18,583,1,1,0,2841,1
1946,0.0628,170,0.2226,20,59,3,0,0,1701,0
297,0.0477,20,0.2968,9,3354,1,1,0,549,1
6860,0.0553,523,0.4953,8,480,2,1,1,3601,0
717,0.0494,38,0.1903,9,513,1,0,1,83,0
1198,0.0692,78,0.2667,17,1135,0,0,0,693,0
301,0.0535,20,0.7335,7,632,1,1,0,553,1
50,0.0559,3,0.4961,16,957,2,1,0,46,0
1281,0.0582,77,0.2597,10,211,3,1,1,990,0
139066,0.0283,2309,0.5001,19,576,3,1,0,94146,0
7422,0.0359,380,0.2515,18,98,0,1,0,3803,0
1746,0.0454,75,0.3621,15,524,4,1,0,1690,0
1126,0.0514,50,0.1939,21,2821,1,1,1,465,0
1882,0.0633,134,-0.0529,17,147,1,0,0,871,0
4840,0.0267,151,0.3367,21,468,1,1,1,2003,0
215,0.0587,8,0.8386,9,79,0,1,0,620,1
13437,0.0482,866,0.624,19,670,2,0,0,25500,1
6553,0.0468,242,-0.0306,23,1060,4,1,0,8218,0
6586,0.0579,261,-0.1123,15,976,1,0,0,4206,0
3980,0.0461,166,-0.103,9,364,3,1,0,4770,0
1873,0.048,110,-0.0636,18,77,3,1,0,989,0
6070,0.0511,454,-0.0155,20,192,2,0,0,7890,0
5246,0.0467,320,0.3674,10,2336,2,1,0,11194,1
955,0.0486,66,-0.1175,19,1601,3,1,0,1046,0
643,0.0593,24,-0.4407,10,607,1,0,0,795,0
2171,0.0427,53,0.0711,7,782,4,1,0,2265,0
29384,0.0327,1017,0.2312,21,238,1,1,0,59982,1
194,0.0536,8,0.3193,20,2417,3,0,0,315,0
128,0.0741,12,0.6509,19,324,1,0,0,69,0
2432,0.0166,47,0.6841,10,1029,2,1,0,5153,1
1981,0.0536,156,-0.019,20,176,3,1,0,4603,1
2470,0.0491,91,0.1869,9,556,1,1,0,6391,1
2804,0.0314,86,-0.1065,10,2317,0,1,1,1356,0
1209,0.0547,66,-0.4463,14,258,2,1,0,718,0
26416,0.044,859,0.3886,11,1407,1,1,0,69767,1
101,0.0674,7,-0.0041,9,225,2,1,1,43,0
406,0.0294,11,0.1249,18,269,3,0,1,56,0
1501,0.0644,91,0.2695,9,659,2,1,0,3970,1
93,0.0544,4,0.0607,17,1757,1,0,1,10,0
1317,0.0581,39,0.5581,10,493,2,0,0,925,0
35977,0.0454,1671,-0.1243,11,1234,1,0,0,77119,1
1877,0.0411,64,-0.1572,19,2088,1,1,0,1833,0
2738,0.0549,75,-0.2214,11,307,3,0,0,4365,0
187,0.0552,8,0.4896,16,144,2,1,0,135,0
596,0.0337,15,0.558,10,466,1,1,1,128,0
920,0.0644,52,0.5055,18,2375,4,1,0,712,0
1020,0.0445,28,-0.0297,8,295,1,1,1,193,0
18159,0.0322,589,-0.2672,9,1835,2,1,0,20331,0
4933,0.042,246,-0.0584,9,511,4,1,1,2128,0
244,0.0607,16,0.1645,10,3851,3,1,1,373,0
2817,0.0477,175,-0.4264,16,5000,5,0,0,1231,0
4432,0.0519,218,0.1642,9,1865,1,0,1,1137,0
14076,0.0284,407,0.6233,19,128,2,1,0,11059,0
31100,0.0312,1271,-0.2333,8,60,1,1,0,20696,0
290,0.0561,15,0.8493,10,707,6,0,0,790,1
420,0.0748,37,0.4374,16,1646,2,0,0,218,0
187,0.0579,10,0.3081,10,1097,4,1,1,179,0
1186,0.0625,68,0.5307,8,322,1,0,0,528,0
4185,0.047,248,0.5884,11,150,1,0,0,4533,0
10691,0.0381,274,0.47,18,1685,1,1,0,9865,0
1577,0.0481,63,0.604,9,4266,2,0,0,1379,0
1016,0.0506,37,-0.1207,16,340,1,0,1,93,0
2375,0.0549,112,-0.1784,20,1518,0,0,0,1843,0
402,0.0698,20,0.1528,17,5000,2,0,0,154,0
77743,0.0386,3235,-0.1175,20,550,2,1,0,151291,1
100,0.0734,9,0.5771,9,561,3,0,0,62,0
2521,0.039,126,0.1231,14,1164,1,1,0,1697,0
69043,0.0313,1867,0.3331,19,500,1,1,0,64580,0
1830,0.0427,116,0.4738,9,2538,3,0,0,1413,0
1284,0.0545,76,0.5649,7,444,7,0,0,1189,0
950,0.049,41,0.388,18,644,1,0,0,1386,0
1306,0.0586,102,0.2722,18,157,4,1,0,2100,0
21399,0.0308,810,0.2958,18,525,3,1,0,21866,0
50,0.0647,4,0.6653,17,242,2,0,1,23,0
28571,0.0458,911,0.3947,20,940,2,1,0,29232,0
139,0.0396,5,-0.4867,14,125,3,0,0,102,0
1118,0.0731,111,0.5399,16,1772,0,0,0,1492,0
834,0.0503,42,-0.1186,8,278,4,1,1,121,0
5215,0.0255,157,0.7054,19,3960,6,1,0,2709,0
101,0.0631,6,0.2256,9,2619,0,1,1,55,0
4154,0.047,262,0.2169,22,1136,3,0,1,431,0
69130,0.0346,1876,0.2407,18,142,3,1,0,25153,0
155,0.0697,11,0.5766,20,354,0,0,0,187,0
2543,0.0561,88,0.406,18,271,2,0,0,2594,0
549,0.0577,37,0.3956,6,307,3,1,0,324,0
3891,0.0514,246,0.943,6,3218,0,1,0,2838,0
1871,0.0488,49,0.5261,12,570,0,0,0,1630,0
569,0.0724,48,-0.0882,20,344,1,1,1,383,0
4351,0.0317,126,0.4063,20,314,0,1,0,2492,0
46528,0.0384,1115,0.3442,16,390,3,0,0,50316,0
1282,0.052,61,0.2454,7,1132,3,0,1,277,0
6604,0.053,242,0.5679,9,130,3,1,0,10606,0
176,0.0509,8,0.4109,9,733,3,0,0,151,0
323,0.0394,11,-0.2521,12,1015,1,1,1,30,0
4231,0.0482,252,-0.1763,8,117,0,0,0,1037,0
26144,0.0421,1403,-0.171,19,161,3,0,0,24375,0
3429,0.0623,236,0.4692,20,634,1,1,1,439,0
1029,0.0395,21,0.4489,11,2810,1,0,0,545,0
1805,0.0616,158,0.5078,9,2214,1,0,0,1989,0
190,0.0827,18,0.0864,11,361,1,1,0,262,0
5367,0.0419,120,0.596,18,2722,2,1,1,2344,0
8850,0.0307,358,0.0014,10,483,2,0,0,4602,0
801,0.0492,27,-0.2391,18,479,2,1,0,1569,1
775,0.0535,44,0.1896,11,730,1,1,0,2372,1
2917,0.0537,151,0.2431,11,1539,3,1,0,9869,1
823,0.0472,35,0.3617,19,361,3,1,0,396,0
1605,0.066,147,0.3088,10,446,1,1,0,2317,0
79181,0.0237,1761,0.0458,9,190,0,0,0,24509,0
1159,0.0344,22,0.3201,9,944,2,0,0,1281,0
948,0.0636,87,0.4236,10,1691,0,1,0,1820,1
563,0.0319,25,0.2745,9,1798,0,1,1,278,0
6901,0.0426,348,0.0153,21,169,0,0,0,4035,0
1304,0.0825,104,0.1079,17,453,0,0,0,787,0
561,0.0546,18,0.5848,7,2311,2,0,1,75,0
19503,0.0293,737,-0.3734,21,838,1,1,1,4222,0
23278,0.0392,525,0.313,17,688,0,1,0,24618,0
613,0.0538,18,0.1012,16,672,1,0,0,198,0
62,0.065,4,-0.2015,18,1143,0,0,0,54,0
11086,0.0494,361,0.0461,8,885,3,0,0,10329,0
527,0.0445,11,0.2597,20,374,1,0,0,1273,1
7503,0.0612,423,0.622,14,1605,1,1,0,7380,0
52,0.0666,2,0.4178,19,199,4,1,0,70,0
9015,0.0508,302,-0.0129,20,2495,2,1,0,8708,0
204,0.0524,6,0.3861,20,271,4,1,0,144,0
6737,0.0576,273,0.6244,8,1150,2,0,1,2044,0
1855,0.0473,106,0.7249,10,564,2,0,0,1917,0
324,0.0596,25,0.375,18,413,2,1,0,1321,1
868,0.0436,36,-0.0679,17,2585,1,1,0,608,0
6219,0.0351,219,0.757,18,1398,4,0,0,9017,0
2187,0.0561,65,0.5883,18,627,0,1,0,2889,0
5176,0.0414,121,0.1324,11,3809,1,0,0,5119,0
63423,0.0272,1308,0.2406,19,1771,4,0,1,7485,0
108,0.0548,6,0.3602,7,297,1,1,0,63,0
33222,0.0453,1867,0.745,17,69,4,1,1,11622,0
2181,0.043,103,0.4921,9,740,2,0,0,2029,0
358,0.0553,17,-0.3933,19,2653,0,0,0,551,0
164,0.0597,6,0.3787,17,1224,1,1,0,138,0
1286,0.0322,53,0.1482,7,3209,1,1,1,572,0
9499,0.0287,235,0.6386,8,365,4,1,0,12564,0
1437,0.0543,96,0.5235,16,591,2,0,0,1047,0
27448,0.0317,882,0.2119,16,606,3,1,0,47941,0
132,0.071,11,0.3088,20,846,2,0,1,52,0
1769,0.0598,148,0.6108,9,1432,3,0,0,1219,0
189,0.0662,17,0.4763,16,3402,0,1,0,172,0
3479,0.0656,236,0.4503,10,4199,2,1,0,7218,1
8923,0.0428,386,0.2123,17,3521,3,1,1,1850,0
847,0.0595,38,0.1249,8,1298,2,1,0,1514,0
50,0.0584,4,0.6848,10,472,1,1,0,26,0
2586,0.0731,181,0.2541,10,833,1,1,0,5588,1
3968,0.0667,166,0.6844,6,1280,0,1,0,2493,0
3743,0.0472,164,-0.2784,20,761,3,1,0,4144,0
16720,0.045,471,0.4733,21,266,4,1,1,6688,0
262,0.0713,18,-0.1921,9,418,0,0,1,95,0
6151,0.0436,284,0.5428,16,1584,0,1,0,7601,0
15467,0.0348,451,0.5293,11,519,5,0,0,19735,0
73,0.0715,2,-0.1092,8,681,2,1,0,130,0
3214,0.0485,224,0.7002,10,614,2,1,0,5390,0
729,0.0555,51,0.5606,16,272,1,0,0,516,0
1561,0.0422,88,0.1306,13,560,1,1,0,796,0
3380,0.0303,88,0.6268,19,420,3,0,0,4888,0
752,0.0559,52,-0.5003,20,333,2,0,1,166,0
535,0.0639,33,0.6726,19,230,2,1,0,2483,1
1922,0.0475,63,0.2068,9,601,5,1,0,2737,0
255,0.0722,11,-0.0801,23,1234,1,0,0,65,0
256,0.0508,10,-0.5531,21,2039,3,0,0,314,0
6141,0.0346,135,0.1791,18,164,1,1,0,14658,1
228,0.0576,19,-0.2434,8,3315,2,0,0,180,0
5999,0.0444,146,0.5733,8,891,2,0,1,634,0
4157,0.0544,212,0.304,20,215,3,0,0,8297,1
80,0.0547,4,-0.2413,16,444,2,0,0,58,0
533,0.0686,29,0.3694,12,101,4,1,1,65,0
15512,0.0611,1014,0.0861,9,131,0,0,1,7196,0
309,0.0567,11,0.7063,21,3719,1,0,0,589,1
783,0.0658,66,0.0121,17,330,3,1,0,889,0
4153,0.0361,124,0.2677,9,1137,2,1,1,2014,0
7406,0.0551,445,0.3483,18,595,1,1,0,11420,0
1149,0.0623,86,0.3366,11,677,1,1,0,2221,1
616,0.0629,53,0.2039,19,961,0,0,0,692,0
23394,0.0396,1237,0.6861,10,82,1,1,1,11965,0
41357,0.0079,363,0.4855,8,2486,1,0,0,16227,0
10529,0.0365,341,0.5739,18,602,3,1,1,11354,0
2108,0.0431,91,0.5824,19,401,3,1,0,4020,1
422,0.046,24,-0.2793,17,1062,4,1,0,245,0
405,0.0572,31,0.4177,21,323,3,0,0,526,0
4630,0.042,117,0.5618,10,819,3,1,1,4797,0
3839,0.0387,131,0.2073,9,563,1,0,0,2911,0
22536,0.0293,843,0.4337,10,1354,1,0,0,16373,0
5830,0.0382,207,0.5437,12,537,0,1,0,5727,0
120,0.072,7,0.1282,19,237,3,1,0,115,0
12010,0.0358,391,0.3038,10,955,3,1,0,7379,0
299,0.052,17,0.6917,7,507,3,0,0,175,0
905,0.0482,65,0.2163,8,107,2,1,0,1527,0
2836,0.0516,145,-0.2131,11,810,1,1,0,3036,0
65657,0.0402,1869,-0.1508,7,388,4,0,0,35629,0
487893,0.005,1616,0.3335,9,939,3,1,0,140221,0
5388,0.0558,163,0.7967,16,282,4,1,0,4949,0
1300,0.0657,90,0.4441,9,199,5,0,0,1205,0
4732,0.0356,176,0.4402,16,2164,2,1,0,8327,0
8935,0.0339,213,0.2973,19,1545,2,1,1,4350,0
1015,0.0478,57,0.6239,10,660,2,0,0,1229,0
45769,0.0295,1676,0.3218,14,1030,2,0,0,12022,0
2735,0.0506,105,0.8559,18,1495,2,1,0,16172,1
4429,0.027,100,0.4226,11,658,2,1,1,3562,0
5994,0.034,303,0.7266,8,198,1,0,1,431,0
3861,0.0624,210,0.7643,18,897,2,0,1,2042,0
8185,0.0347,357,0.4489,9,1812,1,1,0,7389,0
595,0.0669,37,0.4272,7,1203,1,1,0,889,0
661,0.0576,49,0.2198,22,705,3,1,0,1278,1
249,0.0398,12,0.2424,8,1170,3,1,0,92,0
3988,0.0532,247,0.3468,18,532,1,0,0,5048,0
7347,0.0432,430,0.4031,9,1889,3,1,0,18277,1
4121,0.0421,249,0.1059,7,2558,1,1,1,2860,0
36830,0.0404,1606,0.4891,19,181,1,1,0,61593,0
1789,0.0548,72,0.5919,8,2030,1,1,0,1863,0
6025,0.0523,282,-0.2159,21,5000,2,1,1,4132,0
253,0.0696,22,0.2694,8,1125,0,0,0,128,0
900,0.0569,58,0.563,15,1778,5,1,0,808,0
6323,0.0312,133,0.5185,17,348,4,0,0,3888,0
8336,0.0391,179,0.4856,17,401,2,0,0,6222,0
1065,0.0815,102,-0.0455,18,539,2,0,0,1723,0
1589,0.0578,68,0.9765,7,444,0,1,0,1488,0
117,0.0846,9,0.7021,15,179,1,1,0,257,1
950,0.0665,78,0.4837,11,559,2,1,0,2172,1
8979,0.046,438,-0.0784,22,1535,1,1,0,11939,0
5091,0.0489,145,0.1294,11,181,2,1,1,2394,0
4452,0.046,140,0.5432,20,795,1,1,0,15319,1
1977,0.0323,45,0.491,10,771,6,1,0,1350,0
1831,0.0501,69,0.3587,17,492,1,1,0,1963,0
550,0.0669,39,-0.2012,21,1092,1,1,1,234,0
6360,0.039,248,0.4241,10,994,1,1,0,15135,1
3857,0.0511,138,-0.0935,17,458,0,1,0,4817,0
4383,0.055,136,0.2372,16,1921,2,0,0,1284,0
701,0.0447,21,-0.3527,11,1165,0,1,0,1236,0
50,0.0598,4,-0.0258,9,3208,3,0,0,86,0
13028,0.0319,402,-0.5065,11,622,2,1,0,21863,0
763,0.0452,47,-0.0256,9,482,4,0,0,437,0
382,0.0433,22,-0.033,10,539,3,1,0,729,1
6299,0.036,229,-0.1731,18,2160,2,0,0,5901,0
892,0.067,72,-0.3982,21,573,1,1,0,524,0
12184,0.0332,280,0.109,16,609,1,0,0,4479,0
5489,0.0468,305,0.6225,11,4726,1,1,0,10904,1
6188,0.04,191,0.747,16,173,0,0,0,2493,0
154,0.0716,14,0.5043,8,950,1,1,1,58,0
16018,0.0544,508,-0.1228,19,625,1,1,0,58884,1
2893,0.0568,209,0.6378,18,517,1,1,0,12083,1
930,0.0557,31,0.4319,10,256,3,0,0,1697,1
2340,0.0467,150,0.4378,10,342,2,1,1,548,0
73,0.0509,2,0.1256,10,442,2,1,0,129,0
3772,0.0665,289,0.0058,12,1091,4,0,0,5331,0
283,0.0498,13,-0.0139,9,1560,4,1,0,255,0
158,0.0664,9,-0.3781,16,112,2,1,0,66,0
116,0.0715,9,0.4404,16,200,1,0,0,85,0
13397,0.0364,706,0.2351,21,1150,1,1,0,7456,0
582,0.0649,20,0.3888,8,1251,1,0,0,557,0
28587,0.0466,1890,0.7738,10,153,3,1,1,25590,0
689,0.0711,54,-0.1405,19,1594,0,1,0,916,0
83,0.0576,6,-0.3586,17,655,2,1,0,115,0
242,0.0452,9,0.4732,18,1403,0,0,1,83,0
16721,0.036,585,-0.6688,11,283,2,0,0,15471,0
1365,0.0532,99,0.1403,23,165,1,1,0,568,0
673,0.0545,33,0.0408,10,488,6,1,0,587,0
2411,0.0449,112,-0.0241,19,510,2,0,0,3307,0
4461,0.0273,63,-0.4894,22,482,2,0,0,2855,0
13511,0.0467,415,0.1547,17,450,2,1,0,10254,0
24521,0.0593,1659,0.6547,21,3615,0,1,1,19980,0
946,0.0572,65,-0.1136,23,121,1,0,0,212,0
166,0.0656,11,0.6735,18,285,3,0,0,352,1
858,0.0587,32,0.5,19,437,3,1,0,942,0
2888,0.0521,142,-0.4662,19,681,1,1,1,1812,0
319,0.0662,18,-0.5432,11,1354,0,0,1,64,0
322,0.0608,19,-0.3462,20,1580,2,1,0,413,0
3357,0.0444,204,0.5712,11,1951,3,1,0,6394,1
1656,0.0424,89,0.4482,9,1076,2,0,1,563,0
1917,0.0473,52,-0.0634,20,117,1,1,0,1516,0
461,0.0586,37,0.6112,15,125,1,1,0,408,0
1194,0.0485,56,0.4703,10,2094,1,0,1,391,0
342,0.0598,25,0.2697,20,1963,1,1,1,263,0
8976,0.048,275,0.5919,10,1256,5,1,0,7835,0
11654,0.0509,694,-0.153,18,292,2,1,0,16063,0
65,0.0761,3,0.3,20,481,2,1,1,19,0
339,0.0575,18,-0.508,9,446,1,1,0,397,0
122,0.0477,3,0.3237,21,238,0,0,0,59,0
561,0.0512,18,0.371,19,861,0,1,0,545,0
1555,0.051,46,-0.2438,22,5000,2,0,1,487,0
133,0.0421,4,0.2274,19,405,3,0,0,67,0
344,0.0705,14,0.342,19,2432,2,1,0,421,0
296,0.0586,20,0.5184,19,274,0,1,0,261,0
2625,0.0523,72,0.2311,19,143,2,1,1,2682,0
2048,0.0632,144,0.3789,8,1785,1,1,0,1600,0
493,0.0489,15,-0.1964,17,534,3,1,1,95,0
2485,0.0545,195,0.1408,7,2371,1,0,0,1568,0
675,0.0528,51,-0.5493,14,2895,1,0,0,69,0
1108,0.0501,40,-0.0844,7,503,4,1,0,386,0
36761,0.0302,1238,0.0296,11,2547,5,1,1,6042,0
20187,0.057,607,0.4802,15,276,3,1,0,40451,1
174,0.0556,13,0.6879,8,272,1,1,0,238,0
8050,0.051,420,0.2128,16,1943,0,1,1,1033,0
7789,0.0254,107,-0.2788,18,141,6,1,0,5316,0
228,0.0701,13,0.5261,18,664,4,1,0,355,0
7893,0.0546,248,0.8193,15,2320,5,1,0,7387,0
28804,0.0399,1026,0.6549,21,2481,0,1,0,52608,1
239,0.0558,15,0.3276,16,431,2,0,0,223,0
346,0.0606,20,0.3314,15,1824,1,1,1,64,0
11291,0.0656,654,0.6553,23,216,1,0,1,2414,0
2947,0.0304,55,0.4298,16,341,0,0,1,614,0
4878,0.0538,195,0.6862,10,837,1,1,0,8515,0
3337,0.0384,76,-0.2155,19,970,1,1,0,3565,0
3652,0.047,224,0.2608,10,233,1,0,0,4019,0
166,0.057,6,0.4455,17,4282,1,1,0,232,0
11910,0.0382,498,0.2388,10,101,3,0,1,3131,0
14842,0.0415,518,-0.2253,18,702,4,0,0,15180,0
1196,0.0403,34,0.277,8,809,1,0,1,110,0
1671,0.0606,115,0.1387,21,115,2,1,0,2547,0
114,0.0431,4,0.3753,9,2500,2,0,0,97,0
4562,0.0517,212,0.2362,23,317,1,0,1,1156,0
5062,0.0426,235,0.4367,17,733,2,1,0,3491,0
1616,0.0387,62,0.202,11,923,2,0,0,2418,0
13681,0.0439,482,0.4115,22,155,2,1,1,3034,0
990,0.0368,38,-0.0268,21,227,0,1,1,197,0
4995,0.0463,270,0.1927,8,3174,3,1,1,2804,0
288,0.0431,6,0.7125,10,622,1,0,0,127,0
1732,0.0548,91,0.723,20,44,4,1,0,1511,0
1321,0.042,30,0.3914,15,491,1,0,1,171,0
2712,0.0439,81,-0.2237,19,643,5,0,0,2458,0
929,0.0556,54,0.1483,10,828,3,1,1,322,0
1427,0.0432,84,0.1417,12,90,0,0,0,1274,0
7997,0.0435,480,0.4943,10,645,0,1,1,5099,0
823,0.038,17,0.0187,20,289,3,1,0,1622,1
100,0.0678,6,-0.4262,11,829,2,1,0,65,0
42161,0.0551,2513,0.6912,20,1103,7,1,0,120046,1
21733,0.068,955,0.2734,10,992,2,0,1,10745,0
176,0.0602,13,0.4317,7,2708,3,1,0,616,1
6257,0.0529,411,0.4236,19,5000,1,1,0,14100,1
731,0.0358,36,0.0837,10,214,1,0,0,1087,0
2905,0.0631,93,0.0217,15,453,4,0,0,4720,0
3070,0.0556,122,0.9359,19,1398,0,1,0,3310,0
1185,0.0468,73,0.0933,17,585,5,1,1,250,0
441,0.068,35,0.6237,11,43,2,1,0,492,0
521,0.0524,38,-0.0992,17,548,0,1,0,433,0
347,0.052,10,0.6402,9,2285,3,1,0,582,0
404,0.0607,26,0.1206,17,164,6,1,0,755,1
1602,0.0398,68,-0.2295,9,829,2,1,1,970,0
498,0.0654,17,0.552,9,98,2,0,0,697,0
6171,0.0345,215,0.3518,10,1587,4,0,1,1322,0
26292,0.0288,839,0.7916,19,846,1,0,0,29898,0
636,0.0451,19,0.2385,18,376,0,1,0,1061,0
2782,0.0559,120,0.5458,10,437,3,0,0,1636,0
4444,0.0402,203,-0.0679,20,148,3,1,1,6192,0
4228,0.0331,135,-0.0621,11,1821,2,1,0,3062,0
2072,0.0434,122,-0.0008,10,299,2,1,0,3673,0
6883,0.0443,257,-0.3602,7,1096,2,1,0,16631,1
4307,0.0347,114,0.3646,18,254,2,0,0,4094,0
194,0.0474,13,0.0964,9,5000,2,0,1,105,0
8642,0.0649,790,0.1956,7,3164,1,0,0,5366,0
8929,0.035,165,0.3708,7,5000,2,1,0,5382,0
457,0.0523,30,-0.0518,20,5000,3,0,1,179,0
1935,0.0461,54,0.3276,8,352,1,0,0,1117,0
6185,0.0409,133,0.3454,16,274,4,0,1,563,0
1240,0.0577,55,0.0852,15,5000,2,0,0,424,0
12473,0.0518,496,0.2545,18,577,2,0,0,34093,1
127385,0.0299,5028,0.0159,8,1530,1,1,0,150962,0
439,0.0433,23,0.7197,18,357,1,0,0,282,0
150,0.0727,16,-0.3735,10,363,3,1,0,545,1
3124,0.0469,177,0.2731,10,1525,3,1,0,6670,1
6626,0.0621,377,-0.2006,9,92,0,0,0,1571,0
1193,0.0292,41,0.7686,20,1455,1,1,0,1265,0
24732,0.0415,1538,0.678,11,1123,0,0,0,14068,0
162,0.0788,15,0.6547,18,391,1,1,0,612,1
6293,0.0415,329,-0.6474,11,681,1,1,0,4627,0
607,0.0521,45,0.5907,18,796,1,1,0,958,0
39929,0.0406,994,0.1422,19,843,2,0,1,34355,0
65285,0.0301,2364,0.525,9,1326,2,1,0,118819,1
454,0.0524,32,0.344,19,294,4,0,0,119,0
672,0.0506,49,0.0893,8,5000,1,0,1,126,0
8495,0.0375,226,0.469,19,541,3,1,0,9038,0
900,0.0651,58,0.6073,8,583,1,1,0,1440,0
1666,0.0549,108,0.3224,15,4650,2,1,0,1950,0
1892,0.0523,73,0.4354,11,106,2,1,1,1661,0
57,0.0718,4,0.2442,16,4602,2,1,0,62,0
1763,0.0475,63,0.5302,9,730,1,1,0,3405,1
522,0.0472,20,0.868,19,391,0,0,1,67,0
744,0.0475,33,0.3907,15,217,4,0,1,43,0
24307,0.0396,991,-0.0242,9,186,2,1,0,77126,1
188,0.0484,8,0.2419,10,472,1,0,0,214,0
7814,0.0391,303,0.2518,19,878,4,1,0,3694,0
1094,0.0468,40,0.3642,12,1239,1,0,1,177,0
1092,0.0733,52,0.6444,16,867,2,1,1,112,0
7500,0.0166,68,0.3578,16,399,0,1,0,2099,0
3334,0.0458,106,0.454,11,2538,0,1,0,4574,0
5049,0.0631,344,0.2863,9,5000,0,1,0,12805,1
10329,0.0442,587,0.1143,18,2964,4,0,0,4971,0
995,0.0599,39,0.063,8,464,2,1,0,2376,1
600,0.0554,20,-0.0147,7,1098,3,1,0,465,0
256,0.0511,16,-0.0141,11,1171,4,1,0,561,1
409,0.0335,11,0.1188,19,3306,2,1,0,550,0
365261,0.0308,16340,-0.5191,8,474,3,1,0,315858,0
16990,0.0333,686,0.0247,18,253,1,0,1,4360,0
158,0.0517,6,0.5475,18,2066,1,1,1,85,0
167,0.0545,7,0.42,17,998,3,0,0,244,0
4304,0.064,281,-0.1732,17,219,6,1,1,1236,0
4841,0.0701,196,0.3552,7,1346,2,1,0,2560,0
4856,0.0482,144,0.6394,11,4180,5,1,0,9625,1
1142,0.0472,36,-0.2157,11,332,2,1,0,969,0
1442,0.0391,71,0.5574,17,272,3,1,0,1479,0
3262,0.0523,173,0.7335,9,685,3,1,1,2856,0
2110,0.0672,72,-0.1103,21,1313,1,1,0,4803,1
50,0.0618,3,0.1805,9,617,2,0,0,65,0
1195,0.0279,30,-0.273,9,2068,3,0,0,704,0
390,0.0628,24,-0.1634,16,863,2,1,1,82,0
2478,0.0586,103,0.4164,8,1829,1,1,0,4283,0
389830,0.0126,5185,0.3693,17,323,0,1,0,116684,0
3503,0.0491,254,0.6448,16,194,2,0,0,948,0
1028,0.0568,33,-0.0504,11,473,2,1,0,2383,1
9501,0.0426,317,0.0596,20,173,2,0,0,5031,0
4310,0.0386,123,0.8737,19,1001,6,1,0,6838,0
3851,0.0571,164,0.6595,19,88,1,0,0,7003,1
5390,0.0416,197,0.6896,17,422,2,0,0,2996,0
73260,0.0203,1964,0.2672,8,499,4,1,0,56673,0
236,0.0376,12,0.0192,20,233,2,0,0,61,0
4240,0.0592,176,0.2337,20,489,2,0,0,5707,0
341,0.0628,22,0.9409,10,667,1,1,1,354,0
4914,0.0469,261,0.1326,19,2366,4,1,0,7391,0
345,0.0522,18,-0.1708,9,234,1,0,0,267,0
852,0.0477,37,0.4468,6,950,0,0,0,217,0
1062,0.0414,30,-0.2299,9,1159,3,0,0,827,0
10472,0.0387,400,0.5811,19,651,2,0,0,11877,0
9444,0.0222,188,0.5087,9,404,0,0,1,1593,0
192,0.0516,12,0.3632,9,212,2,1,0,343,0
1995,0.0465,117,-0.5046,9,4440,4,1,1,893,0
504,0.0612,19,-0.5441,19,715,1,1,0,1147,1
187,0.0587,6,0.3621,21,485,1,1,0,153,0
1223,0.0595,102,0.2857,21,5000,0,0,1,207,0
1037,0.0657,70,0.6569,18,830,2,0,0,691,0
142641,0.0431,8349,0.4853,10,5000,1,0,1,63358,0
3941,0.0516,113,0.7841,6,161,2,1,0,3758,0
151,0.06,9,0.2382,7,524,3,0,0,59,0
654,0.0443,30,-0.2055,18,169,4,1,1,557,0
11367,0.05,774,0.1388,16,588,4,0,0,6230,0
77590,0.0518,2400,-0.1765,20,585,5,1,0,37574,0
104,0.0648,4,0.2644,9,420,3,1,0,201,1
61,0.0827,4,-0.0381,21,701,0,1,0,51,0
52456,0.0213,1524,0.449,9,441,2,1,1,24488,0
3645,0.0357,186,0.2277,7,595,2,0,0,1241,0
378,0.0648,36,0.7349,8,312,1,0,0,155,0
4733,0.0488,336,-0.2601,18,2815,2,0,0,4057,0
50,0.0774,1,0.5186,11,219,4,1,0,225,1
1819,0.0498,49,0.5633,9,822,3,1,0,3777,1
3261,0.039,82,0.0176,6,201,0,1,0,2890,0
9544,0.0412,333,0.3655,12,288,2,0,0,7174,0
291,0.042,16,0.2402,10,321,0,1,0,211,0
2109,0.0381,111,-0.2741,23,583,1,1,0,1589,0
341,0.0664,15,0.6879,10,792,1,1,0,646,1
2863,0.0569,182,0.3548,9,219,1,1,1,1666,0
360,0.0601,30,0.5778,18,439,0,0,1,96,0
867,0.0357,29,0.3364,23,246,1,1,1,360,0
301,0.0536,9,0.442,7,236,0,1,0,204,0
5837,0.0331,184,-0.0103,18,2066,3,1,0,20729,1
8477,0.0556,412,0.6811,11,165,0,1,0,18836,1
1185,0.0458,58,-0.2068,17,716,1,1,0,1355,0
1936,0.0389,70,0.8397,16,3633,1,1,1,483,0
133,0.0607,4,0.049,18,2221,5,1,0,248,1
1054,0.0458,72,-0.3577,9,1017,6,0,0,817,0
1651,0.0652,112,-0.01,11,654,2,1,0,3325,1
202283,0.0238,4683,0.6116,9,1389,1,1,0,363740,0
244,0.044,15,0.5147,7,962,3,1,0,573,1
25223,0.0179,296,0.6558,11,2759,4,1,1,7086,0
10876,0.0425,318,0.4796,7,581,2,1,0,6311,0
2996,0.0424,165,0.2685,15,1810,2,1,1,468,0
42852,0.023,751,0.1784,23,480,1,1,0,19494,0
3532,0.0592,271,0.5831,16,4418,2,0,1,1566,0
3642,0.0539,151,-0.0691,10,565,3,1,0,3116,0
1643,0.0501,43,0.5817,10,131,1,1,0,10442,1
16357,0.0548,912,0.5079,23,718,1,0,0,16206,0
13012,0.0487,441,0.4341,9,1428,0,0,1,4130,0
586,0.0463,34,0.0481,9,3390,0,1,0,997,0
168,0.0491,9,0.1824,8,245,0,0,0,143,0
1254,0.0596,106,0.1795,10,116,0,1,1,571,0
428,0.0597,32,-0.3695,16,1093,1,1,0,800,1
1612,0.0522,57,0.5811,10,1059,1,1,1,991,0
16770,0.0326,711,-0.2198,18,162,0,0,0,6248,0
793,0.0594,53,-0.0106,12,478,4,0,0,570,0
1673,0.0428,83,0.6984,17,500,3,1,0,2864,0
2007,0.0486,129,0.7104,22,1514,2,1,0,964,0
8326,0.0584,521,0.5447,9,439,2,0,0,17034,1
50,0.0577,2,-0.2577,8,430,3,1,0,55,0
606,0.0386,26,0.3794,12,745,4,1,0,293,0
2644,0.038,80,0.3541,8,167,3,1,1,1911,0
15680,0.0513,549,0.1489,13,4450,3,1,0,7556,0
745,0.0561,46,-0.0075,11,1692,3,1,0,1233,0
61,0.0622,2,0.3709,8,329,3,0,0,38,0
5516,0.0404,129,0.5501,21,217,2,1,0,17127,1
576,0.0594,17,0.0145,9,235,3,0,1,266,0
212,0.0501,11,0.1926,8,1196,3,1,0,393,1
587,0.0575,29,0.8135,10,242,2,0,0,995,0
1297,0.044,71,-0.1368,19,518,1,0,0,523,0
608,0.0454,24,0.3419,10,122,3,1,1,370,0
50,0.0579,2,0.855,9,1142,2,0,0,79,0
9088,0.0398,327,0.5061,9,1186,0,0,0,5337,0
17939,0.0403,832,0.5867,15,553,2,0,1,3158,0
5841,0.0477,238,0.1283,8,807,5,1,1,1305,0
233,0.0213,7,0.3686,7,1474,2,1,0,237,0
1258,0.0434,78,0.7639,12,785,3,1,1,302,0
1786,0.0461,111,0.5404,10,1452,3,1,0,3570,1
5312,0.0607,458,0.4076,18,206,1,0,0,12488,1
6021,0.0344,196,0.1666,8,971,1,1,1,2850,0
482,0.0569,28,0.2075,12,807,0,0,0,305,0
2095,0.0644,167,0.5142,9,2212,1,0,0,2990,0
4117,0.0336,165,0.3247,11,685,1,1,0,8433,1
24846,0.0435,1501,0.039,20,603,2,0,0,20556,0
6426,0.0369,288,0.5455,17,381,3,0,0,5069,0
7482,0.0393,440,0.6653,9,2954,2,1,0,18330,1
2102,0.0414,73,0.3536,18,63,3,1,0,1822,0
22898,0.0325,992,0.0495,9,1108,4,1,0,16921,0
3780,0.0743,336,0.5537,9,651,4,1,0,5017,0
383,0.0646,29,0.2638,8,553,2,1,0,661,0
22608,0.0509,950,-0.0695,9,478,0,0,0,16117,0
6350,0.0499,407,0.7915,19,629,5,1,0,6434,0
814,0.0371,42,0.4579,8,1073,4,0,0,181,0
762,0.0574,31,0.0004,7,300,1,1,0,872,0
3083,0.0586,203,-0.2292,18,761,2,1,0,7620,1
4161,0.0381,141,0.1067,17,944,0,1,1,1009,0
2578,0.0582,223,0.4579,9,256,2,0,1,867,0
3166,0.0548,169,0.178,16,1100,1,1,0,5595,0
38558,0.0563,1580,0.5242,18,952,4,0,0,85114,1
12441,0.0381,418,0.323,23,299,2,1,0,15354,0
2548,0.0377,110,0.1106,18,202,3,1,0,6069,1
9841,0.0396,224,0.1007,19,295,1,0,0,6042,0
281,0.0718,22,0.0647,10,761,2,0,0,362,0
3700,0.0289,152,0.1284,9,616,3,0,0,5343,0
46945,0.0163,1032,-0.0679,12,2680,2,0,0,13212,0
1221,0.0525,36,-0.0467,7,460,2,1,0,369,0
393,0.0517,30,-0.0168,16,273,4,1,0,261,0
559,0.0548,36,0.3315,9,1283,0,1,0,397,0
254,0.0673,11,0.2771,11,249,1,1,0,434,0
440,0.0501,11,0.5951,20,301,0,1,0,688,0
928,0.0339,21,0.5784,9,305,6,1,0,1605,0
144,0.0805,15,0.3059,8,33,1,1,1,67,0
1859,0.0399,38,0.3657,11,1172,1,0,0,1532,0
9173,0.0329,221,0.5858,19,1702,0,1,0,6510,0
352,0.0676,29,-0.1846,7,1663,0,1,0,521,0
27853,0.0352,1065,0.4472,17,4382,3,1,0,29573,0
4534,0.0457,265,0.4216,19,3001,3,0,0,3846,0
11556,0.0474,682,0.6393,18,476,3,1,0,21478,1
553,0.0656,19,0.2052,13,2016,2,1,1,252,0
8418,0.0405,474,0.6235,19,603,2,1,0,14873,0
253,0.0731,13,0.0172,19,434,2,1,1,165,0
8977,0.0222,210,0.784,20,312,4,1,1,4100,0
2463,0.0564,158,0.4805,11,508,1,1,0,6187,1
4894,0.0376,123,0.6293,20,924,1,1,0,6490,0
217,0.0722,23,-0.0893,10,3232,0,1,0,321,0
360,0.0579,20,0.4942,11,1378,3,1,0,204,0
5297,0.039,115,0.6839,18,307,3,1,0,6281,0
327,0.0635,29,0.09,11,234,1,1,0,208,0
4162,0.0556,251,0.4576,10,1174,2,1,0,9788,1
154,0.0662,12,0.2487,9,1639,2,1,0,206,0
8322,0.0336,286,0.2247,8,2269,0,0,0,1464,0
196,0.054,14,0.2918,12,508,0,0,0,111,0
4886,0.046,119,-0.0813,20,1063,1,1,0,9423,1
5575,0.0451,193,0.3895,9,1565,1,1,0,4033,0
515,0.0625,31,-0.0299,12,172,2,0,0,431,0
5154,0.0257,76,0.5152,18,878,1,0,1,567,0
2889,0.0515,179,0.5508,20,1643,4,1,0,4680,0
685,0.051,31,0.2879,13,1108,1,1,1,298,0
294,0.0489,11,0.5485,10,613,3,0,0,142,0
52,0.0567,1,0.8226,9,5000,3,1,0,204,1
3392,0.0453,187,0.3092,15,4584,2,1,1,2189,0
108,0.0252,3,0.2052,9,671,2,0,0,75,0
2146,0.0423,81,0.0765,13,550,1,1,1,972,0
1125,0.0431,51,0.3605,9,1339,1,1,0,1414,0
6139,0.0504,225,-0.1252,19,627,5,1,1,1189,0
1049,0.0441,51,0.3493,20,2372,5,0,0,1201,0
999,0.0502,25,0.1358,19,187,1,1,0,1508,0
6750,0.0602,401,-0.0125,12,522,3,0,0,4149,0
3304,0.0575,217,-0.0496,18,1319,2,1,0,9166,1
3194,0.0567,257,0.0135,11,1814,3,0,1,2539,0
4207,0.0416,154,-0.1489,18,151,0,1,0,2809,0
113,0.0665,9,0.5747,11,256,3,0,0,143,0
7060,0.0422,327,-0.3179,8,124,1,1,1,1623,0
5444,0.0436,338,-0.1902,11,277,4,1,0,5436,0
290,0.0614,15,0.5854,8,185,1,0,1,54,0
1165,0.0458,43,-0.0714,10,1140,0,0,1,159,0
1684,0.0652,152,0.6532,20,836,1,1,0,2092,0
1419,0.0494,38,-0.2975,9,570,3,0,1,209,0
3297,0.0538,112,0.6831,18,682,1,0,0,3090,0
23776,0.0543,751,0.1942,11,2195,1,1,0,52059,1
12672,0.0525,894,0.5516,15,234,1,0,0,2969,0
170,0.0453,3,0.0166,17,96,3,1,1,98,0
5539,0.05,376,-0.0891,15,1353,2,1,0,5082,0
19773,0.0489,920,0.3395,21,449,3,1,1,4158,0
3627,0.0561,102,0.5485,10,240,2,0,0,5336,0
12884,0.031,360,-0.0592,10,1157,3,1,0,38729,1
67648,0.0289,1344,-0.3096,16,92,2,0,0,35510,0
11414,0.0526,674,0.1945,16,282,3,0,0,17990,0
2832,0.0406,135,-0.065,10,61,1,1,1,732,0
11862,0.0395,462,0.4427,21,861,3,1,0,13781,0
2346,0.0647,82,0.423,10,3208,3,1,1,626,0
1887,0.0493,107,-0.1785,22,374,2,1,0,1545,0
960,0.0453,58,0.656,12,301,0,0,0,1179,0
30156,0.03,1102,0.4529,10,3962,1,0,0,39159,0
414,0.0592,32,0.4074,10,1245,0,0,0,293,0
28517,0.0256,512,0.3523,15,5000,2,1,1,8645,0
4445,0.0439,271,0.3863,8,781,3,0,0,958,0
145,0.0634,7,0.6249,7,834,0,0,0,99,0
3504,0.0603,108,0.7181,19,2820,1,0,0,5851,0
50,0.0709,4,0.4209,20,573,2,1,0,59,0
5574,0.0384,308,0.443,22,851,1,1,1,859,0
8896,0.0554,569,0.4075,7,59,4,0,1,1637,0
622,0.0513,23,-0.1009,9,3780,4,0,0,284,0
2258,0.0368,62,0.4552,18,983,3,0,0,5975,1
60930,0.0342,2014,0.4067,23,597,2,1,0,68042,0
727,0.068,69,0.351,11,1648,1,1,0,1879,1
268,0.0593,10,0.624,22,204,3,0,0,152,0
26029,0.0395,1361,-0.1494,18,383,2,1,0,53174,1
61861,0.0522,2557,0.5732,18,1156,2,1,1,61325,0
1820,0.0357,84,-0.0978,19,695,6,1,1,556,0
11166,0.0299,473,0.4379,19,1039,2,1,0,10455,0
20224,0.0242,453,-0.2671,8,853,1,1,0,7970,0
475,0.0591,24,0.4437,8,1249,1,1,0,341,0
754,0.0552,54,0.8823,18,177,1,1,0,536,0
16573,0.0566,965,0.1117,19,2387,1,1,0,27706,0
37534,0.0403,1791,0.4127,20,409,1,0,0,36185,0
4980,0.0419,234,0.4267,9,704,1,0,1,702,0
371,0.0563,13,0.3112,11,364,0,1,0,626,0
64647,0.0369,3205,-0.1255,7,498,4,1,0,20613,0
695,0.0371,17,0.3495,8,836,2,0,1,153,0
989,0.0795,112,0.1972,10,1387,0,1,0,1013,0
3348,0.0527,132,0.5039,17,1637,2,1,0,2324,0
29658,0.0409,1497,0.5704,17,1025,0,0,0,12630,0
8409,0.05,329,0.5241,9,366,0,1,0,17546,1
3815,0.0541,168,0.7063,8,962,1,0,0,2543,0
4162,0.0453,152,0.1441,15,845,3,1,0,7682,1
1955,0.0434,105,0.6925,16,705,5,1,0,1313,0
4937,0.052,271,0.319,10,1134,5,1,0,9802,1
50,0.0681,4,0.4297,14,185,4,0,1,10,0
1060,0.044,37,0.6219,9,87,5,1,0,1144,0
2791,0.0625,207,0.1813,16,2186,1,0,0,1412,0
227,0.0612,17,0.3111,18,583,2,0,1,65,0
3624,0.0545,128,0.4957,8,1008,3,1,0,2108,0
1251,0.0654,73,0.716,15,279,3,0,0,2405,1
42610,0.0376,1573,0.1711,11,2350,2,0,0,64391,0
30682,0.0418,1098,-0.1627,17,943,2,1,0,39363,0
781,0.0615,39,0.3352,9,555,0,1,0,891,0
1378,0.0438,71,0.4012,17,885,1,1,0,778,0
1582,0.0511,57,-0.4338,10,116,0,1,1,1931,0
801,0.0545,52,0.5683,10,965,2,0,0,468,0
2568,0.039,143,-0.458,16,2941,1,0,0,962,0
461,0.0786,38,0.307,10,911,0,1,0,798,0
236,0.0441,11,0.4998,18,801,2,0,0,218,0
5546,0.0325,102,0.1267,11,484,2,0,0,4005,0
5614,0.0586,448,0.4882,10,1964,2,1,0,11826,1
425,0.0629,21,0.4136,11,2277,1,0,0,252,0
9060,0.0333,336,0.296,11,431,1,1,0,15625,0
580,0.0606,51,0.429,18,952,1,1,1,271,0
2851,0.0629,196,0.4112,17,839,1,0,1,191,0
7915,0.0438,424,0.6569,16,994,0,1,1,2408,0
1701,0.0762,122,0.443,18,307,5,1,1,850,0
4099,0.0295,67,0.4813,10,2085,4,1,0,3946,0
713,0.0607,56,-0.2548,17,1170,1,0,0,254,0
1269,0.0631,42,0.5233,7,2213,1,1,0,1821,0
1248,0.0604,90,0.1297,17,218,1,1,0,889,0
471,0.0533,13,0.1243,9,231,5,0,0,717,0
1315,0.0484,86,-0.0944,10,5000,1,0,0,1063,0
111,0.0656,4,0.1532,20,2094,3,1,0,137,0
746,0.0617,46,0.257,8,294,1,1,0,528,0
1082,0.0581,68,-0.0067,11,1584,2,1,0,1515,0
1140,0.0622,67,0.5589,17,417,1,1,0,268,0
1170,0.0415,40,0.2396,23,121,3,0,0,1301,0
1617,0.0482,75,0.3336,8,81,0,1,0,835,0
4285,0.0371,129,0.3795,18,650,0,1,1,1306,0
8726,0.0398,326,0.3489,10,3167,4,0,0,4731,0
561,0.0648,31,0.3381,7,3045,1,0,0,378,0
207,0.0597,13,0.2618,9,2345,1,0,0,181,0
277,0.0836,17,0.3525,14,1525,1,0,0,149,0
752,0.0554,62,0.1246,19,913,0,0,0,562,0
959,0.0531,50,0.0131,8,2104,2,1,0,864,0
452,0.0566,17,0.1532,10,89,1,1,1,271,0
175,0.0529,9,0.5737,8,1789,0,0,0,147,0
795,0.0527,57,0.3626,12,216,4,1,1,373,0
2506,0.06,78,-0.3806,10,267,1,0,1,1027,0
5276,0.0469,291,0.3554,18,1333,4,1,0,8751,0
662,0.0461,31,-0.029,9,1683,0,1,0,505,0
859,0.0437,25,0.2466,10,361,1,0,1,402,0
341,0.0522,23,0.604,17,1269,2,1,0,338,0
1708,0.051,75,0.2667,20,1167,0,0,1,803,0
392,0.068,21,-0.3739,11,487,0,1,1,275,0
5072,0.0325,218,0.5551,21,775,3,1,0,9355,1
72,0.0596,4,0.607,22,5000,3,1,0,61,0
946,0.054,71,0.25,23,501,0,1,0,1358,0
3108,0.0295,103,0.165,21,519,4,1,0,17394,1
2517,0.0403,125,0.5394,20,772,1,1,0,3049,0
230374,0.0238,7331,-0.206,10,553,2,1,0,160941,0
3393,0.0395,74,0.2614,20,1466,1,1,0,5236,0
296,0.0591,22,0.0288,10,2890,2,0,0,342,0
1522,0.0491,83,0.1715,8,519,3,0,0,1160,0
73,0.0572,2,-0.3791,10,282,0,0,0,70,0
1563,0.0549,86,0.4872,9,4792,1,0,0,2616,0
403,0.0732,17,-0.3134,18,749,2,1,1,117,0
9392,0.0598,694,-0.119,17,120,3,0,0,4137,0
672,0.0347,24,0.7392,19,4282,1,1,0,833,0
1465,0.0566,120,0.6185,10,2051,5,1,0,1619,0
575,0.0528,20,0.153,10,3298,0,1,0,1814,1
41354,0.039,1785,-0.1264,22,2791,2,0,1,9972,0
1014,0.0483,34,0.3217,8,5000,0,0,0,254,0
48952,0.038,2071,0.3402,13,235,2,1,0,55691,0
7828,0.0457,436,0.5502,9,300,2,1,1,7088,0
4305,0.0407,214,0.5663,11,406,3,1,0,13345,1
3511,0.0384,177,0.4052,20,395,1,0,0,2083,0
3673,0.0427,212,0.2122,9,752,3,1,0,6681,1
56,0.0662,2,0.1632,19,407,2,1,0,57,0
1094,0.058,53,0.0509,20,202,3,1,0,2148,1
8277,0.0524,515,0.2259,22,277,1,1,0,4919,0
1655,0.0454,75,0.5631,21,495,1,1,0,1119,0
144,0.0629,6,0.4211,12,2088,3,1,0,118,0
1645,0.06,103,0.4458,8,374,2,1,0,2702,0
38847,0.0494,1740,0.4694,11,1495,2,1,0,62389,0
17058,0.0404,613,0.0887,10,177,1,1,0,19623,0
1617,0.0482,102,0.536,21,30,3,1,1,3578,1
10022,0.0451,409,-0.3796,18,582,0,1,0,8812,0
934,0.0411,20,-0.0854,10,361,6,1,0,494,0
84,0.0603,2,-0.1032,19,275,1,0,0,163,1
342,0.0641,29,-0.0475,19,244,6,0,1,96,0
30127,0.0452,1987,0.5682,8,327,1,1,0,19743,0
1104,0.0493,64,0.361,10,247,2,1,0,1975,0
1166,0.0539,54,0.0715,10,271,2,1,0,3534,1
1053,0.0439,66,0.62,9,170,3,0,1,331,0
55683,0.0433,2805,0.5322,14,79,0,0,0,25600,0
33749,0.0375,1702,0.229,21,73,2,1,0,79896,1
98106,0.0313,3882,-0.0059,18,5000,2,0,0,124125,0
1357,0.0475,56,0.3218,10,624,0,1,0,2301,0
3078,0.0472,142,0.3315,17,3055,1,0,1,620,0
117,0.0564,4,0.3483,19,556,3,1,0,233,1
25809,0.0459,939,0.1792,20,575,5,1,1,9795,0
220,0.0545,15,0.1083,20,903,1,1,0,649,1
2670,0.0644,239,0.1577,21,1261,2,1,1,2016,0
250,0.0726,22,0.5332,19,191,4,1,0,481,1
626,0.0453,27,-0.194,11,454,1,1,0,504,0
400,0.0567,13,0.4683,10,902,2,1,0,742,1
605,0.0479,16,-0.07,8,96,1,1,0,289,0
685,0.0506,30,0.6384,11,2434,2,1,0,807,0
673,0.074,47,-0.185,17,1925,1,0,1,74,0
8103,0.0409,367,0.5717,19,81,6,1,0,12847,0
247,0.0615,7,-0.2053,18,276,2,0,1,56,0
2689,0.0538,215,-0.0543,17,738,1,1,0,2234,0
16192,0.0312,436,0.3972,10,1543,3,1,0,16596,0
717,0.0451,43,-0.1828,8,3059,4,1,0,567,0
496,0.0431,22,-0.2471,9,351,1,1,1,373,0
1193,0.0428,32,0.5123,9,5000,1,0,0,594,0
15115,0.013,255,0.3399,18,633,3,1,0,29434,1
2564,0.054,167,0.3444,16,531,3,1,1,670,0
694,0.0744,53,0.4339,13,1166,2,1,1,158,0
4319,0.048,210,0.0824,17,907,1,0,0,2048,0
248,0.0438,6,0.1108,22,858,1,0,1,75,0
6163,0.0387,275,0.6177,12,4895,1,0,0,5622,0
3772,0.0425,226,0.9033,20,851,3,1,0,3058,0
1038,0.042,25,0.0221,14,248,3,0,0,544,0
399,0.0646,19,-0.247,10,287,3,0,1,48,0
366,0.0645,33,0.4561,10,2900,1,1,0,331,0
4734,0.0346,128,0.0737,17,1317,3,1,1,856,0
16517,0.0484,922,0.5692,8,140,4,0,1,1866,0
574,0.0699,41,0.6184,18,133,3,0,1,291,0
4126,0.0657,297,0.0315,8,682,2,1,1,1618,0
50,0.0929,4,0.3718,10,1232,0,1,1,43,0
631,0.0452,22,0.2193,18,337,1,1,0,648,0
1709,0.0785,73,0.6697,20,123,1,0,0,2471,0
351,0.053,23,-0.3584,16,215,1,0,0,187,0
335,0.0508,21,0.4673,8,3448,4,1,0,614,1
543,0.0581,36,0.5949,10,1093,2,0,1,428,0
3059,0.0421,147,0.0082,18,1808,3,0,1,483,0
1290,0.0553,53,0.5912,7,2132,3,1,0,1748,0
50,0.0511,1,0.3586,9,355,2,1,0,83,0
50,0.0619,4,0.3563,17,458,3,1,0,29,0
606,0.0672,40,0.8156,16,562,1,1,0,1361,1
4120,0.0461,153,0.8437,20,1008,2,0,0,3082,0
50,0.0657,1,0.7884,10,1977,1,1,0,83,0
735,0.0583,24,0.3387,19,4315,2,0,0,1310,0
701,0.0655,38,0.8067,19,1501,2,1,0,1099,0
22004,0.0235,673,0.7522,9,1512,4,1,0,26753,0
904,0.0586,75,0.6764,10,4567,0,1,0,2508,1
3602,0.0446,224,-0.326,9,541,2,1,0,3263,0
2331,0.0506,167,0.4693,10,2184,3,1,0,9780,1
50,0.0749,5,0.165,10,1185,4,1,0,94,1
7206,0.0325,240,0.2702,17,1230,1,1,1,1215,0
2664,0.0383,73,-0.1301,19,536,5,1,0,2383,0
4513,0.027,158,0.2123,11,164,2,0,1,407,0
2120638,0.0162,24578,0.2709,17,939,1,1,0,1349357,0
50,0.0776,2,0.444,20,943,2,0,0,72,0
40313,0.0364,1075,0.0324,10,374,0,1,1,22622,0
1077,0.0387,42,-0.222,21,603,1,1,0,1402,0
3032,0.0431,107,0.8981,8,275,0,0,0,1973,0
1665,0.0354,38,0.8069,19,277,2,1,0,7169,1
842,0.0418,33,-0.0314,18,411,1,0,0,746,0
648,0.058,51,0.4676,18,176,2,1,0,877,0
3271,0.0359,125,0.4899,11,371,3,1,0,8640,1
117,0.072,11,0.2022,17,1357,2,0,0,54,0
6981,0.0439,213,0.1437,19,2852,1,0,1,811,0
854,0.0539,30,0.2486,16,5000,2,0,1,87,0
236,0.0553,14,0.0977,17,445,2,1,0,91,0
804,0.061,47,0.3768,8,2208,1,1,1,73,0
17376,0.0488,983,-0.0272,9,930,1,1,0,15649,0
689,0.0572,51,0.3917,13,524,0,0,0,195,0
3446,0.0531,228,0.617,20,994,5,0,0,2548,0
485,0.0531,37,0.6324,9,2002,1,1,0,763,0
7074,0.05,317,0.1142,18,404,1,1,1,3919,0
6209,0.0417,182,-0.2331,8,394,2,1,0,6607,0
50387,0.0367,1944,-0.0112,16,441,1,0,0,14403,0
1318,0.0485,39,0.2569,7,355,1,0,1,51,0
6024,0.0406,192,-0.1297,9,2205,3,1,1,2246,0
2157,0.0424,64,0.6593,7,309,2,1,0,2156,0
18630,0.0453,757,0.6598,9,369,2,1,1,7356,0
495,0.0683,20,0.257,10,907,2,1,0,1735,1
6911,0.0563,207,-0.4948,6,837,1,1,0,5321,0
1273,0.0388,57,0.528,18,441,2,1,1,279,0
1610,0.0634,113,0.0262,10,3581,2,1,0,2529,0
2132,0.0462,118,-0.1454,20,354,2,0,0,2033,0
2847,0.0542,179,-0.1148,9,560,2,1,0,2079,0
1466,0.0418,37,-0.2473,12,96,2,0,0,350,0
2661,0.0499,104,-0.151,20,490,1,1,0,2024,0
30964,0.0418,814,0.2402,11,177,4,1,0,36955,0
10655,0.0281,401,0.2877,12,266,5,1,1,1149,0
8642,0.0498,536,0.7048,21,94,1,1,0,6236,0
796,0.0667,37,0.0532,18,272,2,1,0,2806,1
364,0.0547,16,0.3217,18,617,1,0,1,246,0
10092,0.0567,839,0.02,18,521,2,0,0,20610,1
8750,0.0418,400,-0.0672,8,439,1,1,0,5215,0
25611,0.0479,1595,-0.0227,6,480,2,1,0,37154,0
609,0.0322,14,-0.0835,22,401,3,0,0,209,0
1196,0.0758,64,0.1471,11,642,1,1,0,1673,0
94,0.0767,9,-0.1913,9,595,4,1,0,79,0
892,0.05,52,0.4284,18,875,2,1,0,1544,0
10870,0.0231,296,-0.0641,9,544,1,1,0,10455,0
780,0.0562,46,-0.0588,9,431,1,1,0,1255,0
5726,0.0309,188,0.3951,8,1448,1,1,1,1795,0
1283,0.0558,88,0.5146,16,1215,2,1,0,860,0
3239,0.0518,129,0.7062,10,643,4,1,0,3283,0
229,0.0488,9,-0.0394,18,2197,0,1,0,214,0
2107,0.0606,175,0.6652,10,722,2,1,0,1864,0
50,0.0723,2,0.4152,18,566,2,0,0,47,0
1291,0.0611,82,0.4946,8,621,0,0,0,762,0
96,0.0618,7,0.8124,8,784,3,0,1,26,0
15847,0.0272,645,0.6838,10,265,3,1,1,4095,0
7327,0.0542,371,-0.226,21,102,2,0,0,7936,0
4188,0.0439,170,-0.078,17,881,4,0,0,1560,0
27939,0.0252,943,0.3978,9,1531,4,0,0,21735,0
327,0.0703,30,0.2615,9,244,1,0,1,31,0
41992,0.0584,3019,-0.3126,22,1945,1,1,0,47519,0
9681,0.0429,399,0.4235,20,128,3,1,0,27538,1
1181,0.0733,71,0.6542,17,380,0,1,0,979,0
13962,0.0427,661,-0.0105,19,3662,1,0,0,20016,0
246,0.0542,18,0.1084,12,949,2,1,0,415,0
409,0.0496,28,0.5384,10,491,0,0,0,621,0
604,0.0707,26,-0.0496,9,856,3,0,1,382,0
697,0.046,29,0.0565,17,2200,3,1,0,1007,0
269,0.065,16,0.2256,9,156,0,0,0,521,1
16342,0.0356,859,0.5302,9,2484,3,0,0,8667,0
1134,0.0473,63,0.6249,18,407,3,0,0,617,0
3410,0.0578,178,0.2743,10,1350,0,0,0,1244,0
647,0.0503,17,0.1134,7,359,2,1,1,245,0
68,0.059,4,0.1907,10,3582,4,1,1,22,0
2939,0.0594,104,0.1856,10,644,0,1,0,7579,1
57,0.0797,6,-0.6487,10,176,2,0,0,50,0
1597,0.0569,113,-0.366,9,1064,3,0,0,774,0
154,0.0533,7,0.5559,11,2443,0,1,1,143,0
64672,0.0306,1838,0.6561,10,2182,2,0,0,38598,0
9324,0.0442,576,0.2492,18,730,2,1,0,33113,1
2187,0.0524,90,0.0388,8,1498,2,0,0,686,0
17582,0.031,408,0.2544,18,436,6,0,1,2188,0
394,0.0633,35,0.3821,10,1201,1,1,0,1480,1
4809,0.0469,295,0.6856,18,956,1,1,0,9878,1
2590,0.0314,107,-0.0863,7,36,3,1,0,2556,0
2908,0.0388,78,0.3301,21,244,0,0,0,2644,0
17858,0.0358,411,0.2826,9,818,0,1,0,53744,1
6758,0.044,156,0.03,18,784,1,1,0,11364,0
3040,0.0668,149,-0.0252,7,646,3,0,0,2331,0
91,0.0643,7,-0.0631,9,727,3,1,1,47,0
321,0.0485,11,0.6635,21,2225,4,0,0,165,0
1449,0.0531,94,0.4627,20,947,0,1,0,2150,0
2138,0.0458,73,0.441,7,64,2,1,0,1757,0
236,0.0614,12,0.2833,18,4664,1,0,0,196,0
138831,0.0384,7915,0.3171,10,98,5,1,0,186065,0
27708,0.0512,1056,-0.1431,20,1733,4,1,1,17833,0
5344,0.0454,212,0.6268,12,139,0,1,0,1833,0
2058,0.0659,108,0.3587,20,2761,1,1,0,4003,1
1234,0.0606,45,0.5015,20,503,1,0,0,738,0
325,0.0498,16,0.6486,15,976,2,1,0,200,0
2078,0.0715,130,0.0867,12,91,1,1,0,2292,0
2875,0.0514,176,0.258,8,1379,5,0,1,412,0
193,0.0506,12,0.047,10,1008,2,1,0,258,0
3299,0.0641,220,0.2977,17,1233,3,0,1,420,0
1367,0.0719,52,0.2044,10,1719,4,0,0,1114,0
58,0.0634,4,-0.0158,19,795,2,1,0,37,0
384,0.0512,10,-0.0068,7,538,0,1,1,187,0
858,0.0513,49,0.0162,11,295,1,0,0,1498,0
54059,0.0436,2790,0.4504,12,427,1,1,0,25132,0
4923,0.0588,201,-0.1277,10,2222,2,1,1,946,0
163,0.0653,14,0.6214,16,287,3,0,0,308,1
4336,0.0475,290,-0.1081,8,105,3,0,0,4296,0
111,0.0761,11,-0.2485,10,247,1,0,1,48,0
12693,0.0391,399,0.1659,12,1219,3,1,0,8711,0
774,0.0637,53,0.4577,8,491,5,1,0,673,0
1527,0.0478,103,-0.2334,10,1217,2,0,0,1098,0
19661,0.0448,722,0.6517,20,89,0,0,0,14175,0
178,0.0581,13,0.0314,9,33,5,0,0,143,0
146,0.0595,4,-0.2114,18,866,0,1,0,315,1
632,0.0504,16,0.5087,9,1816,3,1,1,198,0
11720,0.056,826,-0.2233,8,120,2,1,0,3521,0
117,0.0536,7,0.3364,9,1125,1,0,1,15,0
50,0.0569,3,-0.0711,9,2186,2,0,0,53,0
802,0.0745,85,0.7073,19,662,3,0,0,2332,1
4881,0.0558,168,0.3976,20,1637,2,1,0,6382,0
15685,0.0175,200,-0.0884,8,804,2,1,0,29044,1
785,0.0477,52,0.2124,19,511,1,0,1,173,0
862,0.0348,20,0.6019,11,1511,3,0,0,701,0
14429,0.0322,549,-0.0595,16,4504,4,1,0,7320,0
62,0.032,2,0.1869,10,380,3,1,0,125,1
898,0.0514,26,0.8103,17,609,1,1,0,992,0
2547,0.0372,74,0.0141,8,246,1,1,0,1401,0
4058,0.0474,196,0.0605,10,776,1,0,1,1015,0
722,0.0374,36,0.0179,17,568,0,0,1,199,0
1923,0.0506,117,0.6671,11,2118,2,0,0,2776,0
50,0.0601,3,-0.0442,11,2751,2,1,0,46,0
552,0.0698,38,-0.2257,7,1462,0,0,0,358,0
4090,0.0608,198,0.2516,10,1894,0,0,0,8729,1
308,0.0649,12,0.2447,17,328,0,0,0,60,0
2010,0.0463,84,0.0988,20,255,3,1,1,3173,0
4041,0.0666,142,-0.0472,20,1029,3,1,1,2316,0
975,0.0369,25,0.4967,20,678,1,0,0,1115,0
2457,0.0347,79,0.0001,8,4910,3,1,1,706,0
319,0.0561,16,-0.0554,18,97,0,0,1,34,0
1246,0.074,50,-0.0997,18,1235,5,0,1,315,0
5422,0.0436,257,0.2489,18,1215,2,1,0,8255,0
2398,0.047,118,0.2921,12,310,1,1,0,935,0
629,0.0398,14,-0.1142,18,252,3,1,0,1337,1
2706,0.0578,225,0.0933,9,473,2,0,0,1091,0
6543,0.0544,213,0.5645,10,128,1,0,0,21379,1
50,0.0722,4,0.3149,14,2856,2,1,0,21,0
14564,0.0354,257,0.7983,19,5000,2,1,1,4824,0
987,0.0454,61,-0.274,8,472,2,1,0,821,0
3888,0.034,68,0.5334,13,350,1,1,0,6304,0
15600,0.0422,828,0.1921,19,179,4,1,1,11368,0
153,0.049,6,0.4186,18,222,3,1,1,38,0
504,0.0433,27,-0.0231,8,368,1,1,1,79,0
1075,0.0478,46,-0.3324,10,2227,2,0,0,2063,1
441,0.0507,12,0.4017,9,5000,3,1,0,891,1
41063,0.0321,1672,-0.0743,17,322,2,0,0,33757,0
386,0.0608,13,-0.0471,10,269,3,1,0,417,0
665,0.0548,51,0.3983,9,206,2,1,0,2368,1
2612,0.0456,65,0.1352,21,1043,1,1,1,3599,0
207,0.0605,12,0.42,23,938,1,0,0,70,0
886,0.0429,46,-0.1075,21,735,1,1,0,3387,1
3201,0.0488,139,0.2281,18,426,1,0,0,6447,1
993,0.0539,38,-0.0945,10,2589,1,1,0,2436,1
1528,0.0356,68,0.0846,22,1428,2,0,0,824,0
697,0.0638,57,0.2633,9,1367,3,1,0,1023,0
118,0.0521,8,-0.0505,7,963,3,0,0,101,0
3225,0.0486,137,0.4018,19,550,5,0,0,3557,0
42568,0.049,2099,-0.3247,7,325,1,0,0,5128,0
1868,0.0591,95,-0.0389,9,1118,3,0,0,2963,0
2712,0.0487,100,-0.2737,13,1015,2,1,0,3907,0
6291,0.0414,325,0.5045,21,1172,2,0,0,10718,0
184,0.0686,10,0.2812,16,139,3,1,0,117,0
38736,0.0445,1599,-0.0219,13,933,0,1,0,11494,0
2602,0.0424,99,0.5636,20,488,6,1,1,1375,0
34109,0.0303,1253,0.5188,20,276,0,0,0,43870,0
483,0.0345,23,0.2457,11,1378,0,1,0,968,1
47691,0.0385,2139,0.4531,23,794,2,1,0,47751,0
7297,0.0436,309,0.3158,11,5000,1,1,0,9606,0
4892,0.0574,359,0.4429,11,1079,4,0,0,3399,0
2755,0.0519,163,0.3306,19,494,3,0,0,4290,0
1155,0.0651,42,0.4293,11,596,1,1,0,3095,1
15692,0.0344,321,0.7829,17,206,3,1,1,2662,0
2327,0.0604,75,0.5021,17,2277,2,0,1,311,0
52,0.0588,2,0.2284,8,911,1,1,0,52,0
242,0.0658,21,0.5086,16,927,2,1,1,35,0
1293,0.0368,38,0.9061,10,229,2,1,1,1034,0
3158,0.0501,139,-0.4337,16,1449,2,0,1,229,0
1632,0.0306,70,0.1938,13,261,1,1,0,1151,0
16222,0.0386,836,-0.0254,10,382,1,1,0,21567,0
53,0.0684,4,0.7072,8,754,3,1,0,22,0
2341,0.0438,78,-0.0539,9,372,5,0,1,1080,0
68,0.0526,2,0.2798,8,301,0,0,0,72,0
7097,0.053,194,0.5893,22,632,5,1,0,9779,0
1525,0.0496,45,-0.2907,20,1826,4,0,0,3300,1
3847,0.0421,128,0.5156,5,1627,2,1,0,3469,0
381,0.0566,22,0.7051,7,1349,3,1,1,273,0
18088,0.0672,685,0.2176,19,1081,0,1,0,66663,1
11791,0.054,405,-0.064,10,413,2,0,0,12706,0
5168,0.0574,202,-0.1359,20,2040,1,1,1,2938,0
1432,0.0553,89,0.5089,9,117,0,1,0,1833,0
5134,0.0475,272,0.1922,21,1026,0,0,0,5676,0
506,0.0311,16,-0.5071,17,1542,1,0,1,62,0
8433,0.0371,234,0.3724,20,607,1,1,0,12594,0
35209,0.0333,1021,0.3211,18,323,2,1,0,31761,0
12420,0.0235,174,0.079,13,640,4,0,0,2804,0
486,0.0437,15,0.5062,10,311,3,1,0,586,0
3465,0.0276,133,-0.5068,11,1112,1,1,1,1092,0
176,0.0589,15,0.5177,8,1712,3,1,0,176,0
5065,0.0541,314,0.5902,18,1039,1,1,0,19518,1
4068,0.0578,333,0.6535,11,979,0,1,0,4986,0
62,0.0676,4,0.628,7,1422,3,0,0,91,0
223,0.0487,5,0.2654,21,1597,2,1,0,540,1
1086,0.0327,53,0.344,13,305,3,0,0,498,0
1052,0.0346,21,0.0546,12,142,5,0,0,450,0
204,0.046,11,0.1212,17,878,3,1,1,52,0
3641,0.0383,105,0.2691,19,1676,3,1,1,631,0
2843,0.0466,118,0.4069,11,136,0,1,0,7422,1
1274,0.0413,60,-0.4453,13,712,3,1,0,1134,0
463,0.0588,25,0.239,10,2055,2,1,0,364,0
11940,0.0401,359,0.5426,17,592,3,1,0,11485,0
35586,0.0382,1133,0.6821,9,3044,2,1,0,54353,0
757,0.0649,41,0.4552,11,2524,1,1,1,276,0
600,0.0426,37,0.0122,18,554,2,0,0,703,0
4377,0.0506,287,0.3903,19,460,1,1,0,18428,1
949,0.0524,47,0.4231,10,469,2,1,0,1985,1
1406,0.0477,46,0.3138,11,761,3,1,0,3825,1
6845,0.0535,480,0.34,10,205,6,1,1,2136,0
58,0.0725,2,0.4657,10,170,1,0,0,41,0
19398,0.031,427,0.3936,8,68,3,1,1,7963,0
2060,0.0477,85,0.8918,18,651,3,1,0,3981,1
862,0.0558,66,0.7099,7,5000,5,0,0,491,0
1539,0.0479,46,0.3765,18,90,4,1,0,1244,0
1689,0.0561,58,0.2209,18,553,0,1,0,1466,0
80,0.0652,5,-0.3175,10,536,1,1,1,25,0
26659,0.0576,1191,0.3444,9,571,4,1,0,26626,0
1947,0.0344,71,0.2002,8,2337,3,0,0,686,0
4013,0.0456,174,0.5577,18,273,7,1,0,4750,0
10024,0.0341,319,-0.0022,15,94,0,0,0,7674,0
287,0.0634,11,0.4361,10,389,1,1,1,176,0
4239,0.0304,82,0.6772,7,341,0,1,1,817,0
1116,0.0554,81,0.4621,19,71,0,0,0,885,0
8301,0.0376,432,0.4499,17,850,1,1,0,9593,0
50,0.0569,2,0.5486,6,203,1,1,1,10,0
1512,0.0362,33,0.8148,9,612,5,0,1,711,0
610,0.0497,16,0.2558,19,462,4,1,0,800,0
3936,0.0577,251,-0.0902,21,227,3,1,0,4040,0
4213,0.0464,237,-0.2431,10,1620,1,1,0,3135,0
505,0.0614,27,-0.2074,9,501,1,1,0,2148,1
501,0.0718,42,0.047,11,702,2,0,0,377,0
1481,0.0534,95,0.4893,8,1195,3,0,0,1003,0
359,0.0509,26,0.1934,21,887,2,0,1,449,0
8230,0.0486,225,0.2824,8,768,1,0,0,3290,0
930,0.0472,30,0.1833,19,291,1,1,0,716,0
50,0.0592,1,0.8191,19,218,1,0,0,18,0
920,0.0375,47,0.4171,23,778,2,0,0,713,0
278,0.0667,23,0.6339,8,254,2,1,0,259,0
95,0.0579,5,0.377,9,1472,4,1,0,99,0
194,0.0607,6,0.3923,18,584,1,0,0,270,0
2201,0.0389,66,0.4237,9,1272,2,1,0,4194,1
19762,0.0448,706,-0.1459,20,248,3,0,0,43713,1
3177,0.0401,135,0.2693,18,212,5,1,0,7029,1
606,0.0529,24,0.2196,8,3564,3,0,1,83,0
4107,0.0555,130,0.2426,19,572,2,1,0,4966,0
791,0.0612,59,0.0652,19,1657,2,0,0,340,0
517,0.0548,22,-0.1225,21,162,4,0,1,78,0
226,0.0406,8,-0.0266,19,501,1,1,0,603,1
77,0.0925,4,-0.2719,10,2446,1,1,0,169,1
896,0.0703,82,0.1117,10,139,5,1,0,1456,0
2403,0.0561,143,-0.605,9,5000,1,1,0,3027,0
1519,0.0432,91,0.1327,19,814,4,1,1,849,0
855,0.0519,44,0.5167,20,293,2,1,0,1736,1
329,0.0514,24,0.3052,16,945,0,0,0,106,0
5403,0.0583,438,0.3761,10,2016,0,1,0,8115,0
168,0.0621,11,0.1486,7,291,1,1,1,83,0
7308,0.0366,383,0.4717,18,336,2,0,0,6743,0
297,0.0525,12,0.6978,9,853,1,0,0,368,0
466,0.0666,26,-0.339,10,1056,2,1,0,366,0
128,0.0766,5,0.1827,8,545,2,1,0,48,0
733,0.0689,55,0.3611,10,994,3,1,1,557,0
10462,0.0505,646,0.0898,17,1561,1,0,0,7153,0
4573,0.0438,254,-0.1741,8,791,2,0,0,4249,0
10521,0.0105,72,0.1777,20,333,2,0,0,3759,0
4627,0.0492,214,0.4204,11,651,2,0,0,3399,0
247,0.0579,9,0.8271,8,3851,1,0,0,170,0
996,0.0538,62,0.5905,6,928,3,1,0,675,0
443,0.0562,16,0.377,13,2299,2,1,0,437,0
19831,0.0272,756,0.3145,14,397,3,0,1,4209,0
209,0.0642,9,0.5056,9,864,3,1,0,341,0
9033,0.0499,356,0.2578,12,1471,1,1,1,1024,0
9021,0.0504,614,-0.3643,6,2974,0,1,0,6389,0
48694,0.0463,2160,0.5734,11,2270,3,1,0,37698,0
864,0.059,26,0.6209,19,217,1,1,1,405,0
6517,0.0408,264,0.3588,12,2104,1,1,0,4016,0
109861,0.0329,2110,0.3429,8,3590,2,0,0,46366,0
594,0.0554,48,0.5223,10,374,1,0,0,363,0
114,0.0621,7,0.6937,7,271,4,0,0,90,0
61,0.0735,3,-0.0326,8,649,1,1,1,15,0
6521,0.0513,355,0.0979,8,795,2,1,0,4701,0
60,0.0843,2,0.8253,8,468,1,1,1,12,0
925,0.0747,89,0.5542,11,203,1,1,1,315,0
3972,0.0476,269,0.0012,16,2899,3,1,0,6981,0
2523,0.0103,35,0.1214,21,281,3,1,1,769,0
3888,0.0593,194,0.3168,10,400,1,1,0,6030,0
2697,0.043,95,0.1108,19,741,4,0,1,405,0
18069,0.0328,316,-0.2007,16,152,3,1,0,21123,0
325,0.0529,19,0.2647,8,141,1,1,0,335,0
534,0.0504,27,0.2088,18,431,3,1,0,1985,1
449,0.0617,26,0.2732,18,1518,1,1,0,1148,1
8057,0.0284,322,0.4268,19,802,1,1,0,7055,0
9142,0.0327,199,0.7407,12,84,2,1,0,5251,0
4073,0.0502,104,0.6373,12,2669,1,0,1,1328,0
15218,0.0477,416,0.5446,9,1476,2,0,0,28488,1
216,0.0649,10,0.3822,11,805,2,1,0,398,1
36351,0.0301,583,0.5904,15,783,2,0,0,19127,0
28052,0.0292,822,-0.2723,9,1304,7,1,1,6694,0
6796,0.0396,219,0.5938,12,5000,2,0,1,428,0
44678,0.0396,1203,0.7325,12,1604,3,0,0,15501,0
91,0.0768,8,0.4029,22,894,0,0,0,47,0
703,0.0333,16,0.6737,9,194,3,0,1,117,0
481,0.0531,30,0.6822,21,784,3,0,1,315,0
6625,0.0315,177,-0.0374,9,1441,1,1,0,7015,0
273,0.041,11,-0.1807,18,592,3,1,0,338,0
7069,0.0542,549,0.425,10,394,5,1,0,12578,0
21310,0.0456,521,0.0053,20,1157,4,1,0,28321,0
6319,0.0495,312,0.6714,9,247,0,1,0,15201,1
3013,0.0572,233,0.21,19,1584,0,1,0,7828,1
305,0.0523,17,0.4733,23,430,1,0,0,170,0
393,0.0518,15,0.6841,9,79,0,0,0,895,1
17142,0.0629,967,0.2594,20,422,5,0,0,10145,0
7352,0.0419,363,-0.0174,10,628,1,1,0,31487,1
1685,0.0576,135,0.4524,9,1155,1,1,0,3639,1
852,0.0531,24,-0.2184,20,1029,3,0,0,546,0
50,0.0458,1,0.2563,8,183,0,0,0,12,0
263,0.0372,8,0.3958,19,751,3,1,0,1137,1
56418,0.0304,1258,0.3302,21,389,1,0,0,27455,0
180,0.0698,9,0.4635,17,463,2,1,0,191,0
2542,0.0565,103,0.1514,17,245,1,0,0,2244,0
11085,0.0519,400,0.4621,12,632,1,1,0,18911,0
188,0.0492,5,0.4646,11,5000,0,0,0,375,1
2521,0.0648,234,0.656,17,4257,2,0,0,647,0
9781,0.0336,211,0.2753,8,245,2,1,0,2903,0
1849,0.052,67,0.2341,9,710,3,1,0,2420,0
315882,0.0292,6893,0.6735,20,485,1,0,0,169251,0
89,0.0603,7,0.2593,21,766,2,1,0,160,0
12157,0.0558,851,0.3018,10,1662,4,1,0,19288,0
1324,0.0442,75,0.0239,19,584,3,1,1,696,0
7255,0.0309,135,0.7519,17,326,2,0,0,2537,0
4001,0.047,251,0.4245,13,2114,0,1,0,1644,0
483,0.0513,22,0.5675,11,193,4,0,0,610,0
2730,0.0821,171,0.7662,8,803,3,1,0,1293,0
63,0.0701,4,0.2192,9,150,2,1,1,46,0
5355,0.0416,294,0.6929,19,238,0,1,0,6137,0
3092,0.0373,147,0.705,7,1400,2,1,1,816,0
5707,0.0266,210,0.1635,10,337,0,1,0,3122,0
12144,0.0321,557,0.5599,9,101,0,0,0,10905,0
3504,0.0485,125,0.7568,20,322,2,0,1,958,0
2360,0.0632,137,0.2604,16,290,2,1,0,5196,1
370,0.0676,12,0.5127,11,188,2,0,0,214,0
501,0.0574,39,0.0932,16,1152,0,1,0,608,0
15307,0.0382,382,0.7575,19,141,2,0,0,11106,0
23990,0.0423,1383,0.3314,16,369,1,1,0,12807,0
1177,0.0465,45,0.2204,11,760,0,1,0,952,0
1964,0.0669,113,0.2515,7,472,2,0,1,175,0
354,0.0546,10,0.0651,23,443,1,1,0,184,0
14927,0.0407,502,0.4926,20,322,4,0,0,4527,0
5989,0.0231,191,0.2458,7,196,1,1,1,2560,0
59527,0.0341,1065,-0.1724,18,351,2,0,0,176263,1
372,0.0647,21,0.2839,18,1283,0,0,1,121,0
915,0.042,20,0.156,10,430,2,1,0,1021,0
2742,0.0408,97,0.422,18,785,2,0,0,5110,1
5788,0.0533,207,0.793,8,2032,1,1,1,1953,0
1226,0.0368,33,0.4098,7,1211,3,1,0,3010,1
375,0.0669,34,-0.0232,21,185,2,0,0,602,0
8835,0.0383,317,-0.0466,16,1041,0,1,0,10244,0
6621,0.0409,209,0.6687,10,1896,1,1,0,9737,0
347,0.0454,17,0.3499,18,371,0,0,1,188,0
20739,0.044,586,-0.4532,12,136,0,1,0,17984,0
14858,0.0662,746,0.7813,19,428,0,0,0,24014,0
2302,0.0568,136,0.0739,7,802,3,0,1,225,0
2086,0.0408,62,0.2972,15,1202,1,0,1,1059,0
4901,0.0574,331,0.433,11,395,0,1,1,1574,0
383,0.053,20,0.4123,8,86,2,1,0,437,0
1908,0.0635,154,-0.2303,15,185,1,1,0,1167,0
50,0.0723,5,0.1735,9,953,2,1,0,66,0
8757,0.0143,76,0.1355,12,4869,2,1,0,8187,0
108,0.0512,4,0.5042,12,650,2,1,1,42,0
27069,0.0486,1078,0.8055,16,2472,1,1,0,15112,0
998,0.0539,35,0.1366,18,231,5,0,0,378,0
1235,0.0413,66,0.6259,18,348,2,0,0,1869,0
584,0.0482,35,0.2332,11,64,4,0,0,501,0
1076,0.033,34,-0.0039,8,962,0,0,0,347,0
23233,0.0389,937,0.8601,17,272,4,1,0,8075,0
50,0.0864,2,0.9212,20,1210,2,1,0,123,1
18007,0.0489,928,-0.3166,9,402,1,1,0,26229,0
3322,0.0695,298,-0.1893,19,5000,5,1,1,1982,0
205,0.0675,14,0.4965,9,3996,4,1,0,532,1
260,0.068,13,0.4438,8,66,5,0,0,317,0
36956,0.0577,2488,0.0647,16,1201,3,1,0,15446,0
329,0.0606,17,-0.0662,22,316,1,1,1,98,0
226,0.0564,13,0.2654,14,1270,3,0,0,44,0
14004,0.0521,721,0.2844,17,173,1,0,0,10007,0
3325,0.0621,181,0.3269,20,2810,2,1,1,2149,0
334,0.0519,21,0.1548,18,1864,0,1,0,413,0
2670,0.0412,152,0.2326,19,161,2,0,1,800,0
285,0.0588,8,0.2476,21,554,1,1,0,794,1
13114,0.0504,947,-0.1222,21,782,2,1,0,12219,0
12215,0.0503,621,0.5836,11,1365,0,0,0,13635,0
4710,0.0319,180,0.1975,18,657,0,1,0,1061,0
3466,0.0665,312,0.4412,10,1460,3,1,0,10803,1
43050,0.0309,1286,0.5985,10,619,2,1,0,42069,0
1807,0.0473,114,-0.3809,8,1226,0,1,0,3772,1
215,0.0495,7,0.1034,20,169,3,1,1,143,0
4060,0.0737,197,0.2824,19,648,0,0,0,3885,0
77256,0.0374,3344,0.4319,15,2100,1,0,0,57180,0
291,0.0488,19,0.6733,20,2727,0,0,0,151,0
943,0.0612,80,0.4724,9,790,1,0,0,448,0
3826,0.0547,239,0.7681,18,602,0,1,0,10374,1
1640,0.0485,81,0.4869,9,2612,3,0,1,290,0
308,0.0655,16,-0.2505,11,601,1,0,1,136,0
13620,0.0337,678,0.0838,8,2089,2,0,1,3709,0
117721,0.0284,2737,0.5279,19,597,3,0,0,135999,0
2573,0.0285,91,-0.0058,9,692,2,1,0,1733,0
355,0.0433,15,0.27,12,220,5,1,0,126,0
111,0.0792,9,0.0547,11,190,3,1,0,161,0
2876,0.0646,165,-0.2616,20,1768,1,1,0,5156,0
13186,0.0427,824,0.4617,18,3724,2,1,0,29847,1
4252,0.0632,288,0.4364,7,739,2,1,1,1308,0
1800,0.0484,125,0.6068,22,563,5,0,0,2377,0
625,0.0518,16,0.673,18,1849,1,1,0,2071,1
253,0.0584,15,0.0175,10,932,2,0,0,273,0
8123,0.0427,422,-0.3042,8,60,1,0,0,3630,0
9365,0.0413,481,0.2688,9,1796,2,0,0,5844,0
111,0.0726,11,0.2463,16,174,1,0,0,150,0
31625,0.0401,638,0.7109,21,657,1,1,0,67416,1
5081,0.053,134,0.2072,8,427,3,1,0,11185,1
22455,0.0502,1096,0.0465,18,350,2,0,0,17433,0
161,0.0635,5,0.4855,6,697,0,1,0,346,1
154,0.0501,11,-0.1717,9,1625,1,1,1,208,0
1382,0.0375,37,0.0629,11,686,1,1,0,2253,0
4469,0.0479,208,0.0528,10,2724,0,1,0,9111,1
45864,0.0354,909,-0.1249,15,3084,2,0,0,16009,0
6444,0.0458,301,0.3757,19,3056,1,1,1,3889,0
1168,0.0516,53,0.1385,17,629,1,1,1,747,0
285,0.0832,12,-0.1326,9,412,0,1,0,171,0
16547,0.0278,384,0.1433,18,643,7,0,1,1329,0
318,0.037,10,0.2719,7,2049,3,0,0,136,0
33902,0.0416,2101,0.0046,19,1930,6,1,1,16197,0
1083,0.0483,37,0.1275,9,49,5,1,0,2479,1
31667,0.0417,1379,0.0447,17,903,3,1,0,20756,0
6136,0.051,464,0.7158,8,62,2,1,0,5473,0
1412,0.0638,116,0.2188,21,652,3,0,0,1669,0
709,0.0387,40,0.3618,19,391,1,1,1,446,0
978,0.0469,67,0.2276,13,288,4,0,1,130,0
3908,0.0512,198,0.454,18,1555,3,1,0,4809,0
2077,0.0571,142,0.2626,8,348,4,1,0,453,0
620,0.0762,28,0.4545,17,658,1,0,0,897,0
1341,0.0607,76,-0.3301,16,261,1,1,0,507,0
2082,0.0489,133,0.5362,9,716,1,0,1,1152,0
50,0.0554,2,0.5001,9,1736,2,1,0,71,0
4124,0.0411,203,0.2521,10,276,2,0,0,1396,0
309,0.0511,19,-0.2307,17,1261,0,0,0,124,0
226,0.0649,11,-0.089,13,703,3,0,0,235,0
86,0.0647,7,0.6961,20,697,2,1,0,137,0
71,0.0497,3,-0.3502,8,468,1,0,0,51,0
157,0.0554,6,0.6642,19,1441,2,1,1,86,0
504,0.0639,43,0.4735,7,1301,4,0,0,140,0
60831,0.0395,2202,-0.1258,7,582,0,1,0,33816,0
701,0.0595,52,0.8275,12,814,4,1,0,1461,1
2489,0.0525,137,0.1823,10,1398,2,0,0,2421,0
3717,0.0634,207,0.7535,17,1143,1,0,0,1885,0
2289,0.0514,154,0.2315,8,489,2,0,0,1623,0
1572,0.0467,79,-0.1584,7,2133,2,1,0,1552,0
210,0.0494,9,0.0437,10,1578,2,1,0,120,0
24628,0.042,631,-0.0607,21,5000,3,1,1,6841,0
46767,0.0126,821,0.4793,10,138,2,1,0,90959,1
87,0.0602,2,0.0979,16,1342,3,1,1,19,0
286,0.0553,21,-0.0732,20,2105,2,0,0,475,0
1092,0.0384,36,-0.3044,19,1817,1,1,1,361,0
318,0.0477,17,0.8373,19,516,3,1,0,573,0
4495,0.0545,348,0.5973,10,170,3,0,1,1251,0
487,0.0575,18,0.0029,7,3101,3,0,0,51,0
89063,0.0354,3366,0.1771,8,410,1,0,0,34585,0
15413,0.0445,867,-0.0073,7,494,1,0,0,6839,0
2650,0.0494,164,0.3187,21,5000,0,1,0,2859,0
11482,0.055,648,-0.491,10,186,2,1,1,2492,0
13235,0.0433,644,0.3081,20,1508,5,1,0,10324,0
655,0.0395,32,0.4126,18,313,1,1,1,810,0
416,0.0722,40,0.341,19,306,3,0,0,1434,1
2081,0.0531,139,0.2817,16,786,2,0,1,345,0
8526,0.0379,275,0.2027,16,1308,3,0,0,7625,0
2322,0.0365,126,-0.1757,18,1720,2,1,0,1777,0
105,0.0653,6,0.2148,19,1961,2,1,0,275,1
426,0.0546,12,0.6352,11,328,3,1,0,852,1
1582,0.0663,90,0.5873,10,211,1,1,1,2999,1
1577,0.0471,46,-0.3514,14,472,5,0,0,499,0
62980,0.0274,1073,0.5158,8,941,3,1,1,17212,0
149,0.0689,8,0.0058,8,541,4,0,0,54,0
4492,0.0556,138,0.0585,21,30,2,1,1,3399,0
26381,0.041,1284,0.2639,17,106,0,0,1,2871,0
107862,0.0404,2501,0.1917,20,522,2,1,0,137388,0
873,0.0525,32,0.0761,16,1564,3,1,1,381,0
4378,0.0488,126,-0.3094,9,269,3,0,0,3680,0
5042,0.0575,163,0.6265,9,1384,1,1,1,3062,0
2570,0.0548,108,0.0087,21,148,2,0,0,3922,0
1513,0.049,79,0.4841,17,858,3,1,1,232,0
3962,0.0604,350,0.3637,20,865,2,0,0,5391,0
50,0.0406,2,0.5412,9,1062,2,0,0,21,0
6171,0.0656,557,0.0367,18,242,0,0,0,6481,0
2269,0.032,49,0.3447,11,141,1,1,0,5633,1
1211,0.0453,41,-0.3833,10,1374,3,1,1,174,0
71995,0.0349,1446,0.3518,17,144,2,1,0,51442,0
536,0.0534,36,-0.2218,8,307,3,1,1,126,0
875,0.063,31,0.4169,19,2674,0,1,0,3159,1
65172,0.0251,1727,0.1198,19,788,4,1,0,30762,0
404,0.0586,17,0.3403,18,961,4,1,0,488,0
671,0.0482,24,0.5205,12,1242,1,1,0,173,0
1387,0.054,111,0.3128,18,1198,0,0,0,720,0
8211,0.0433,446,0.4086,10,651,4,1,1,3851,0
2628,0.0494,173,0.2588,11,270,2,0,0,628,0
176,0.0538,10,0.191,9,5000,2,1,0,310,0
693,0.0487,46,0.2039,16,496,2,1,0,301,0
605,0.0572,39,0.6319,20,926,1,1,0,1190,1
1573,0.06,136,-0.2224,18,1032,1,0,1,153,0
3891,0.041,124,0.5479,17,390,0,1,0,5480,0
3838,0.0383,161,-0.2655,16,434,2,1,1,942,0
73,0.0689,5,0.3881,10,2946,3,1,0,139,1
12272,0.042,460,0.1438,22,317,1,0,0,5231,0
2848,0.0565,221,-0.3656,10,1004,2,1,1,1807,0
21854,0.031,1001,-0.2697,10,1629,3,1,0,14512,0
4022,0.029,115,-0.0121,23,536,5,0,0,687,0
13126,0.0367,429,0.2739,8,605,0,1,0,12335,0
4187,0.039,158,0.0646,20,1731,0,1,0,4533,0
20398,0.0395,1090,0.2013,19,579,1,1,0,29152,0
4628,0.0399,211,-0.141,8,83,2,1,0,4510,0
1515,0.0581,47,0.4506,17,2992,0,1,0,2664,0
108053,0.0308,3463,0.5403,10,250,4,1,0,139993,0
8957,0.0451,208,0.6285,9,825,0,0,1,1216,0
5078,0.0474,308,0.3021,7,178,1,1,1,1359,0
181,0.0611,9,0.341,17,399,1,0,0,54,0
177,0.059,10,0.4555,18,429,1,1,1,187,0
3062,0.053,210,0.7405,10,791,4,0,0,1390,0
2349,0.041,52,-0.2877,11,276,0,1,1,595,0
598,0.0684,26,0.1265,9,4831,1,0,0,334,0
2330,0.0466,97,0.4056,10,681,0,0,1,1603,0
31556,0.0254,586,0.9288,11,1605,0,1,0,49218,0
6321,0.0469,248,0.0771,11,659,2,0,0,5974,0
231,0.0497,17,-0.3579,11,1803,3,1,0,136,0
1479,0.0575,112,0.1406,11,81,4,1,0,3653,1
424,0.0779,45,-0.3548,22,328,3,0,0,594,0
899,0.0449,58,0.3797,15,394,3,1,0,676,0
858,0.0563,40,0.6243,10,391,3,0,1,204,0
765,0.0359,21,0.5259,6,1117,3,1,1,99,0
188,0.0636,8,0.7362,10,1196,0,0,1,86,0
1436,0.0421,80,-0.0921,10,617,1,0,1,825,0
659,0.0478,37,0.8447,20,633,2,1,0,1616,1
50,0.0533,1,0.4918,12,5000,2,1,0,83,0
72791,0.0425,2715,0.1695,11,920,0,1,1,37868,0
12833,0.0522,674,0.7728,18,71,1,0,0,8087,0
918,0.0529,49,0.2547,18,1436,2,1,1,1127,0
1870,0.0412,107,0.3953,8,1163,1,1,0,816,0
219,0.0743,14,0.1993,21,2120,1,1,0,529,1
38265,0.0303,1632,-0.2645,10,1210,3,1,0,52630,0
55001,0.0147,762,0.5574,8,269,3,1,0,29984,0
2397,0.0535,159,0.2142,12,1619,2,0,0,1000,0
11411,0.0316,515,0.5676,8,734,2,1,0,7727,0
2478,0.0586,204,0.3988,17,1893,3,1,0,2423,0
163,0.0558,5,0.7332,17,3127,2,1,0,383,1
861,0.059,35,0.4428,17,588,2,1,0,1186,0
2292,0.0631,141,-0.1009,8,1596,3,1,0,2138,0
797,0.0412,30,-0.3028,11,1869,1,1,0,479,0
1219,0.0459,63,0.4143,19,779,6,1,0,1695,0
1533,0.0499,110,-0.0506,9,4713,0,0,0,2997,1
1563,0.066,63,-0.2078,15,1892,0,1,0,2364,0
1986,0.043,81,0.0614,8,370,2,0,0,405,0
267,0.0517,9,0.3694,20,862,3,1,0,341,0
497,0.0599,41,0.6387,18,1572,0,0,0,299,0
179,0.0535,14,0.5945,19,4537,2,1,0,219,0
10509,0.0445,457,0.5355,10,1237,1,1,0,12244,0
50,0.0488,1,0.0634,15,888,3,0,0,35,0
14421,0.0638,1183,0.2741,9,2353,1,1,0,7842,0
21926,0.0265,696,0.2298,21,534,0,0,0,32484,0
1049,0.049,43,0.0172,9,247,4,0,0,555,0
50,0.0639,4,0.0134,17,1344,0,1,1,30,0
943,0.0717,99,0.4548,17,455,3,1,0,1356,0
1610,0.0372,63,0.1231,22,5000,1,0,1,111,0
293,0.0771,24,0.5419,18,856,1,1,1,286,0
715,0.0613,34,0.599,10,1352,0,1,0,1855,1
28405,0.0432,1329,0.7552,10,354,3,0,0,8845,0
5984,0.0354,198,0.0661,11,2355,1,1,0,6814,0
342,0.0624,17,0.0856,15,647,1,1,0,489,0
101,0.0543,3,0.134,10,587,2,1,0,65,0
1003,0.065,49,0.3835,9,601,3,1,0,958,0
1231,0.0418,35,-0.1623,14,182,0,1,1,166,0
4416,0.0453,208,0.7204,19,517,2,0,0,3548,0
689,0.0483,36,-0.0095,21,1148,4,1,1,215,0
4540,0.0364,183,-0.1639,17,141,3,0,1,465,0
58881,0.0435,2273,-0.3341,9,1847,2,0,0,39112,0
7847,0.0495,357,0.5507,16,508,1,1,0,3796,0
1658,0.0624,138,-0.0996,11,849,2,0,1,483,0
1300,0.0335,42,0.0154,21,71,3,1,0,1302,0
951,0.0632,89,0.5473,19,832,0,1,0,843,0
15140,0.0666,946,0.1433,8,234,0,1,0,6393,0
584,0.05,33,0.2299,22,468,0,1,0,764,0
1961,0.0686,74,0.4077,9,138,2,1,1,948,0
1982,0.047,107,0.7723,11,275,6,0,0,2591,0
732,0.0399,39,0.2142,18,564,1,1,0,524,0
152,0.0568,12,0.1675,23,506,0,0,0,87,0
3233,0.0582,281,-0.2299,11,1610,4,1,0,2839,0
1620,0.0421,53,0.2671,11,102,3,1,1,618,0
4448,0.0404,193,-0.3916,11,631,2,0,0,5276,0
691,0.0598,39,0.4441,11,602,5,0,0,1038,0
16276,0.0412,714,0.051,10,420,4,0,0,9946,0
373,0.0621,15,0.178,8,266,4,0,0,84,0
39405,0.0401,2140,0.3108,18,2002,1,0,1,6724,0
77,0.0674,7,0.6265,16,5000,1,1,0,114,0
3954,0.0425,159,0.6119,12,119,3,1,0,4677,0
4254,0.0489,162,-0.4692,11,263,2,0,0,5655,0
431,0.0465,12,-0.2705,20,243,4,1,0,186,0
3881,0.0598,274,0.5037,8,501,1,0,0,1712,0
18090,0.0344,506,0.0666,10,2335,3,0,0,4107,0
50,0.0756,5,0.3432,17,1127,1,1,1,27,0
4469,0.044,230,0.0496,11,570,0,1,0,9324,1
50,0.0663,3,0.3808,21,676,0,1,0,110,1
317,0.052,17,0.4708,20,483,2,0,1,206,0
33945,0.0281,520,0.908,19,1392,2,1,0,25245,0
634,0.0367,33,-0.1057,8,1572,4,1,1,104,0
218,0.0479,11,-0.1657,8,1201,2,1,1,56,0
1266,0.0482,91,0.2344,17,73,2,1,0,3071,1
74774,0.0372,2887,0.3359,8,673,1,0,0,66053,0
66,0.0733,5,0.2654,6,551,2,0,0,52,0
272,0.0531,8,-0.2512,19,1792,4,1,0,256,0
26779,0.0304,921,0.5283,9,844,2,0,0,65484,1
51218,0.0222,1437,0.3896,10,1160,1,1,0,110016,1
1500,0.0555,106,0.7686,11,405,2,0,1,485,0
194,0.0727,17,-0.0141,11,1701,2,0,0,135,0
78630,0.0476,2716,0.1146,18,2284,1,1,0,76061,0
31888,0.0456,2146,0.2918,17,130,3,1,0,23125,0
6137,0.0515,472,0.0422,19,181,2,1,0,30310,1
418,0.0728,17,0.505,9,1425,1,1,0,818,1
1655,0.0537,127,0.3401,16,559,1,1,0,1380,0
1354,0.0576,61,-0.3177,20,1860,2,0,1,307,0
3279,0.0444,173,0.1689,20,847,1,1,0,3594,0
24632,0.0259,535,0.0085,19,1329,3,0,0,20023,0
8803,0.0368,475,0.2533,9,315,3,1,0,6548,0
260,0.0577,9,-0.5585,20,934,0,1,1,38,0
21540,0.0407,874,0.1957,13,936,2,0,0,4462,0
3176,0.067,197,-0.0139,11,333,1,1,0,4630,0
6227,0.0459,235,0.2241,15,1811,0,1,0,5000,0
25330,0.0512,1486,0.3992,12,99,2,1,1,7161,0
244,0.0536,8,0.1914,18,818,3,1,0,589,1
1695,0.0471,97,0.2643,20,182,3,1,1,1039,0
694,0.0405,41,0.3703,20,239,1,0,1,141,0
107,0.0538,7,0.2251,7,1782,0,1,0,109,0
3374,0.0528,242,0.1351,20,221,0,0,0,7619,1
166175,0.032,4570,0.4384,10,212,2,0,1,25522,0
65,0.0727,3,0.2829,20,1188,0,1,1,56,0
1705,0.052,90,0.2445,10,219,2,1,1,787,0
5727,0.0419,130,0.4639,9,1841,0,0,0,4178,0
2256,0.0706,230,-0.3151,11,1267,3,0,0,1832,0
1474,0.0499,47,0.3847,11,305,4,1,0,1593,0
174,0.071,17,0.1356,17,1772,1,1,1,62,0
2749,0.0443,71,-0.0542,17,95,1,1,0,1763,0
463,0.0625,38,0.2959,11,1066,2,1,0,1135,1
50,0.0736,2,0.353,10,191,3,1,0,41,0
15525,0.0435,363,-0.3427,10,394,1,0,0,15651,0
10148,0.0196,241,0.4914,11,420,2,1,0,7553,0
1984,0.0498,77,-0.2652,12,2395,2,0,1,89,0
2730,0.0607,201,0.5855,19,402,3,0,1,1477,0
12503,0.0475,627,-0.3647,8,614,1,0,1,3330,0
2707,0.0528,87,0.2197,19,429,2,0,0,2846,0
9202,0.0263,346,0.2299,21,248,2,1,0,6884,0
1058,0.0449,45,0.5304,20,237,3,1,0,1200,0
19178,0.0447,1057,0.3634,9,905,4,1,0,28260,0
3220,0.0518,166,0.0593,7,647,1,0,0,1764,0
2563,0.0607,171,0.4281,9,1425,1,1,1,568,0
183,0.0577,8,0.6315,12,522,2,1,1,53,0
3030,0.052,110,0.0341,9,539,0,0,0,2464,0
404,0.0561,23,0.3274,10,1430,1,1,0,400,0
573,0.0447,24,0.2853,17,458,1,1,0,778,0
416,0.0333,12,0.0547,13,157,1,0,1,45,0
265,0.062,19,0.2607,19,1552,2,1,0,431,0
82833,0.0364,3593,0.8719,19,337,4,1,0,63800,0
19858,0.0342,371,0.4326,23,711,5,0,1,5017,0
57334,0.02,960,0.5404,8,355,2,1,0,85206,0
200,0.0651,11,-0.017,7,251,4,1,0,263,0
2055,0.0468,57,-0.1174,9,99,0,1,0,1613,0
176,0.0649,8,0.2736,18,933,2,0,0,230,0
516,0.0736,20,0.6729,9,30,4,1,0,2056,1
346,0.0352,18,0.2386,18,2436,2,1,0,1360,1
16835,0.0341,709,0.0964,8,1866,2,1,0,11043,0
886,0.0508,26,-0.029,9,267,0,1,0,724,0
12370,0.0569,365,-0.0458,9,3255,2,1,0,21393,0
5363,0.0293,191,0.4811,18,5000,2,1,0,6576,0
114296,0.0528,5664,0.3792,21,506,2,0,0,151266,0
126,0.062,10,0.3162,14,1003,4,1,0,110,0
17441,0.04,992,0.0667,22,762,5,1,1,5335,0
14236,0.0398,622,0.4206,10,3021,3,1,0,12826,0
313,0.0526,11,0.6087,9,165,2,1,0,498,0
11079,0.0532,756,0.0769,19,529,1,1,0,30833,1
3311,0.0369,177,0.2444,10,1668,2,1,0,3314,0
1200,0.0551,71,0.3991,18,1500,2,0,0,1221,0
410,0.0521,25,0.1784,19,637,1,1,0,497,0
495,0.0476,19,0.1933,19,2676,3,1,0,556,0
72378,0.0611,3898,0.4494,9,840,1,1,1,40696,0
1810,0.0542,121,0.0095,19,745,2,1,0,2845,0
7389,0.0505,532,0.2854,10,1335,1,0,0,5365,0
435,0.0671,32,0.597,6,625,3,1,0,955,1
444,0.0414,23,-0.1155,18,699,2,0,0,303,0
12677,0.0597,508,0.0379,21,302,2,0,0,8189,0
159,0.0346,3,-0.0819,9,5000,2,1,0,127,0
856,0.0453,40,0.3364,9,414,4,0,0,431,0
1922,0.0452,58,0.4495,19,1379,1,1,0,3088,0
2209,0.055,137,0.0346,20,4486,1,0,0,1278,0
1309,0.0535,55,0.1212,16,173,2,1,1,183,0
3686,0.0455,216,0.0258,8,1225,1,1,0,3758,0
6292,0.0449,369,-0.096,10,680,2,1,0,7926,0
6784,0.0349,228,0.4485,8,4002,2,1,1,1240,0
306,0.0421,8,-0.0049,18,267,2,0,1,31,0
1084,0.0593,73,0.3826,16,313,3,1,0,1223,0
15530,0.0483,1120,0.7352,10,632,1,0,0,11159,0
9048,0.0594,603,0.2819,13,406,3,0,0,4834,0
152,0.052,4,0.3837,9,420,3,1,1,119,0
3403,0.0544,95,0.828,16,5000,3,1,0,3271,0
51,0.0614,2,0.3306,6,755,3,1,0,27,0
1967,0.0616,84,-0.1626,18,303,1,0,0,3371,0
55049,0.0466,3365,-0.1272,18,450,1,1,0,49535,0
328,0.0589,25,0.5716,19,997,0,1,0,431,0
402,0.0526,16,0.4271,19,932,0,1,1,462,0
7152,0.0541,319,0.6882,18,373,1,0,0,4175,0
112,0.0676,5,-0.4105,12,130,2,1,0,91,0
578,0.0477,38,-0.1593,18,632,0,0,0,351,0
5290,0.0324,171,0.3705,16,615,2,1,1,2019,0
577,0.0517,34,-0.0787,16,348,2,0,0,83,0
1182,0.0669,72,0.2579,10,2391,3,0,0,2422,1
6901,0.0561,437,-0.0355,9,1181,2,1,1,4294,0
3861,0.0358,122,0.7388,8,761,2,1,0,8133,1
2922,0.0364,89,0.1276,19,463,1,0,1,1183,0
981,0.0652,72,0.5894,17,3763,2,0,1,330,0
3519,0.036,138,-0.0585,9,209,0,0,0,1716,0
1447,0.056,64,-0.1313,20,404,1,0,0,735,0
4121,0.0405,108,0.4664,21,423,2,0,0,5878,0
739,0.0697,44,0.3651,22,896,2,1,0,3013,1
1301,0.0436,51,0.7386,9,1288,0,0,0,702,0
304,0.0686,23,0.2142,8,174,4,1,0,108,0
1697,0.0521,125,0.2212,10,335,7,1,1,582,0
419,0.0584,13,0.7836,10,1040,3,1,0,784,1
243,0.0383,6,0.3536,14,342,3,0,0,194,0
2880,0.0261,52,0.9,11,445,1,0,0,1546,0
2651,0.0463,122,0.634,10,790,5,1,0,3565,0
7399,0.0468,322,-0.209,8,249,0,0,1,808,0
832,0.0418,42,0.2473,20,877,3,0,0,1523,1
3768,0.0362,101,-0.0113,17,1227,3,1,0,1632,0
4872,0.0516,275,-0.1551,18,691,2,1,0,5470,0
4026,0.0524,292,0.7421,8,2766,0,1,0,2891,0
409,0.0546,31,0.3818,11,1373,1,1,1,204,0
2365,0.0567,195,0.4005,10,638,4,0,1,446,0
3482,0.0356,157,0.021,7,482,2,1,0,1942,0
1831,0.0464,119,0.2612,16,3845,1,1,1,691,0
50,0.0808,2,0.321,15,343,0,1,0,50,0
2413,0.0495,83,0.641,20,506,2,1,0,7847,1
97008,0.0353,1736,0.2835,12,441,1,1,0,41280,0
945,0.0757,86,0.3411,23,990,2,1,0,1840,1
487,0.0412,28,0.6246,9,5000,0,0,1,116,0
3540,0.0553,134,0.0152,10,851,4,1,1,665,0
3172,0.0644,232,0.4761,7,481,3,1,1,948,0
15474,0.0382,736,-0.5392,10,803,1,0,0,7789,0
187,0.0677,18,0.7099,9,178,4,0,0,142,0
6744,0.0349,270,0.6171,18,551,1,0,0,7952,0
5233,0.0389,299,0.0042,10,3655,1,0,0,1748,0
1399,0.0549,64,0.5864,9,1289,3,0,0,1695,0
3326,0.0555,157,0.4039,9,2277,1,0,0,2792,0
11533,0.0538,647,0.329,17,1832,4,0,0,4744,0
8692,0.0594,456,0.5949,9,327,2,0,1,4034,0
231,0.0575,6,-0.0135,10,4500,1,0,0,127,0
7913,0.056,546,0.0434,10,112,4,1,0,15328,1
1609,0.047,94,-0.2058,9,927,0,1,0,2807,0
2061,0.0585,150,0.2991,6,84,1,0,1,411,0
2062,0.0515,89,0.0741,18,119,0,1,1,1012,0
1379,0.0555,78,-0.1806,11,1695,0,0,0,1570,0
15445,0.0457,606,0.7308,9,333,1,1,0,23980,0
1555,0.0346,27,0.1392,8,2309,2,1,0,317,0
241,0.0468,11,0.8282,15,75,4,0,0,51,0
890,0.0539,29,0.8329,17,608,3,1,0,506,0
2494,0.0318,46,0.5947,10,197,3,0,0,1414,0
16524,0.0495,1026,0.391,7,478,0,1,0,5050,0
5353,0.0544,148,-0.1582,23,3128,2,0,1,850,0
391,0.0594,33,-0.3493,9,3991,3,0,0,173,0
158473,0.0209,3361,-0.5827,11,1110,2,1,0,200374,0
2912,0.0619,267,-0.2712,14,135,3,1,1,506,0
17956,0.0612,613,0.1951,17,199,2,1,0,9266,0
1375,0.0526,78,0.6192,8,780,3,0,1,530,0
4722,0.0513,205,0.5436,10,297,2,1,0,5424,0
8193,0.046,506,0.4763,9,1284,0,1,0,6036,0
16199,0.0465,649,0.493,9,3554,0,0,0,15722,0
12127,0.0412,379,0.0045,10,248,0,0,0,6739,0
8690,0.0434,511,0.1467,10,271,4,0,0,11991,0
1025,0.0613,54,0.1953,9,204,5,0,1,214,0
646,0.0776,25,-0.1471,16,515,3,1,1,144,0
3290,0.0336,98,0.7138,21,700,2,1,0,4831,0
9697,0.0422,472,0.0206,11,679,1,0,1,4647,0
1210,0.0398,36,0.7138,7,1632,4,1,0,759,0
12299,0.0583,667,-0.0095,10,985,3,1,1,4002,0
24703,0.0337,462,-0.1427,18,627,0,1,1,4636,0
347,0.0422,15,0.0274,9,692,1,1,0,439,0
400,0.0624,31,0.1198,8,724,2,0,0,408,0
1404,0.0685,87,-0.3849,10,627,2,1,0,6255,1
3145,0.0544,157,0.6097,18,337,1,0,1,781,0
703,0.0558,23,0.5464,10,199,2,0,0,392,0
20618,0.0444,641,0.5337,10,766,5,0,0,18761,0
3878,0.0611,155,0.0548,7,403,1,1,0,4833,0
1941,0.041,78,0.6216,11,1124,3,1,0,1017,0
136,0.0592,8,-0.05,15,714,1,0,0,138,0
169,0.0549,13,0.3299,10,675,0,0,1,20,0
2998,0.0363,62,-0.1827,18,1780,1,1,1,1805,0
50,0.061,3,0.4929,11,163,1,1,0,169,1
11189,0.0538,617,0.2931,17,3902,5,1,1,1762,0
1360,0.0568,78,-0.2533,10,74,2,1,0,2816,1
620057,0.0331,28176,0.2231,12,2837,0,0,0,92292,0
115179,0.0348,2831,0.7794,21,813,2,1,0,131930,0
1304,0.0565,39,-0.2609,19,393,1,1,0,2414,1
1493,0.0428,74,0.0626,9,152,4,1,1,565,0
10851,0.0397,364,0.7457,19,365,1,0,0,4590,0
38781,0.0397,796,0.1571,19,564,1,0,0,26283,0
94,0.0646,4,0.337,20,808,0,1,0,55,0
72,0.066,3,0.3245,10,2823,2,1,0,72,0
590,0.0531,34,0.1886,11,715,2,0,1,92,0
5161,0.042,145,0.1597,18,915,4,1,0,9322,1
4422,0.078,314,0.4849,19,943,0,0,0,4910,0
12401,0.0514,625,-0.0186,11,479,4,0,0,9046,0
208,0.0628,12,-0.0229,21,548,6,1,0,250,0
50,0.0619,4,0.5717,20,597,2,1,0,47,0
8471,0.0393,181,0.1273,19,1244,3,1,0,17819,1
407,0.0546,32,0.5758,16,266,1,0,1,48,0
50,0.0672,3,0.1334,10,400,1,0,0,23,0
2347,0.0302,91,0.3342,21,949,2,0,0,3107,0
7538,0.0286,200,0.8265,9,226,2,1,0,3123,0
1451,0.0445,61,-0.2101,8,745,1,1,1,186,0
793,0.0554,60,0.5292,18,385,2,0,0,1664,1
1357,0.0488,92,0.5762,18,1102,1,1,0,9557,1
927,0.0674,46,0.5875,11,2627,1,0,0,2272,1
159,0.0449,4,0.398,18,385,5,0,1,35,0
499,0.0476,23,0.6739,18,1418,1,0,1,260,0
4620,0.0614,397,-0.433,19,812,2,1,0,2881,0
3226,0.049,129,-0.194,16,453,0,0,0,3283,0
2446,0.0576,162,-0.4184,21,669,2,0,0,1662,0
301,0.0777,28,-0.0762,20,2435,2,0,0,147,0
1304,0.0444,73,0.0074,10,560,4,1,1,548,0
50,0.0633,3,-0.3217,11,2462,2,1,1,49,0
2493,0.046,103,0.0184,10,589,1,0,0,1392,0
23669,0.0202,700,0.4786,9,161,4,1,0,30496,0
127,0.0575,8,0.2935,18,574,1,0,1,34,0
629,0.063,48,0.6086,11,149,5,1,0,936,0
3269,0.053,146,0.8044,18,484,2,0,0,5399,0
17242,0.0472,951,0.2705,9,465,0,1,0,15409,0
806,0.0495,30,0.3673,21,4092,0,0,0,584,0
520,0.0484,18,0.6587,18,3325,1,1,1,277,0
52,0.0768,4,-0.1801,11,724,4,0,0,42,0
2178,0.0443,98,0.5737,10,2233,2,1,0,5409,1
71377,0.0382,3229,0.0999,23,446,1,1,0,31943,0
2978,0.0496,113,0.2958,11,159,0,0,0,902,0
1736,0.0648,123,0.0251,18,1127,2,1,1,735,0
3228,0.0574,174,-0.1403,12,954,2,0,0,1811,0
1772,0.0371,72,0.3664,8,260,2,1,0,2936,0
418,0.044,14,0.2644,18,272,1,1,0,378,0
7957,0.0499,482,0.1182,10,1702,2,1,0,6265,0
2714,0.0477,169,-0.0734,9,123,3,1,0,15003,1
1866,0.0453,64,0.2857,20,1162,3,1,0,3426,1
312,0.0672,16,0.1795,17,485,3,1,1,52,0
18888,0.0425,931,0.1422,12,1163,1,1,0,15096,0
5981,0.0457,327,-0.4229,17,1787,3,1,1,1086,0
668,0.0618,49,-0.5085,10,277,0,0,0,640,0
10974,0.039,506,0.3324,18,212,0,0,1,3011,0
738,0.0693,45,0.0593,16,2882,3,1,0,1012,0
442,0.0477,18,-0.406,20,628,1,0,0,460,0
460,0.062,21,-0.3415,12,923,2,1,1,219,0
74,0.0771,3,0.3405,8,1653,3,1,0,109,0
4225,0.0328,165,-0.0194,18,254,1,0,0,1268,0
66,0.0597,2,0.6983,8,1639,3,1,0,92,0
198,0.0702,19,0.2949,11,1261,1,1,0,238,0
50,0.0758,5,-0.2376,9,2892,3,1,0,181,1
1548,0.0489,102,0.7224,17,2842,3,0,1,304,0
1379,0.0437,84,0.1476,20,708,2,1,0,1236,0
1004,0.0619,56,0.5951,19,1412,1,1,0,674,0
276,0.0693,25,0.3777,21,695,2,1,0,348,0
219,0.0468,6,-0.179,21,769,3,1,0,214,0
4170,0.0346,75,0.6,16,215,1,0,0,941,0
671,0.0562,48,0.2926,22,531,1,0,0,221,0
3195,0.054,99,0.2419,17,110,3,1,0,3467,0
367,0.0534,29,0.0866,17,579,5,1,0,155,0
2504,0.0555,163,0.3219,9,2490,0,1,0,2186,0
18880,0.0335,793,0.3216,16,1447,2,0,0,19107,0
5193,0.0246,95,0.1146,23,744,3,1,1,2270,0
860,0.0487,49,0.7696,18,543,2,0,1,619,0
2872,0.0488,76,0.4313,13,387,3,1,0,4262,0
1172,0.049,76,0.6739,12,265,3,1,0,1191,0
1833,0.0384,47,0.5166,21,1508,2,0,0,2164,0
1006,0.0342,41,0.7559,17,143,1,1,1,152,0
1345,0.046,44,-0.3449,8,140,1,0,0,1020,0
2648,0.0574,86,0.5387,13,1643,2,0,0,1387,0
302,0.0697,20,-0.2931,10,818,3,1,0,862,1
290,0.0692,13,0.3819,11,695,5,1,1,293,0
148,0.0518,9,0.7932,9,818,1,1,0,399,1
101,0.05,3,0.5095,16,4964,1,0,0,84,0
202,0.0637,10,-0.2472,17,703,1,0,0,106,0
2409,0.0552,141,0.5395,10,891,2,0,1,1411,0
362,0.0604,17,0.1907,16,5000,1,1,0,393,0
4557,0.0262,104,0.4417,19,624,1,1,1,669,0
1924,0.0411,103,0.0195,10,3738,6,0,1,348,0
52,0.0638,2,0.5769,22,80,1,0,1,10,0
5877,0.0502,171,0.766,10,208,3,1,0,5843,0
7780,0.0518,334,0.529,8,341,0,0,1,1856,0
302,0.0586,16,0.7449,19,1192,3,0,0,825,1
3851,0.0503,201,0.7371,9,3920,0,0,1,532,0
386,0.057,19,-0.1201,20,368,0,1,0,687,0
2155,0.0562,156,0.3632,8,1769,1,1,1,1539,0
185,0.0622,6,0.4606,9,5000,2,1,0,421,1
71,0.0636,4,0.8536,11,3180,3,0,0,121,0
907,0.0501,40,0.7143,12,444,1,1,0,1559,0
1447,0.0517,85,0.1944,9,1585,1,1,0,2000,0
883,0.0577,74,0.2205,12,933,5,0,0,406,0
214,0.0612,13,0.4361,10,343,4,0,0,455,1
880,0.0567,74,0.6308,8,1019,0,1,0,579,0
2935,0.0615,144,0.2863,9,414,2,1,0,9132,1
1667,0.053,46,0.4619,21,753,5,0,1,603,0
2511,0.0422,70,0.2441,9,167,2,0,0,3502,0
541,0.0637,30,0.0031,9,114,2,0,0,528,0
14899,0.0279,339,0.0848,18,499,2,1,0,15696,0
217,0.0476,6,0.1689,9,914,4,1,0,199,0
4348,0.0498,202,0.2324,7,215,3,0,1,428,0
15174,0.0467,593,-0.4547,19,1125,5,0,0,21947,0
4296,0.0341,91,0.3593,18,694,4,1,0,10023,1
1255,0.0476,47,0.5568,9,1274,3,0,0,1354,0
698,0.0477,46,0.1229,22,1712,3,0,1,67,0
11672,0.0377,352,-0.0963,12,2549,4,1,0,9414,0
139,0.0697,11,0.7187,10,1215,2,0,1,64,0
315,0.064,22,0.2563,9,495,1,1,1,278,0
883,0.0527,43,0.308,17,803,0,1,1,374,0
16777,0.0356,441,0.2245,21,5000,2,1,1,17088,0
3581,0.0338,105,-0.1714,10,1781,3,1,0,3253,0
316,0.0712,24,0.451,14,714,1,1,0,667,1
1034,0.0582,51,-0.0363,19,572,0,0,0,1370,0
598,0.0474,20,0.6005,11,365,3,0,0,706,0
503,0.0623,19,-0.4659,14,202,3,1,0,370,0
10530,0.0422,613,0.8228,18,3670,2,1,0,18035,0
153,0.057,8,-0.42,11,1073,2,1,0,209,0
32722,0.0428,1574,0.2424,11,187,0,1,0,56499,0
8028,0.0366,291,-0.0171,11,586,1,0,0,12395,0
12881,0.0387,684,0.6597,10,2369,2,1,0,12615,0
785,0.0545,44,0.6434,9,425,0,1,0,609,0
1380,0.0461,62,-0.2457,16,294,3,0,0,422,0
137,0.067,13,0.3338,10,950,1,0,1,19,0
703,0.0725,62,0.278,7,1284,0,1,0,348,0
4396,0.0389,104,-0.4016,12,425,4,1,0,1614,0
18637,0.024,303,0.0863,21,365,1,0,0,15837,0
246,0.0379,12,0.713,9,1054,2,0,0,255,0
936,0.0511,63,0.3967,17,215,1,0,0,1482,0
1376,0.0445,63,0.5616,9,388,1,1,1,754,0
146,0.0621,9,0.1347,11,589,3,0,0,71,0
5241,0.0471,279,0.4424,14,1392,4,0,0,3886,0
491,0.0392,18,0.1089,11,433,4,0,0,174,0
1271,0.0333,49,0.5322,12,1168,5,1,0,4464,1
801,0.0562,27,0.4209,10,2134,2,0,1,223,0
436,0.057,36,0.4957,19,400,4,1,1,198,0
1785,0.0458,102,0.2513,21,5000,1,1,0,2545,0
1226,0.035,48,0.5315,11,2750,1,1,0,3921,1
925,0.0574,43,0.2085,11,873,3,1,0,2663,1
487,0.068,21,0.2893,18,554,2,1,0,1370,1
3213,0.0505,147,0.6773,9,381,2,0,0,2373,0
35472,0.0296,1220,0.1289,9,3502,1,0,0,99440,1
2325,0.0494,130,0.5352,10,820,2,1,0,4218,1
10861,0.0292,279,0.1886,16,157,3,0,0,4944,0
148,0.0706,11,0.0322,11,120,0,1,0,161,0
2401,0.0497,156,0.5482,14,744,2,0,1,1263,0
250,0.0402,5,0.2405,8,760,0,1,0,351,0
126,0.0576,6,0.6521,10,265,3,1,1,81,0
477,0.06,35,0.0525,18,146,2,0,1,190,0
15450,0.0381,615,0.2645,19,93,4,1,0,10825,0
9996,0.0404,465,0.3106,7,311,2,1,0,24413,1
2800,0.036,102,-0.1699,10,462,2,1,1,1438,0
114,0.0667,11,0.4636,12,1328,4,0,0,231,1
1269,0.0449,31,0.2966,19,583,1,1,0,3501,1
3112,0.0263,80,0.4164,10,1927,1,1,1,2693,0
2479,0.045,66,0.5644,20,1218,2,1,0,7862,1
65,0.0731,3,0.6212,21,1111,3,1,0,84,0
364,0.0525,16,-0.1882,6,1770,4,1,0,468,0
1611,0.0678,71,-0.2811,16,166,0,0,0,1025,0
4747,0.0504,350,0.1272,10,389,0,1,0,10356,1
50,0.0677,4,0.3982,19,5000,3,1,1,40,0
1350,0.0499,56,0.2654,10,98,3,1,0,2620,1
2339,0.0483,128,-0.2279,10,493,2,0,0,6766,1
8344,0.0412,355,0.6242,18,1070,1,1,1,7510,0
6292,0.042,347,0.2199,18,101,3,0,1,866,0
5159,0.0511,297,0.2895,12,313,4,1,0,4143,0
428,0.0464,9,-0.0409,18,4895,2,0,0,355,0
58,0.0529,3,-0.2862,19,788,3,1,0,192,1
891,0.0416,46,-0.0844,10,374,1,1,0,869,0
10970,0.0632,700,-0.0111,18,820,0,0,0,14743,0
22208,0.0453,1410,0.4037,17,373,2,0,1,2282,0
6496,0.0479,438,0.3043,19,3686,2,0,1,2392,0
3915,0.0363,145,0.1696,17,246,1,1,1,349,0
3580,0.0535,212,0.4104,19,394,0,1,0,3720,0
664,0.0528,52,0.5549,11,149,2,0,0,549,0
1430,0.0531,60,0.5614,11,494,2,1,0,1025,0
36472,0.0282,848,0.4061,19,558,3,1,1,33363,0
331,0.0584,13,0.5048,11,2198,2,0,0,272,0
33077,0.0341,1576,0.5433,10,240,2,1,0,89658,1
1012,0.0447,56,0.4491,18,1078,1,1,1,148,0
19648,0.0478,568,-0.0474,7,725,1,0,0,25848,0
143,0.0447,9,0.4871,20,100,5,0,0,113,0
5190,0.0514,328,0.2698,9,322,5,1,1,1795,0
480,0.0621,40,0.3857,21,309,1,1,0,449,0
141,0.0514,3,0.1055,15,3579,1,1,1,32,0
2679,0.0402,108,0.3721,20,1147,3,1,0,2572,0
11126,0.0405,540,0.2205,22,768,5,0,0,2234,0
395,0.0589,24,0.4211,9,30,3,1,0,189,0
121,0.0593,8,0.4905,10,98,2,1,1,72,0
1532,0.055,111,0.2388,7,1377,6,1,1,229,0
1544,0.0683,92,-0.1644,20,1453,1,1,0,4689,1
4851,0.041,268,0.2269,16,316,1,1,0,4847,0
9989,0.026,172,-0.2841,10,683,2,1,0,15673,0
1624,0.0587,73,0.5207,10,636,0,0,0,686,0
51016,0.0535,1482,0.711,11,787,3,1,0,52870,0
2707,0.0523,122,0.4882,17,458,0,1,1,273,0
969,0.0416,35,0.2219,8,1503,2,1,0,380,0
99,0.0603,7,0.4951,17,2010,5,0,1,16,0
1126,0.0407,52,0.2441,7,254,2,1,0,540,0
986,0.0588,54,0.2731,20,201,1,1,0,630,0
10183,0.0296,346,0.3729,17,300,6,1,0,7721,0
4156,0.0437,100,0.3227,20,698,3,0,1,744,0
216,0.0484,7,-0.0957,11,949,4,1,0,418,1
2465,0.05,138,0.57,8,1463,0,1,0,2662,0
6055,0.0415,286,0.7999,11,1757,3,1,1,4412,0
28295,0.0408,1469,0.1267,9,955,3,1,0,41975,0
8932,0.0438,353,0.8124,7,836,2,1,0,18954,1
7111,0.0347,301,0.8999,18,3459,4,0,0,15587,1
2014,0.0558,133,0.4595,13,668,1,0,1,364,0
3637,0.0467,248,-0.0514,22,1199,3,0,0,1664,0
17138,0.0311,381,0.5141,9,916,4,0,0,15708,0
164,0.082,14,0.1091,11,559,4,1,0,211,0
963,0.0573,60,0.2089,19,563,2,1,0,1758,1
450,0.054,36,0.1738,11,2494,2,0,0,617,0
3577,0.0614,154,-0.0415,17,607,2,1,1,663,0
16554,0.0596,1008,-0.2616,10,467,0,0,0,23272,0
617,0.0528,27,-0.4584,17,318,0,0,0,377,0
50,0.0677,3,0.0092,19,1014,2,1,1,28,0
860,0.0431,27,0.3717,19,398,0,0,1,64,0
9360,0.042,215,0.334,20,926,0,1,0,8648,0
4758,0.0441,225,0.3789,9,794,2,1,1,3511,0
3907,0.0488,159,0.1667,9,433,0,0,0,3824,0
1092,0.0553,41,-0.1921,19,164,5,1,1,239,0
180,0.0648,9,0.4283,11,237,1,1,1,51,0
4571,0.0487,122,0.6416,10,278,0,1,0,7137,0
402,0.0439,25,0.2206,19,243,4,1,0,1711,1
92168,0.0249,2480,-0.1459,9,1048,1,1,0,47164,0
5048,0.0404,268,0.409,19,5000,5,0,0,3437,0
635,0.0514,30,0.7564,20,399,0,0,0,353,0
601,0.0649,54,-0.3396,9,452,2,0,1,447,0
1529,0.039,58,0.8303,18,370,1,1,0,4480,1
1174,0.0481,60,-0.5183,18,1568,3,1,0,1211,0
13498,0.0515,689,0.7184,19,1018,2,1,1,9480,0
2528,0.0457,142,-0.1701,20,654,0,0,0,1114,0
484,0.0599,30,0.2577,16,197,1,1,1,239,0
54327,0.035,1466,0.1896,18,252,5,1,0,47374,0
1975,0.0522,66,-0.1395,17,792,3,1,1,417,0
7214,0.0422,336,0.2415,17,831,6,1,1,917,0
604,0.061,36,-0.0282,9,654,2,0,0,572,0
3475,0.0319,66,0.6353,13,1293,2,1,1,533,0
3165,0.0441,125,-0.2021,19,195,1,0,0,3253,0
60,0.0665,4,0.5622,17,901,1,0,0,48,0
68015,0.0408,3684,0.5602,18,852,1,0,0,39909,0
18456,0.0556,591,0.2715,7,255,3,1,0,19199,0
884,0.0489,36,0.3141,12,363,2,1,1,324,0
248,0.0727,23,0.5459,18,1330,3,0,0,220,0
3379,0.0409,158,0.7519,9,213,2,0,0,3609,0
2113,0.0627,104,0.4569,21,5000,4,0,0,982,0
3429,0.0556,256,0.011,8,1159,2,1,0,2108,0
2552,0.0395,100,0.0758,8,628,0,1,0,1590,0
4497,0.0494,221,-0.0207,10,516,2,1,0,5648,0
24468,0.0391,1411,0.1741,17,1462,3,1,0,19496,0
5027,0.0522,379,0.4388,15,440,1,1,0,3496,0
273,0.0553,12,0.5717,10,459,5,0,1,51,0
21007,0.0371,499,0.0013,17,2842,2,1,0,30630,0
34651,0.0519,1484,0.0198,12,415,1,1,0,39893,0
526339,0.0263,7348,0.3672,10,762,3,1,0,643271,0
239,0.0663,8,-0.1424,18,310,1,1,0,793,1
2799,0.046,115,0.0332,22,861,0,1,0,2243,0
50,0.0809,5,0.0379,8,1188,2,0,1,22,0
4893,0.0392,263,0.6169,12,3579,3,0,0,5114,0
674,0.0478,32,0.2552,18,260,6,1,1,135,0
57653,0.0514,3156,0.2879,9,156,2,0,1,9300,0
448,0.0511,11,0.6651,19,509,1,1,0,641,0
86,0.0781,4,0.0043,18,358,1,0,1,16,0
774,0.0623,25,0.1579,21,654,3,1,1,229,0
51,0.0626,4,0.3492,9,1121,2,1,0,53,0
6988,0.0265,119,-0.0807,18,5000,2,1,0,15124,1
50,0.0641,4,-0.2092,16,423,4,1,0,25,0
1903,0.0508,110,-0.0105,19,72,3,1,0,7582,1
50,0.0759,2,-0.1177,9,524,1,0,0,60,0
1015,0.0682,45,0.309,22,944,1,1,0,1284,0
34824,0.0313,1229,0.5774,21,252,6,1,0,30405,0
3460,0.0554,268,0.1393,22,840,1,0,0,3492,0
382,0.0639,29,0.5269,18,763,1,0,0,514,0
1709,0.061,88,0.092,10,862,1,1,0,2184,0
1867,0.0549,111,-0.1649,11,1467,0,1,0,1038,0
4233,0.0272,93,0.055,20,612,3,0,0,3428,0
154,0.0583,13,0.1631,17,1150,1,0,0,124,0
5253,0.0342,224,-0.1201,19,110,2,0,0,2266,0
50,0.0622,3,0.8715,9,254,0,1,0,148,1
581,0.0643,34,-0.2618,11,472,1,1,0,905,0
750,0.0566,47,0.1005,9,243,1,1,0,1383,1
5653,0.0569,270,0.5648,20,669,4,1,0,8255,0
1883,0.0533,53,0.0625,10,471,0,0,0,1067,0
144,0.0471,6,0.4299,9,421,0,0,0,173,0
307,0.0319,13,-0.2163,12,1609,3,0,0,109,0
2585,0.0501,145,-0.0948,8,723,1,1,0,947,0
1568,0.0484,44,0.3672,16,225,3,1,1,135,0
637,0.0444,39,0.2554,9,363,2,0,0,590,0
760,0.0365,21,0.2021,18,1412,1,0,0,1016,0
6330,0.0376,177,0.0174,22,812,1,1,0,3565,0
712,0.0518,29,0.0473,8,2199,0,0,1,159,0
1542,0.0573,95,0.3845,10,1550,0,1,0,1518,0
89849,0.0363,3403,0.6843,12,450,1,1,0,48576,0
139,0.0763,10,0.4304,17,2794,2,1,1,65,0
64,0.0529,4,0.7734,10,3034,2,1,0,238,1
7409,0.0532,321,0.5138,11,111,2,1,0,7902,0
532,0.0554,37,0.4054,9,686,1,0,0,400,0
1019,0.0592,40,0.1099,21,383,3,0,0,605,0
443,0.0513,29,0.3578,10,512,3,1,1,297,0
1132,0.0626,82,-0.3205,14,294,0,0,0,763,0
32124,0.0414,1575,-0.283,10,259,2,1,1,12811,0
7660,0.0374,281,0.6046,10,1637,3,0,0,9904,0
8535,0.0437,434,-0.1319,22,206,3,1,0,14739,0
141,0.0578,4,0.3667,10,730,0,1,0,218,0
227,0.0632,19,0.7018,16,172,4,0,1,18,0
50,0.0525,1,-0.0226,16,2367,3,0,0,80,0
421,0.0555,15,0.5182,21,685,3,1,1,229,0
10117,0.0471,512,0.2044,10,1401,3,0,0,5011,0
4584,0.0466,264,0.5226,20,808,3,1,0,8871,1
1213,0.0651,45,0.2876,19,516,2,0,1,369,0
1736,0.0579,142,0.6293,20,712,2,0,0,3879,1
523,0.0549,42,0.3926,8,3002,3,1,0,708,0
2613,0.0507,146,-0.4136,18,271,2,0,0,3431,0
7176,0.0474,334,0.3282,18,51,1,1,0,14423,1
98,0.0657,7,0.1535,8,302,3,1,0,187,1
3100,0.0296,75,-0.3985,10,198,3,1,0,11174,1
9685,0.0403,387,0.7788,21,1751,2,0,0,10950,0
856,0.0381,46,0.0487,20,557,2,1,0,797,0
6382,0.0577,536,0.5354,19,1521,1,1,1,2034,0
286753,0.0291,11918,0.266,9,686,0,0,0,60347,0
1498,0.0488,55,-0.5894,8,670,6,0,0,447,0
3670,0.0561,150,0.4052,17,783,3,0,0,1043,0
478,0.0595,22,0.6618,15,2922,6,0,0,253,0
2505,0.0374,88,0.4537,18,801,1,1,0,6009,1
4140,0.046,154,0.0871,19,2016,3,0,1,1344,0
2567,0.0452,101,0.3368,16,1891,3,0,0,2168,0
288,0.0399,12,0.6255,11,564,2,0,0,319,0
2621,0.0416,137,0.1574,19,617,1,1,1,1498,0
25133,0.0376,1168,0.3039,7,455,0,1,0,14958,0
4054,0.0456,243,0.4914,20,2399,2,1,0,4772,0
10214,0.0283,153,-0.3399,17,259,1,0,1,2898,0
1180,0.0632,40,0.0391,18,322,1,1,1,433,0
6973,0.0436,391,-0.3605,9,504,1,1,1,3610,0
2988,0.0484,149,0.3894,12,210,1,0,0,4110,0
326,0.0608,21,0.6379,16,368,4,0,0,163,0
3207,0.0398,70,0.6891,20,2071,2,1,1,1665,0
303,0.0617,14,-0.049,10,1275,6,1,1,202,0
578,0.0509,33,0.2171,16,436,0,0,0,152,0
2542,0.0397,137,0.7282,16,1484,3,1,0,3595,0
3087,0.0536,234,0.2336,12,5000,2,0,1,449,0
212,0.0735,15,-0.0268,12,909,0,0,0,94,0
12054,0.0497,625,0.0254,10,2752,2,0,0,14517,0
5062,0.0551,371,0.5935,17,1558,1,1,0,4527,0
508,0.0499,26,0.4129,12,495,1,1,0,212,0
113,0.0451,5,-0.0835,10,810,1,0,1,16,0
1392,0.0659,128,0.6191,20,1125,1,1,0,2827,1
810,0.0738,77,0.0851,10,315,1,0,0,1264,0
2216,0.0646,201,0.3176,18,48,1,1,0,2301,0
940,0.0493,33,0.4326,18,288,4,0,0,1717,1
50,0.0527,2,0.587,19,76,4,1,0,79,0
898,0.0421,50,0.3621,9,313,0,1,0,977,0
1043,0.0354,22,-0.3042,9,120,2,0,0,587,0
5656,0.0444,324,-0.4366,10,1603,1,0,0,10113,0
514,0.0711,24,0.5403,8,203,0,0,0,154,0
37108,0.0365,1771,0.3194,15,1146,3,1,0,46071,0
57,0.0668,4,0.6392,16,1431,1,1,0,44,0
19150,0.0543,721,0.3548,20,1341,1,0,0,16659,0
1207,0.0476,55,0.5753,18,102,5,1,0,746,0
8495,0.0642,644,-0.3912,11,2043,0,0,0,2920,0
2087,0.0693,164,0.4839,17,1012,3,0,0,3204,0
14061,0.0405,527,0.3961,19,1486,5,0,0,23774,0
900,0.047,59,0.365,17,4145,2,1,0,263,0
250,0.0649,16,0.6318,6,1471,2,0,0,132,0
23316,0.0363,851,0.192,10,203,2,1,0,42224,1
1473,0.0393,32,-0.2442,11,1278,2,1,0,4369,1
2694,0.0612,234,0.0482,16,147,2,1,0,1880,0
16689,0.0533,602,-0.0113,9,624,1,1,0,29825,0
282,0.059,17,0.4049,10,402,4,0,0,173,0
5281,0.0331,227,0.4271,10,671,3,1,1,2398,0
625,0.0419,18,0.6465,18,147,1,1,1,233,0
1425,0.052,76,-0.0282,9,164,1,1,0,4133,1
2059,0.0445,67,0.4595,13,424,2,0,0,583,0
121,0.0574,8,-0.0268,11,532,2,1,1,46,0
445,0.0658,31,0.0809,20,434,1,1,0,523,0
20577,0.0476,1328,0.3659,9,2836,1,1,0,18982,0
8911,0.0574,713,0.6305,9,1016,4,1,1,2226,0
1615,0.0405,75,0.326,9,988,3,1,0,4687,1
2800,0.0448,153,0.4429,8,453,2,0,0,330,0
1064,0.0597,66,0.2897,9,165,0,0,0,622,0
20782,0.0447,821,0.4629,19,662,3,1,0,29086,0
1260,0.0668,96,0.3602,9,4053,3,0,0,1714,0
2744,0.0525,203,0.2761,10,832,2,1,1,1939,0
14226,0.0602,785,0.073,10,2024,4,0,0,8928,0
446,0.061,22,0.8238,10,2297,1,1,0,579,0
29906,0.0494,1312,0.0897,21,1163,3,1,0,28240,0
115,0.0578,6,0.3567,10,829,4,0,0,81,0
33974,0.0384,748,0.6873,9,247,4,0,1,9959,0
924,0.0618,57,-0.2088,12,539,3,1,0,1441,0
1168,0.0679,78,0.0087,7,463,0,1,1,484,0
60,0.0708,4,0.2763,7,925,2,0,1,18,0
797,0.0524,36,0.4188,11,161,2,1,1,593,0
278,0.0712,22,0.2289,7,388,2,1,0,929,1
605,0.0325,27,0.0703,9,996,2,0,1,229,0
1412,0.0368,75,0.1203,17,329,2,1,0,906,0
10137,0.0499,548,-0.1217,11,266,3,1,0,12980,0
2627,0.0486,69,0.4004,10,301,1,0,0,1852,0
3145,0.0538,248,0.5317,22,506,2,1,0,4697,0
251,0.0585,17,0.5159,10,61,2,0,0,171,0
370,0.062,19,0.2002,13,315,2,0,1,70,0
46060,0.0289,861,-0.1581,17,1724,5,1,1,2731,0
481,0.061,18,0.0138,10,919,2,1,0,542,0
35638,0.048,1142,0.2685,10,1012,1,0,0,31342,0
1167,0.064,40,0.5469,11,106,2,1,0,5772,1
1815,0.0701,178,0.2179,17,439,1,0,0,1159,0
12414,0.0447,577,0.2809,17,592,1,1,0,5423,0
17843,0.0436,933,0.466,18,1058,3,1,1,9470,0
1481,0.0356,69,0.721,16,2020,3,0,0,1308,0
898,0.0475,55,-0.0481,9,1728,1,0,1,187,0
1634,0.0485,109,-0.057,7,370,4,0,0,596,0
3322,0.0581,283,0.1655,10,378,2,1,0,4775,0
8994,0.0375,316,0.1217,9,2729,3,1,1,4260,0
1821,0.0579,153,0.3758,15,464,1,1,0,3186,0
5508,0.0455,306,-0.2717,18,225,2,1,1,1347,0
34511,0.0364,717,-0.2522,18,540,3,0,0,52270,0
3591,0.0497,211,0.4202,9,2564,0,0,0,2945,0
3168,0.0438,164,0.1908,11,269,2,0,0,4637,0
117,0.0566,9,0.5222,21,433,1,1,0,77,0
50,0.0472,2,-0.291,6,280,2,1,1,10,0
3637,0.0447,176,0.2214,8,1730,0,1,0,1525,0
1524,0.0459,35,0.162,18,887,3,0,0,2069,0
715,0.0485,28,0.7084,9,1678,5,0,1,124,0
2802,0.0524,82,0.1352,9,3181,5,0,0,3548,0
1621,0.057,94,-0.0294,16,146,1,0,0,778,0
13766,0.0442,801,0.6432,19,311,3,0,0,15042,0
2111,0.0593,88,-0.1799,8,431,5,0,0,701,0
471,0.0611,29,0.7633,18,712,1,0,0,1521,1
10746,0.0399,302,-0.3378,17,1103,0,1,1,983,0
1223,0.0469,35,0.4193,17,406,4,0,0,692,0
4664,0.0493,232,0.4696,8,332,0,1,0,7388,0
765,0.0592,26,0.2449,14,1731,3,0,1,186,0
561,0.0687,41,0.6487,8,1148,3,0,0,271,0
2103,0.0613,68,0.0339,18,912,1,0,0,1464,0
1850,0.0445,49,0.5181,17,77,1,0,0,977,0
4288,0.0455,204,0.104,9,2223,1,0,0,2955,0
1114,0.0586,71,-0.4088,20,799,1,0,0,474,0
66,0.0739,2,-0.2529,10,565,2,0,0,38,0
829,0.0625,55,0.8009,9,293,4,0,1,397,0
7546,0.0436,440,0.8559,16,353,2,1,0,14285,1
1058,0.0396,51,0.3641,10,272,3,1,0,2978,1
1160,0.0418,30,0.5157,16,90,2,1,1,218,0
10673,0.0456,531,-0.1485,19,293,2,1,0,31736,1
501,0.0585,34,0.4653,8,134,2,1,0,462,0
112,0.0501,3,0.498,20,626,1,0,0,101,0
1354,0.0516,94,0.1438,7,210,2,0,0,1053,0
756,0.0598,63,0.3314,18,1380,1,1,0,1369,1
317,0.0454,19,0.185,7,125,1,0,0,334,0
1318,0.0623,108,0.2591,11,2196,2,1,0,3365,1
4379,0.0427,232,0.5895,10,1535,2,0,1,1332,0
1778,0.0626,126,0.4967,17,229,2,0,1,1056,0
3141,0.0425,157,0.4337,8,605,0,0,0,5014,0
47293,0.0267,1648,0.9219,15,283,1,1,0,57580,0
975,0.0479,54,0.4628,7,1186,2,1,1,531,0
2984,0.047,116,-0.0569,11,4023,2,0,1,337,0
723,0.0498,31,-0.1771,19,2166,3,1,1,217,0
394,0.0539,29,0.2833,11,334,5,1,1,161,0
630,0.0576,18,0.0891,8,745,5,1,0,215,0
763,0.0517,47,0.1411,6,3048,2,0,0,517,0
3453,0.0467,234,0.6634,9,1123,1,1,1,2729,0
124037,0.016,2393,0.5067,10,1826,3,0,0,110544,0
498,0.0591,43,0.1715,8,1275,4,0,0,80,0
854,0.0521,52,0.0049,18,717,7,0,1,597,0
1613,0.0666,57,0.2469,19,620,4,1,0,4438,1
3686,0.0378,184,0.1097,10,198,0,0,0,2415,0
2905,0.03,68,-0.4349,10,309,0,1,0,2032,0
18240,0.0469,809,0.109,18,269,2,1,0,8794,0
50,0.0677,2,0.1534,18,468,4,1,0,95,1
50,0.0542,2,0.5664,15,734,1,1,0,51,0
740,0.0383,26,0.658,15,597,1,0,1,163,0
13031,0.0575,658,-0.1328,19,825,1,1,0,12357,0
107,0.0754,9,0.878,10,1292,4,0,1,40,0
50,0.0394,2,-0.2723,9,438,0,0,0,30,0
5054,0.0413,166,0.0294,10,1391,2,1,1,1486,0
2803,0.0649,129,0.2958,9,2075,1,1,0,4851,0
254,0.0531,15,0.2626,19,1007,2,0,0,317,0
306,0.0522,18,0.2201,19,385,3,1,0,1384,1
315,0.0541,23,0.7424,19,1714,7,1,0,624,1
2206,0.038,43,-0.2014,23,1077,5,1,0,1679,0
585,0.0375,29,0.5728,19,1234,2,1,0,604,0
4399,0.057,255,0.496,19,3087,0,1,0,6191,0
50,0.0458,2,0.4103,11,1352,2,1,1,46,0
386,0.0586,13,0.207,18,3210,1,0,0,548,0
238,0.067,14,0.7785,20,573,2,0,0,189,0
1139,0.0373,30,0.4837,9,432,4,1,0,766,0
686,0.0446,23,-0.3256,10,2098,1,1,0,1871,1
7601,0.0564,430,0.6901,19,248,4,1,0,7637,0
63,0.0687,5,0.5942,9,4395,3,1,0,122,1
1962,0.0435,106,-0.1236,9,2445,3,1,0,3079,0
4939,0.058,312,0.4447,8,726,0,1,0,7546,0
51121,0.0487,2587,0.3787,17,2211,0,0,0,50504,0
759,0.0562,39,0.4276,23,1289,1,0,0,445,0
3242,0.0387,184,0.1441,20,183,6,1,0,1943,0
70,0.0588,4,0.5257,18,294,0,1,0,188,1
50,0.0671,2,0.1573,16,885,3,1,0,72,0
8271,0.042,253,-0.2495,18,780,2,0,0,6250,0
1790,0.0594,118,0.2532,17,2460,2,1,0,2666,0
15082,0.0262,404,0.3832,16,899,1,1,0,17475,0
152,0.0449,3,0.154,17,187,2,0,1,10,0
4609,0.0481,294,-0.1688,18,385,2,0,0,2963,0
52254,0.0316,1990,0.0003,20,1398,2,1,0,113514,1
3848,0.0407,181,-0.5186,19,107,0,0,0,4398,0
2974,0.0303,51,0.8219,19,162,0,0,0,4513,0
1836,0.0501,79,0.1645,18,458,1,1,1,552,0
106,0.0608,9,0.6137,21,1680,2,1,0,477,1
20744,0.0468,1322,0.1319,11,535,0,0,0,12068,0
602,0.0551,26,0.271,15,1054,1,0,0,397,0
4483,0.045,132,0.2111,8,668,2,1,0,3750,0
108,0.073,7,0.2298,7,577,5,1,0,195,0
216,0.0454,8,-0.0029,17,345,4,1,1,34,0
23936,0.045,1274,0.0834,16,1540,2,0,0,13199,0
967,0.0358,50,0.2675,10,189,3,1,1,696,0
24733,0.0312,664,0.6662,19,526,2,1,0,21977,0
1570,0.0384,33,0.7846,8,2092,3,1,1,548,0
65,0.0711,6,-0.2077,20,309,1,0,1,16,0
9006,0.0429,207,0.1949,21,140,2,0,0,7872,0
625,0.0541,49,0.5515,18,80,0,1,0,1214,1
6359,0.0339,251,0.3363,21,1295,2,1,0,4828,0
1891,0.0468,127,-0.1156,17,1385,0,1,1,129,0
112,0.0535,4,0.2692,8,471,3,1,1,49,0
2430,0.0527,69,0.4034,6,186,3,0,0,1865,0
94202,0.0243,2259,0.0202,12,574,2,0,0,48679,0
4391,0.0597,249,0.1742,10,2160,5,1,0,2350,0
1630,0.0337,45,0.7897,16,186,5,0,0,1201,0
12526,0.0342,624,0.4001,11,1916,3,0,0,27830,1
2641,0.0653,227,0.6108,19,122,2,1,0,10737,1
2636,0.0441,135,0.3993,11,213,3,0,1,686,0
253,0.0447,7,0.0522,8,741,2,0,0,231,0
2754,0.0505,171,-0.0114,9,1715,1,1,0,3108,0
11658,0.0378,540,0.6186,12,2897,3,0,0,5829,0
401,0.0477,17,0.3764,9,1793,1,1,0,1726,1
23484,0.0288,963,0.5827,11,3140,3,0,0,28018,0
1532,0.0783,80,0.0141,19,797,2,1,0,1019,0
365,0.0539,15,-0.0698,9,357,3,0,0,983,1
10891,0.0236,144,0.437,19,2173,2,1,0,25797,1
1078,0.067,93,0.7031,17,2600,2,1,1,678,0
7094,0.0506,402,0.1927,18,1687,2,0,0,4878,0
1069,0.0444,38,0.6089,19,1227,6,0,0,1236,0
1623,0.0411,44,-0.0262,11,2675,3,1,0,1394,0
4395,0.0532,126,0.2593,8,936,4,1,1,823,0
3052,0.0454,92,0.5608,18,651,2,1,0,3074,0
50,0.045,2,0.6379,15,1374,2,1,0,49,0
240,0.0759,13,0.6625,12,1072,1,0,0,113,0
9632,0.039,284,0.5532,17,1612,0,1,1,1460,0
1425,0.0659,129,0.4317,19,582,3,1,0,3418,1
704,0.0666,47,0.7654,21,1651,0,0,0,1159,0
156,0.0498,9,-0.0084,19,1568,2,0,0,172,0
258,0.0681,9,0.009,9,823,6,0,1,38,0
50,0.0578,2,0.2958,19,314,4,1,0,52,0
1506,0.0321,47,-0.2246,9,2299,3,0,1,609,0
615,0.0501,21,0.4264,14,198,2,0,0,352,0
317,0.0609,11,0.0526,16,255,6,1,0,160,0
1599,0.0459,100,0.3695,6,786,4,0,0,411,0
3481,0.0443,222,-0.4836,19,54,5,0,1,669,0
78257,0.0464,2100,0.7051,23,3111,1,1,0,55146,0
118,0.0619,6,0.1391,19,674,1,1,1,65,0
14572,0.0332,705,0.6462,21,3101,2,0,0,8757,0
10421,0.05,303,0.013,21,4040,2,1,1,10750,0
444,0.0576,29,-0.3641,19,569,2,1,0,541,0
2606,0.0233,89,-0.0677,19,2562,1,0,0,2161,0
793,0.0576,67,0.1864,10,230,1,1,0,593,0
2525,0.0526,128,0.6229,9,1025,3,0,1,758,0
27349,0.0393,712,0.0254,12,414,3,0,1,8352,0
5378,0.0546,205,0.2416,11,1334,2,1,0,12523,1
4516,0.0396,248,0.2903,8,1607,1,1,0,2843,0
833,0.0565,66,0.5022,13,566,3,1,0,1303,0
125,0.045,6,-0.0795,8,1146,1,1,0,34,0
1242,0.0556,87,0.3189,15,1710,0,1,0,846,0
15865,0.0608,1196,0.6717,11,802,2,0,0,30046,1
115,0.051,6,0.0146,20,5000,2,0,0,158,0
270,0.05,17,0.2619,20,579,3,1,1,107,0
2269,0.042,112,-0.1811,19,3483,2,1,0,4306,1
307,0.0584,18,0.4415,10,2090,2,0,1,137,0
434,0.0451,14,0.0621,19,103,3,0,0,533,0
843,0.0573,60,-0.0149,12,2960,2,1,1,89,0
154,0.0683,10,0.5439,9,1946,2,1,0,694,1
313,0.0623,15,0.6822,8,745,0,0,0,191,0
6413,0.0273,227,0.7543,10,961,1,1,0,6524,0
171,0.0694,14,0.3452,17,1088,1,1,0,173,0
101,0.0709,10,0.4681,18,2631,0,1,1,103,0
581,0.0628,24,-0.0695,11,440,4,1,1,92,0
6751,0.0485,375,0.5262,18,3248,1,1,1,5008,0
1268,0.0536,50,0.6881,8,224,3,0,0,1247,0
783,0.0637,69,0.176,20,114,2,0,0,541,0
1958,0.0689,80,0.089,22,1204,2,1,0,1205,0
78,0.053,4,-0.4035,6,2342,4,1,1,10,0
4404,0.0572,325,0.5056,11,555,1,1,0,8882,1
3605,0.0464,142,-0.1314,17,69,2,1,1,898,0
865,0.0516,64,0.7174,19,149,2,1,0,3916,1
11055,0.0274,409,0.641,17,1028,2,1,0,15753,0
237,0.0553,10,-0.1736,18,658,1,1,1,53,0
13769,0.0319,222,0.567,18,2402,1,0,1,3178,0
2387,0.0442,84,-0.1592,9,715,2,0,0,987,0
986,0.0414,31,0.1676,18,317,4,1,1,530,0
1744,0.0457,110,0.2738,19,906,3,1,1,575,0
1490,0.0467,102,-0.4844,11,1836,2,1,1,533,0
16260,0.0422,391,0.6131,18,2568,0,1,1,6090,0
260,0.0416,10,-0.1246,11,595,1,0,0,242,0
458,0.041,19,0.4326,20,711,5,1,0,515,0
11676,0.0462,319,0.8121,19,1449,1,1,1,8016,0
618,0.0463,25,0.2931,20,314,0,1,0,872,0
9144,0.0543,405,0.4587,18,1389,0,1,0,7332,0
38521,0.04,1597,0.1204,11,527,6,0,1,7944,0
877,0.059,60,0.4755,13,616,3,0,0,1442,0
6163,0.0592,439,0.582,19,666,2,1,0,14180,1
226,0.0552,7,0.7946,7,757,0,1,0,370,0
7034,0.0388,358,-0.2302,16,4508,1,1,0,12151,0
2588,0.0573,174,0.3583,19,416,1,0,0,3836,0
4236,0.0517,304,0.0123,17,438,2,0,1,578,0
565,0.0528,28,0.5746,10,2826,3,1,1,489,0
90,0.0759,9,0.6,20,1037,0,1,0,180,1
4473,0.0443,270,0.4657,19,1433,2,1,0,15728,1
50,0.0646,3,0.439,9,237,4,0,1,10,0
1021,0.0525,47,0.2689,18,851,3,0,1,162,0
9839,0.0339,477,0.7761,20,1495,0,0,0,9159,0
2553,0.0494,153,-0.0446,8,338,2,1,0,551,0
60295,0.0499,4300,0.327,19,1246,4,0,0,60802,0
11443,0.0471,698,0.3971,21,542,1,1,0,10085,0
557,0.055,33,0.4426,19,348,0,1,0,1461,1
1899,0.0482,56,0.8079,11,1832,0,0,1,615,0
1660,0.0536,70,0.025,9,2075,1,0,0,1168,0
104,0.0689,10,0.1708,22,756,3,1,0,180,0
332,0.0629,17,0.169,9,1043,1,1,0,643,1
658,0.0507,19,0.2227,8,2501,3,1,0,456,0
50,0.0675,4,0.6515,12,447,3,0,0,56,0
1969,0.0545,132,0.7098,10,942,0,1,0,5060,1
1154,0.0417,37,0.5601,20,451,1,1,0,938,0
89,0.0637,4,0.5309,21,240,1,0,0,202,1
3742,0.0255,92,-0.0096,9,448,2,0,0,3024,0
6558,0.0497,169,0.5612,7,215,1,1,1,1941,0
2720,0.055,192,0.2897,10,1017,0,1,0,6011,1
1008,0.0598,49,0.0918,18,307,2,1,0,1249,0
5242,0.0418,296,-0.157,16,164,4,0,0,3065,0
6151,0.0482,386,-0.2605,20,1397,3,0,0,4464,0
3144,0.062,226,0.193,16,1309,3,1,0,4804,0
409,0.0701,23,0.1727,17,478,2,1,0,400,0
2974,0.0477,144,-0.0101,19,1343,3,1,0,2671,0
15550,0.0428,628,0.3595,15,297,3,1,1,6035,0
617,0.0654,33,-0.4351,10,458,2,0,1,315,0
78927,0.0199,2116,-0.0322,7,999,1,1,1,19745,0
701,0.0506,34,0.1925,16,1870,1,0,0,102,0
1916,0.0631,161,0.2839,20,453,2,0,0,3689,1
538,0.0646,21,0.0283,10,366,1,0,0,376,0
2702,0.0521,90,-0.1147,9,1776,3,1,1,1869,0
78,0.0475,5,0.1862,17,1227,2,1,1,11,0
676,0.0534,39,0.1074,20,771,2,0,0,912,0
253,0.052,13,0.1408,11,2167,2,1,1,113,0
2306,0.0523,123,0.2361,9,4661,2,0,0,1428,0
10829,0.0347,269,0.8546,12,959,1,1,0,15825,0
5783,0.0351,247,0.2567,9,368,0,1,0,3004,0
50,0.0436,1,-0.0367,20,1093,0,0,1,10,0
71376,0.0475,3640,0.4039,18,292,1,0,0,54998,0
3076,0.0439,144,-0.1214,8,2303,2,1,0,2905,0
446,0.0572,36,0.6782,20,329,3,1,0,1781,1
2399,0.0488,120,0.2132,16,548,1,0,0,1691,0
2482,0.0381,60,-0.0764,19,287,1,1,1,1067,0
544,0.0422,24,0.4425,20,798,1,1,0,390,0
2581,0.0385,58,-0.0602,18,826,2,1,1,4112,0
605,0.0471,20,-0.0413,21,1397,3,0,0,302,0
873,0.0566,26,0.3797,15,749,1,0,0,435,0
525,0.047,24,0.422,9,696,2,1,1,318,0
137,0.0778,6,0.4364,8,374,4,1,1,35,0
2350,0.0592,134,0.6849,8,499,1,1,0,2159,0
5185,0.0539,400,0.8936,18,165,2,0,0,2500,0
4567,0.0451,251,-0.1494,17,2680,2,0,0,2853,0
7909,0.0592,270,0.3017,10,605,3,1,1,4754,0
3241,0.0455,106,-0.3853,10,3431,2,1,1,1487,0
693,0.0535,43,-0.0775,15,589,0,1,0,235,0
8195,0.0457,521,0.1094,19,99,1,1,0,4558,0
157,0.0668,5,0.6132,10,423,0,1,1,113,0
357,0.0628,29,0.4583,9,663,3,0,0,259,0
318,0.0522,17,0.1871,6,710,0,1,0,343,0
12633,0.0369,487,0.0296,10,1308,5,0,0,5588,0
9867,0.0496,713,0.3632,16,791,1,1,0,10040,0
4346,0.0536,290,0.3921,10,474,1,0,0,5375,0
12449,0.0383,644,-0.2931,16,266,3,1,0,6245,0
371,0.0405,12,0.1858,9,443,2,1,0,213,0
3386,0.0454,162,-0.1338,13,1217,2,1,0,4451,0
1443,0.0571,91,0.5246,8,1569,4,0,0,867,0
8303,0.062,422,0.5453,10,339,2,1,0,10818,0
1469,0.0388,61,0.2871,19,1820,1,0,0,3518,1
904,0.0485,32,0.104,18,1175,2,0,0,165,0
4786,0.0422,129,0.4787,8,273,4,1,1,939,0
8752,0.0572,437,0.0781,21,851,3,1,0,11606,0
542,0.0545,36,-0.3006,11,962,0,1,1,199,0
1619,0.0414,94,-0.063,19,229,2,1,0,1440,0
269,0.0632,16,0.5096,22,170,2,1,0,222,0
50,0.0602,3,0.1135,11,1068,2,1,1,15,0
2593,0.0363,56,-0.0784,11,422,1,0,0,2281,0
5410,0.0367,278,-0.6634,18,3017,0,0,0,6575,0
2897,0.0655,202,0.1108,19,3718,2,0,0,4627,0
54,0.0678,4,0.3636,16,1066,4,1,1,10,0
961,0.0536,66,0.0563,19,1722,3,1,0,711,0
50,0.0618,2,0.567,9,238,2,1,0,88,0
21278,0.0431,942,0.1604,19,175,1,0,1,4888,0
255,0.0606,22,-0.1117,17,577,3,1,0,107,0
17321,0.0439,448,0.0979,8,183,2,1,1,4810,0
9922,0.0443,520,0.5117,10,904,2,0,1,3910,0
357,0.0652,34,0.1816,16,303,4,1,0,413,0
235,0.0584,10,-0.1192,20,804,1,1,0,197,0
3397,0.0377,174,0.4036,22,559,0,1,0,2445,0
395,0.05,28,0.0676,8,1258,3,0,0,127,0
2174,0.0295,79,0.2723,16,921,1,0,0,440,0
758,0.0737,40,0.0231,21,444,2,0,1,105,0
73,0.0714,4,-0.3904,18,169,2,0,0,83,0
50,0.056,1,0.0592,7,782,2,0,0,17,0
2719,0.0455,164,0.5122,20,116,2,1,0,10005,1
657,0.0477,42,0.7854,10,2312,3,1,0,1743,1
668,0.0694,52,0.5372,12,1128,1,1,0,2040,1
6326,0.0308,166,0.7905,7,1544,0,1,1,1551,0
14945,0.0427,368,0.3837,7,252,3,1,0,6937,0
1107,0.0509,70,0.2321,9,949,1,1,1,961,0
979,0.0607,72,0.105,8,341,2,1,1,909,0
4448,0.0454,284,0.8049,19,772,2,1,0,4452,0
157,0.0422,8,-0.0405,9,245,2,0,0,185,0
2701,0.0459,164,0.4238,11,611,2,1,0,6264,1
4882,0.0363,220,0.0791,21,167,1,0,0,3066,0
6151,0.0459,319,0.7185,8,566,4,0,0,6597,0
55,0.0782,3,0.6313,10,128,2,0,0,72,0
459,0.0381,24,0.0962,17,3816,2,0,0,172,0
372,0.0483,20,0.2923,19,780,1,0,0,154,0
2164,0.0438,85,0.3626,19,668,3,1,0,12679,1
4295,0.0427,107,0.1143,13,1307,5,0,0,1652,0
26744,0.0466,985,-0.2674,21,181,1,0,1,16956,0
741,0.0518,40,0.276,6,304,0,1,0,1713,1
738,0.0577,33,0.4178,20,1131,2,0,0,1068,0
14319,0.0355,366,0.9064,19,781,2,1,1,1892,0
3083,0.0502,158,0.0697,10,323,3,1,0,6514,1
17708,0.0487,577,0.1805,17,1271,0,1,0,8330,0
3040,0.0406,160,0.2228,22,900,0,0,1,745,0
225,0.0661,14,0.0967,12,1102,4,0,1,50,0
164,0.0601,10,0.7191,16,982,2,0,0,204,0
110,0.0716,5,0.0808,18,336,1,1,0,105,0
5953,0.0432,212,0.6862,10,616,0,0,0,5812,0
15359,0.0453,632,-0.2906,14,103,2,1,1,2128,0
50455,0.0363,2394,0.1348,8,399,2,1,0,33296,0
8246,0.043,450,0.4376,19,520,4,0,0,9409,0
14663,0.0442,468,0.0448,8,1244,3,0,0,7121,0
636,0.0595,42,0.202,9,1110,2,0,0,796,0
225,0.0458,7,0.3406,15,313,2,1,0,229,0
8351,0.0582,723,-0.0946,8,306,1,1,0,5582,0
3834,0.0284,158,0.6976,18,2457,0,1,0,7044,1
2193,0.0424,98,0.0255,20,495,3,0,0,1998,0
3631,0.0463,201,0.587,19,745,3,1,1,3509,0
3234,0.0518,218,0.286,10,1458,3,1,0,11225,1
18230,0.0565,1258,0.2862,18,614,1,1,0,11282,0
18601,0.0221,493,-0.3362,22,571,3,0,1,3426,0
4815,0.041,287,0.5026,19,485,2,1,0,17611,1
8287,0.0226,205,-0.0825,9,399,3,0,0,5171,0
4561,0.0466,241,0.5125,9,767,1,1,0,3739,0
788,0.056,59,0.5519,9,107,1,0,0,929,0
7057,0.0605,499,-0.153,19,463,2,1,0,20281,1
146,0.0612,11,-0.0134,8,1141,2,0,1,49,0
12052,0.0529,467,0.704,18,1016,2,1,0,26351,1
210,0.0644,11,-0.0059,18,2727,5,0,0,311,0
3024,0.0436,85,0.1133,9,1536,6,1,0,3605,0
394,0.042,16,-0.2833,13,1000,0,0,0,44,0
4895,0.0488,228,0.5661,9,684,2,1,0,22449,1
1700,0.0353,89,0.5551,11,421,2,1,0,2881,0
102,0.0744,8,0.1172,9,1100,3,1,1,58,0
3855,0.0453,224,-0.6679,10,919,3,0,0,3322,0
638,0.0661,35,0.1885,22,457,1,1,0,724,0
8831,0.0389,456,0.0119,8,279,2,1,1,1615,0
1812,0.0527,106,0.1846,23,630,1,1,0,490,0
3684,0.0492,217,0.0588,20,2113,1,0,0,2955,0
322,0.0564,14,0.2892,18,742,3,1,0,388,0
625,0.0499,32,0.0731,19,684,2,1,1,224,0
791,0.0572,51,0.4085,16,1015,1,1,0,1478,1
8451,0.0346,318,-0.3244,20,1076,0,1,0,38718,1
37022,0.0258,1353,0.2911,10,853,1,1,1,12504,0
424,0.0682,40,-0.0069,20,637,1,0,0,202,0
12560,0.0495,914,-0.3452,19,400,3,1,1,8136,0
50,0.0649,3,-0.0444,20,1816,1,1,1,21,0
210,0.0752,23,0.4076,9,433,2,0,0,255,0
321,0.0542,23,-0.3189,10,3204,3,0,0,114,0
158,0.073,8,0.3335,21,776,0,1,0,398,1
104,0.0631,6,0.0012,10,701,2,1,0,704,1
3802,0.0368,103,0.4462,6,1422,0,0,0,1946,0
1229,0.07,43,-0.2205,17,346,0,1,0,2482,1
3579,0.0572,140,0.0763,19,1180,3,0,1,380,0
6265,0.0438,138,0.5219,21,746,3,0,1,996,0
2916,0.0554,196,-0.1341,9,1003,1,1,0,3884,0
5907,0.0412,225,0.608,10,335,1,1,0,7277,0
1595,0.0588,76,-0.0924,16,332,3,0,0,1501,0
213,0.0346,9,-0.6672,20,106,5,0,0,160,0
12137,0.0322,520,0.6027,19,421,1,0,0,8934,0
626,0.064,59,0.0535,9,399,1,1,0,929,0
335,0.0542,20,0.5268,11,341,2,0,0,284,0
1312,0.0534,67,0.4804,20,592,2,0,0,1783,0
349,0.0431,12,0.3898,19,709,2,1,0,253,0
852,0.0715,43,0.6807,10,1096,0,1,0,2442,1
3358,0.0594,142,0.5443,16,1171,1,1,0,2288,0
3384,0.0455,139,0.3374,10,1274,1,1,0,3328,0
359,0.0524,28,-0.1081,17,1329,1,0,0,180,0
751,0.0638,23,0.2058,17,875,2,1,1,349,0
12503,0.0621,541,0.4029,12,702,2,1,0,29552,1
4418,0.056,170,-0.0935,8,1684,1,1,0,4496,0
75744,0.0568,5234,0.2116,9,1330,4,1,0,184418,1
15126,0.0323,416,0.5974,17,151,5,0,1,1555,0
14181,0.0336,455,-0.1934,7,559,0,1,0,3955,0
148,0.0481,4,0.0834,18,109,1,1,0,248,0
7150,0.0489,316,0.259,13,107,2,0,1,2596,0
1643,0.0521,51,0.1288,9,399,2,1,0,2142,0
670,0.0524,36,-0.5426,9,585,1,1,0,628,0
2446,0.0569,83,0.4909,11,435,2,0,0,1884,0
9910,0.0555,710,0.4194,17,112,2,1,0,9176,0
4453,0.0311,147,0.5742,9,1443,1,1,0,9686,1
371,0.0504,22,0.6872,10,328,0,1,0,1053,1
6880,0.0529,334,0.5763,19,1085,1,1,0,12203,0
573,0.0499,25,0.7515,11,337,2,1,0,1187,1
2670,0.0405,64,0.2331,18,404,1,1,0,3208,0
1047,0.0624,66,0.7724,17,1026,2,0,0,525,0
1219,0.0387,47,0.4911,7,469,2,1,1,808,0
7181,0.0415,288,0.273,15,788,1,1,0,4103,0
278,0.0608,20,0.3695,17,877,1,0,1,34,0
59955,0.0303,2417,-0.0984,10,159,2,0,1,18630,0
68,0.0709,6,0.647,20,1072,1,1,0,243,1
616,0.0486,19,0.636,12,260,3,1,1,303,0
3520,0.0614,242,0.2168,17,218,3,1,0,2214,0
5175,0.0445,133,-0.1112,21,321,3,1,0,6268,0
1508,0.0574,103,0.459,17,1501,4,0,0,581,0
1630,0.0579,83,-0.1117,11,134,3,1,1,1525,0
3785,0.0408,97,0.2646,17,1275,5,1,0,2177,0
1192,0.0311,50,0.4887,10,934,2,0,1,215,0
22197,0.0436,1077,0.6558,9,716,1,1,0,122513,1
8191,0.0447,312,-0.054,19,851,6,0,0,4081,0
8700,0.0493,227,0.3532,18,497,0,1,0,17224,1
317,0.0547,17,0.1554,22,1315,2,1,0,218,0
1567,0.0463,103,0.796,8,434,7,1,0,852,0
1052,0.0722,83,0.7573,8,130,4,1,0,397,0
295,0.0425,18,-0.1173,13,615,5,1,1,44,0
3457,0.0547,120,0.0559,8,1482,1,0,0,5204,0
686,0.0481,35,0.2651,19,1087,2,1,0,980,0
5882,0.0419,320,0.6074,18,4082,0,1,0,9707,0
263,0.0545,14,0.5889,9,516,1,1,0,406,0
39905,0.0296,697,0.5838,7,566,2,0,0,15736,0
360,0.0622,24,0.5784,22,526,2,1,1,146,0
2683,0.0623,185,0.4943,10,306,3,0,1,545,0
7520,0.049,452,0.2248,12,414,0,1,1,1352,0
647,0.0551,44,0.6048,11,235,0,0,0,732,0
8387,0.034,362,0.7657,18,67,4,1,0,8900,0
197,0.064,14,0.3999,23,372,2,1,0,407,1
24681,0.0611,1079,0.486,21,680,2,1,0,24879,0
1854,0.0461,77,-0.1742,16,1249,3,1,1,821,0
617,0.0505,39,-0.0863,17,374,2,1,0,1291,1
1055,0.0465,71,0.6752,19,378,1,0,0,1607,0
7754,0.0393,176,0.0662,9,1864,5,0,1,947,0
631,0.0268,17,0.3942,10,175,2,0,0,456,0
469,0.0594,22,-0.0164,10,564,1,1,0,1317,1
1213,0.0431,37,-0.2412,23,1732,5,1,1,189,0
217,0.0424,9,-0.3378,10,327,0,1,1,82,0
47905,0.0444,2353,0.5417,20,143,3,0,0,24812,0
652,0.0433,14,0.1499,15,3665,0,0,0,517,0
8078,0.0406,420,0.2633,9,1479,1,0,0,5617,0
2636,0.0632,219,0.2939,20,1525,7,1,0,10998,1
307,0.043,19,0.7108,19,608,1,1,1,364,0
1788,0.0347,42,0.3994,20,1262,3,0,0,1400,0
7414,0.047,381,-0.4431,17,55,2,0,1,1393,0
1288,0.0628,75,-0.1566,13,429,1,1,1,342,0
15484,0.0257,331,0.5251,17,1715,3,1,0,8950,0
11369,0.0467,566,0.356,10,164,2,1,1,9625,0
9452,0.0492,596,0.3371,21,476,0,1,1,3028,0
790,0.0327,13,0.5603,18,915,3,1,0,2823,1
258,0.0658,24,0.5277,7,303,2,0,0,137,0
599,0.0632,49,-0.3156,16,670,2,1,0,219,0
2574,0.0455,146,-0.3512,15,978,5,0,0,1009,0
4829,0.0586,356,0.6119,20,899,3,1,0,6796,0
50,0.0756,3,0.6396,10,445,1,0,0,30,0
1781,0.0511,113,-0.0898,10,290,4,1,0,2763,0
2403,0.0443,94,0.5359,11,988,2,0,0,2234,0
1097,0.0423,64,-0.2094,16,933,3,1,0,350,0
18477,0.0403,504,-0.2823,10,888,1,1,0,44651,1
3863,0.0527,161,0.1532,12,745,1,0,0,3313,0
19117,0.0373,750,-0.0905,18,934,1,0,1,4922,0
1225,0.0296,29,0.5889,20,1598,1,1,1,1292,0
9773,0.0559,505,0.4345,20,906,2,1,1,7955,0
34307,0.0401,1366,-0.007,10,733,2,1,0,127581,1
19168,0.0368,955,0.5071,18,392,3,0,1,3541,0
253,0.0664,17,0.74,18,2659,2,1,1,101,0
1145,0.0671,66,0.6338,10,216,1,1,0,3297,1
971,0.0245,17,0.0748,9,543,2,0,1,273,0
4361,0.0508,201,0.6291,16,399,2,0,0,1774,0
6219,0.0308,194,0.2187,11,107,3,0,0,4401,0
399,0.061,30,0.3271,20,947,2,1,1,193,0
2042,0.0508,64,0.5755,19,542,4,1,0,2235,0
50,0.0706,2,0.4107,9,686,3,1,0,91,0
24233,0.0346,738,0.3713,20,556,2,0,0,20748,0
718,0.035,21,0.1287,18,1412,2,1,0,518,0
1999,0.0451,80,0.1992,12,1605,2,1,0,2683,0
1035,0.0563,75,0.4595,15,221,3,1,1,276,0
14226,0.0519,608,-0.1247,16,3886,0,0,0,3965,0
50,0.0526,2,0.0867,18,523,3,0,0,83,0
1754,0.0604,119,-0.3645,21,1197,4,1,0,7031,1
1494,0.0443,48,0.4048,11,796,1,1,0,7023,1
799,0.0569,55,-0.0601,16,739,1,0,0,296,0
40425,0.0325,1374,-0.4788,10,1160,4,0,0,13350,0
366,0.0582,20,0.4039,19,2485,0,1,1,360,0
7253,0.0534,506,0.1526,8,1446,1,1,0,15647,1
3433,0.0352,89,0.4677,13,521,1,1,0,3498,0
17513,0.0341,826,0.5205,9,611,1,1,1,9755,0
544,0.0566,32,-0.0644,9,378,0,0,1,205,0
483,0.0793,42,0.5572,9,1359,4,0,0,786,0
13002,0.0335,598,0.0698,19,1199,3,0,0,14308,0
3887,0.0673,344,0.3652,17,472,1,0,1,1033,0
112,0.0811,10,0.3522,8,2506,2,1,1,25,0
684,0.0529,45,0.0684,10,1946,0,1,0,222,0
3624,0.0442,149,0.3479,13,4119,2,1,0,3405,0
8167,0.037,316,0.4594,7,301,0,0,0,2190,0
532,0.0542,16,0.1822,20,601,6,1,1,135,0
50,0.0502,1,0.2765,9,546,2,1,1,33,0
4636,0.0455,280,0.4929,8,5000,1,1,0,2828,0
201,0.0737,8,0.1765,8,671,0,0,0,129,0
50,0.0582,1,0.7448,21,2357,0,1,1,24,0
50,0.0619,4,0.9248,9,1872,1,1,0,55,0
7825,0.0271,106,0.5334,20,611,1,0,0,9625,0
2279,0.0528,94,-0.4842,21,703,2,0,0,1551,0
1204,0.0543,70,0.3386,15,1121,1,1,0,3001,1
22031,0.0406,980,0.1852,13,2339,3,1,0,34727,0
5694,0.0432,314,0.5926,17,560,1,0,0,2303,0
33167,0.0354,1182,0.2179,18,399,3,1,0,55666,0
147,0.065,9,0.5517,20,1689,0,0,0,78,0
1699,0.05,104,0.5646,18,211,3,1,0,3512,1
98,0.0648,6,-0.0772,8,856,1,0,1,10,0
1196,0.0538,71,0.1426,20,1920,3,0,0,1258,0
1155,0.063,101,0.5533,10,1022,3,0,1,370,0
5585,0.0523,263,0.244,7,377,3,1,0,5149,0
1962,0.0516,89,0.6981,7,244,2,1,1,1450,0
5553,0.0607,169,0.2462,10,2179,1,1,1,2542,0
6413,0.0491,350,0.0414,18,557,3,1,0,11292,0
87454,0.0475,2202,0.2166,18,270,2,0,1,45215,0
1025,0.0583,60,0.3155,18,2077,6,1,0,2996,1
332,0.0383,16,0.4114,19,1481,2,0,0,295,0
2815,0.0613,181,0.5156,16,232,3,0,1,1581,0
426,0.0571,18,0.341,22,5000,4,0,0,321,0
26043,0.0388,1299,0.6058,8,387,3,0,1,3716,0
1085,0.0549,45,-0.1604,12,1456,0,1,0,456,0
653,0.0506,40,0.1238,9,4849,5,1,0,655,0
774,0.0557,47,0.1668,9,1616,2,0,0,640,0
6588,0.0389,171,0.1927,19,861,2,0,0,6157,0
1361,0.0639,122,0.6059,20,158,3,1,0,2511,1
569,0.0535,21,-0.2925,17,5000,0,0,1,65,0
36229,0.0342,1844,-0.007,21,1579,1,1,1,9836,0
387,0.0469,9,0.5088,18,161,1,0,0,732,1
1927,0.0524,77,0.7992,11,3117,2,0,0,4571,1
5849,0.0472,193,0.1539,10,707,3,1,0,4213,0
95,0.0656,3,0.4523,8,503,3,0,1,19,0
4291,0.0363,191,-0.263,21,375,1,0,1,1311,0
270,0.0416,13,0.4081,14,789,5,1,0,398,0
7950,0.0503,517,0.3988,7,1492,1,1,0,9778,0
319,0.0718,17,0.1258,16,405,3,0,1,36,0
6291,0.0347,206,0.295,10,755,1,1,0,8813,0
13233,0.0579,888,0.2329,19,5000,3,0,1,3984,0
8523,0.0466,373,0.3598,23,1070,4,0,0,6568,0
2842,0.0481,163,0.6438,11,1747,1,1,1,660,0
1192,0.0477,64,0.5826,12,255,3,1,0,1220,0
640,0.0403,15,0.6325,22,171,0,0,0,392,0
25536,0.0493,1612,-0.0379,8,2877,0,0,0,7608,0
513,0.0473,29,0.8259,8,2162,2,1,1,786,0
279,0.0497,16,0.6139,18,3691,0,1,0,478,0
5988,0.0551,216,0.3783,18,614,0,0,0,5397,0
431,0.0369,12,0.028,22,2331,2,0,1,115,0
326,0.0416,12,-0.0585,21,51,1,1,0,499,0
134,0.0602,6,0.3531,9,1142,0,0,1,42,0
758,0.0564,31,-0.1199,17,1868,1,0,0,242,0
1557,0.0554,112,0.2547,13,334,0,1,0,1135,0
2800,0.0452,144,0.0993,23,1911,3,1,0,1032,0
10020,0.0685,730,-0.1963,17,555,1,0,0,15434,0
4667,0.0439,148,-0.1298,16,614,0,1,0,2735,0
1282,0.0491,89,0.2084,9,513,2,1,0,1579,0
1265,0.0435,37,0.0702,22,3233,2,0,1,227,0
4529,0.0476,278,0.2487,9,422,1,1,0,5667,0
17865,0.047,1231,-0.246,12,373,4,0,0,16538,0
2269,0.0611,170,0.0689,9,282,3,1,1,340,0
777,0.0385,44,0.3839,9,460,4,1,0,1302,0
302,0.0547,19,0.2915,19,808,0,1,0,139,0
134,0.0648,6,0.8514,10,1259,2,0,1,19,0
5998,0.0511,215,0.3952,9,313,2,1,0,3369,0
5117,0.0459,193,-0.1331,16,965,1,0,1,325,0
5111,0.0513,132,0.4557,17,1226,1,1,1,730,0
1434,0.0428,72,0.6985,19,261,1,0,0,1272,0
22753,0.0554,969,0.4519,9,708,3,1,0,40248,0
756,0.0634,63,0.2232,19,611,1,1,0,747,0
10091,0.0297,257,0.671,12,716,0,1,0,13576,0
1686,0.0395,65,0.5144,23,391,3,0,0,1079,0
604,0.0439,38,0.7117,7,580,1,0,0,586,0
5252,0.0525,204,0.0616,9,686,1,0,0,3383,0
3779,0.0342,157,0.3251,20,4290,4,1,0,5426,0
3437,0.0441,190,-0.2851,9,695,5,0,0,1767,0
2092,0.054,81,-0.0189,16,2536,3,1,0,1616,0
1688,0.0496,83,0.2549,20,2735,3,0,1,854,0
133128,0.0354,4005,-0.0744,17,177,1,1,0,63846,0
15239,0.0308,597,-0.5474,9,497,0,0,0,10773,0
6641,0.0507,378,0.0161,23,2741,4,0,0,1676,0
2211,0.0431,92,0.6001,16,797,0,1,0,450,0
11079,0.0395,559,0.1652,18,592,6,0,1,1507,0
4593,0.0486,164,-0.3084,9,1408,1,0,0,4764,0
1895,0.0508,120,0.4332,9,1934,2,0,1,817,0
1046,0.0524,74,-0.0616,19,645,1,0,0,603,0
1562,0.0431,92,0.668,8,503,3,1,0,1710,0
50,0.0613,3,-0.1901,9,62,2,1,0,70,0
2641,0.0485,116,-0.1039,11,697,2,0,1,369,0
750,0.0398,44,0.3506,18,454,2,1,0,1049,0
31786,0.0339,948,-0.5346,18,243,0,1,1,21868,0
1872,0.0537,114,0.5577,9,541,2,1,1,520,0
212,0.0458,6,0.2686,9,438,1,0,1,76,0
1652,0.0619,151,0.5016,10,787,4,0,0,232,0
275,0.0702,23,0.091,9,503,2,0,0,231,0
4239,0.0341,181,0.296,17,1040,2,0,0,2357,0
3052,0.0615,106,0.5645,17,791,0,0,1,686,0
10138,0.0417,533,0.0047,18,2376,2,0,1,2778,0
435,0.0599,33,0.0119,9,389,0,0,0,453,0
1922,0.0448,100,0.9109,8,3943,0,1,1,223,0
154,0.0691,8,0.5572,12,1933,2,1,1,127,0
6391,0.049,309,0.0392,19,2941,3,0,0,2827,0
4600,0.0381,107,0.8398,10,856,3,1,0,6660,0
4413,0.0348,149,-0.3448,8,502,1,0,0,3078,0
1813,0.0354,47,-0.3786,22,388,3,0,1,653,0
3814,0.0489,158,0.1631,17,3836,2,0,0,3115,0
32461,0.0442,950,0.5621,7,1991,1,1,1,8671,0
1082,0.0586,46,0.8204,19,242,1,0,0,1714,0
2320,0.0478,63,0.2541,17,1768,5,1,1,1234,0
255,0.0462,16,0.4215,20,291,1,1,0,151,0
378,0.0494,19,0.4881,12,919,4,0,0,210,0
2156,0.0608,117,0.6415,14,1519,3,1,1,511,0
13188,0.0372,507,0.4459,18,2858,2,1,0,28072,1
1139,0.0533,68,0.354,10,843,3,1,0,1282,0
1182,0.0409,68,0.4595,11,581,1,1,1,476,0
869,0.0563,33,0.2752,16,695,1,1,0,1212,0
690,0.0493,27,0.2591,7,1933,4,1,0,545,0
3074,0.0583,264,0.2354,19,1463,2,1,0,5171,0
122,0.0685,7,-0.3131,21,654,4,0,1,41,0
18136,0.0358,339,-0.1733,9,103,6,0,1,1883,0
545,0.0535,18,0.4313,11,58,2,1,0,1923,1
6630,0.0393,137,0.6297,6,833,3,1,1,1484,0
183,0.0449,12,0.2435,18,204,1,1,0,452,1
6026,0.0366,171,0.1604,11,391,1,1,0,9628,0
6060,0.0471,406,-0.0158,19,530,2,1,1,4298,0
3610,0.0505,272,-0.1139,18,5000,3,1,0,6882,1
301,0.0586,19,0.0055,19,751,2,1,0,739,1
2833,0.0452,68,-0.1017,8,1366,0,1,0,1665,0
214,0.0678,8,0.056,17,1101,0,1,1,41,0
1147,0.0525,59,0.0831,8,59,3,1,1,858,0
11532,0.0496,518,-0.062,19,446,1,1,0,17112,0
7586,0.0265,222,0.2757,18,196,0,0,0,6064,0
1858,0.0107,18,0.4319,21,3741,5,1,0,1286,0
312,0.0599,26,0.0496,8,107,2,1,0,142,0
5779,0.0311,185,0.4237,18,436,2,1,1,2954,0
1872,0.0477,106,0.4199,16,512,0,1,1,362,0
50,0.0613,4,0.8315,12,248,3,0,1,10,0
7396,0.0602,288,0.1811,21,736,1,0,0,9038,0
1730,0.0542,68,0.335,8,637,3,1,0,4198,1
15747,0.043,411,0.0574,9,782,3,1,0,30931,1
251,0.0663,10,0.3145,10,1099,2,0,0,388,0
50,0.068,3,0.2434,7,842,0,1,1,15,0
2987,0.0434,106,0.3166,19,973,2,1,0,4750,0
3055,0.0586,165,-0.0031,17,2022,4,1,0,7097,1
86,0.051,6,0.7164,11,127,0,1,0,145,0
310,0.0603,12,0.6458,20,1339,2,1,0,392,0
257658,0.0147,3938,-0.3236,17,233,3,1,0,148550,0
1043,0.0542,33,0.435,12,349,1,0,0,812,0
6739,0.0467,257,0.1515,8,750,1,0,0,2951,0
560,0.0714,41,0.437,19,1003,1,0,0,736,0
50,0.0486,3,0.1689,10,1128,1,1,1,31,0
1330,0.0452,53,-0.2023,11,258,2,0,0,1963,0
1120,0.0601,38,0.1075,9,3398,1,1,0,1734,0
880,0.0562,43,0.7456,10,437,0,1,1,484,0
1470,0.0526,49,0.2087,11,323,2,1,0,2685,1
2909,0.0385,81,0.3528,15,186,2,1,0,3087,0
1379,0.0452,69,-0.4199,20,168,4,0,0,713,0
185,0.0715,7,0.514,13,164,1,1,0,174,0
4337,0.046,192,0.4842,16,910,2,0,0,923,0
54,0.0677,4,-0.5736,17,1217,1,0,1,16,0
50,0.0631,2,0.2643,18,280,3,1,0,121,1
6839,0.0328,116,0.6664,9,212,3,1,0,12492,1
4503,0.0557,372,0.0821,20,538,1,1,0,2495,0
1630,0.0554,78,0.1998,9,733,3,0,1,517,0
146,0.0831,15,0.3748,10,865,2,1,0,222,0
505,0.0449,18,0.2615,16,253,1,1,0,227,0
1126,0.0601,66,-0.0182,10,562,2,1,0,984,0
102,0.0483,4,0.0817,16,3188,0,1,0,145,0
478,0.0569,22,0.9601,9,201,1,0,0,792,0
5849,0.0551,168,0.2751,16,646,1,1,0,9557,0
23603,0.019,385,0.3014,8,1096,3,0,0,10850,0
849,0.051,60,0.5432,8,252,1,1,1,384,0
7056,0.0389,326,0.4494,7,1225,3,0,0,2443,0
57,0.0567,2,-0.3035,10,174,0,1,0,63,0
5925,0.0491,317,-0.0492,17,1254,1,1,0,7052,0
425,0.067,39,0.5047,11,694,1,1,0,795,1
3143,0.0465,175,0.2118,18,160,1,0,1,785,0
1157,0.0538,40,0.0584,12,1323,3,1,1,256,0
19472,0.0416,1108,0.605,20,271,1,1,0,21018,0
374,0.0563,16,0.0183,9,570,4,1,1,72,0
5595,0.0346,184,0.1787,18,1249,2,1,0,11990,1
1093,0.0631,70,0.2802,21,253,2,0,1,273,0
1359,0.0541,99,0.2797,7,392,2,1,1,241,0
1298,0.0553,102,0.7135,9,2051,1,0,0,2308,0
394,0.048,27,0.5313,18,83,2,1,0,576,0
1762,0.0455,40,0.2335,10,2748,1,0,0,1930,0
1615,0.0487,111,-0.0235,16,153,4,1,0,6423,1
2791,0.0329,50,0.3184,16,330,3,1,0,2222,0
2105,0.0325,52,0.2367,19,882,4,1,0,1974,0
7603,0.0382,295,-0.0127,8,1215,8,1,0,7415,0
9531,0.0486,453,0.7505,11,896,2,0,0,9459,0
272,0.051,15,0.2151,22,697,1,1,0,367,0
8636,0.0336,283,0.8691,19,430,2,0,1,1575,0
213,0.0504,15,0.7249,9,3169,2,1,1,120,0
5208,0.0412,158,0.0673,10,1440,2,0,1,617,0
5516,0.042,179,0.5919,11,2155,3,1,1,2906,0
57,0.0854,6,0.227,15,436,2,1,0,70,0
2137,0.0599,73,0.021,8,64,1,1,0,3437,0
777,0.0636,54,0.4681,9,1844,1,1,0,3153,1
461,0.0671,36,0.4416,11,949,2,1,0,980,1
20568,0.0303,626,-0.194,16,798,0,1,0,20553,0
557,0.0425,28,0.8156,16,377,4,1,0,396,0
423,0.0447,12,0.1257,17,469,3,1,0,306,0
2071,0.0628,175,0.375,10,365,6,0,0,827,0
6210,0.0396,157,0.5208,9,695,1,0,0,4807,0
1401,0.0385,48,-0.0011,10,213,3,1,0,1255,0
14756,0.0373,316,0.4469,20,1425,2,1,1,8748,0
4702,0.0438,215,0.0099,10,5000,2,0,0,4010,0
50,0.067,3,0.6374,16,365,5,1,0,31,0
697,0.0563,56,0.4672,18,135,1,0,0,697,0
657,0.0458,37,0.6103,18,600,1,1,0,537,0
4284,0.0534,238,0.0653,8,911,2,0,0,1702,0
50,0.0579,4,0.3534,7,1046,2,1,0,16,0
177764,0.0301,5232,0.2536,10,3302,1,0,1,30634,0
4702,0.053,264,0.565,11,1503,2,1,1,1048,0
2363,0.0425,110,0.5888,19,108,0,1,0,4097,0
15166,0.0358,494,-0.1089,18,193,1,0,0,13223,0
122832,0.039,6418,0.4622,23,997,0,1,0,47932,0
8667,0.0352,208,0.3486,17,422,2,1,1,3831,0
9975,0.0393,413,0.0713,9,3026,1,0,1,2603,0
2287,0.0546,152,0.6347,10,260,2,1,0,4977,1
1401,0.0716,140,0.7701,9,1738,1,1,0,2049,0
767,0.0595,63,0.1227,18,347,2,1,0,2939,1
408,0.0607,24,0.5219,14,864,4,1,1,84,0
524,0.0603,36,0.5803,9,290,1,1,0,1126,1
159,0.049,6,0.0153,13,1163,2,1,0,71,0
1577,0.0517,78,0.5198,10,1944,0,0,0,1723,0
87,0.0618,7,0.1328,17,856,2,0,0,90,0
2549,0.0518,189,0.3917,20,4487,1,1,1,749,0
1693,0.0514,121,0.3019,10,323,3,1,1,1160,0
2355,0.0527,79,0.4579,17,733,2,1,0,5429,1
706,0.0506,48,-0.3773,10,1549,0,1,0,1043,0
459708,0.0284,18931,-0.328,8,257,1,1,0,300746,0
20914,0.0279,503,0.436,21,707,0,0,0,6831,0
192,0.0558,10,0.3662,9,1292,2,0,0,87,0
2749,0.0622,218,0.1023,15,1684,1,1,1,918,0
605,0.0576,36,-0.0599,17,2083,3,1,0,491,0
291,0.0571,24,0.4562,7,278,4,1,0,485,0
162,0.0786,12,-0.4701,20,887,4,1,1,127,0
3936,0.0333,159,0.316,10,178,3,1,1,2637,0
530,0.0438,30,-0.1919,9,322,4,1,0,555,0
10322,0.0602,617,0.5013,7,558,0,1,0,13050,0
10816,0.0433,635,-0.1485,12,2088,3,1,0,8715,0
21440,0.0377,845,0.7054,9,1127,0,1,0,62875,1
389,0.0441,15,-0.2535,15,692,3,0,1,48,0
4254,0.0511,132,0.7081,17,1041,2,0,1,716,0
5644,0.0509,256,0.923,10,1120,3,0,0,4041,0
770,0.0425,40,0.1702,18,962,3,0,0,432,0
450,0.0542,34,0.2072,18,374,3,0,0,281,0
32765,0.0351,863,0.2052,17,255,2,0,0,9550,0
2723,0.0509,118,-0.0392,10,532,1,0,0,2095,0
5680,0.0342,127,0.2653,20,300,1,1,1,2319,0
411,0.0684,33,0.6001,10,1238,3,1,0,1638,1
201,0.0679,19,0.5016,7,3068,1,1,1,28,0
648,0.0505,37,0.3911,19,1168,0,1,1,480,0
1446,0.0487,78,0.5723,15,108,0,1,0,2095,0
266,0.0563,15,-0.1742,19,353,2,0,1,68,0
1776,0.0423,44,0.0137,8,677,4,1,0,1789,0
86,0.0577,6,0.0131,10,158,1,0,1,31,0
240,0.0554,14,0.2439,8,686,2,0,0,650,1
6048,0.0613,430,-0.1519,17,1063,2,1,1,2971,0
5360,0.0551,413,0.272,8,2721,3,1,1,1941,0
893,0.0622,71,0.6956,12,4099,2,0,1,181,0
289,0.061,22,0.0617,19,202,4,1,1,257,0
284,0.0462,18,0.2427,11,591,3,1,0,386,0
923,0.0523,71,0.3366,21,599,2,1,1,598,0
5768,0.0551,343,0.2411,10,326,2,1,0,5281,0
9612,0.0307,179,-0.1902,16,734,2,0,0,4834,0
739,0.0599,42,-0.0536,17,613,0,0,1,126,0
226,0.0815,23,0.3127,22,1228,0,1,0,233,0
2928,0.0587,90,-0.0699,19,2582,6,1,0,1182,0
410,0.0701,15,0.1691,10,759,3,1,1,160,0
711,0.0559,22,0.0857,20,407,3,1,0,1098,0
19643,0.0501,1212,0.2446,19,238,1,1,0,29188,0
8012,0.0369,295,0.6056,10,5000,3,0,0,10671,0
2402,0.0568,118,0.4266,19,1647,1,1,1,1376,0
183,0.0657,7,0.1225,20,991,1,0,1,37,0
2645,0.0514,167,-0.2478,19,563,2,0,0,3394,0
12243,0.0555,557,-0.4286,7,3333,4,0,0,5807,0
919,0.0473,33,0.6451,19,567,3,0,1,134,0
20578,0.0384,910,0.3279,16,120,0,1,0,43808,1
18526,0.0416,817,0.0248,17,866,2,0,0,7771,0
36124,0.0277,863,0.6897,18,194,1,1,0,35408,0
3132,0.0501,179,0.2878,6,870,3,1,1,1348,0
5204,0.0286,114,0.8454,8,2550,2,0,0,4088,0
23052,0.0503,1500,-0.0711,12,124,0,0,0,10354,0
4045,0.0472,139,0.0782,20,270,1,1,0,19280,1
733,0.0484,23,0.6352,19,1579,1,1,0,1494,1
806,0.0449,46,0.4517,9,403,1,0,0,780,0
2777,0.0459,154,0.2229,18,1007,1,0,0,1669,0
177,0.0662,7,0.5083,18,1009,1,1,1,105,0
1397,0.0565,48,0.3403,20,1619,3,0,1,522,0
13014,0.035,610,0.3113,11,348,2,0,0,13243,0
50,0.0558,3,0.2032,12,51,3,1,0,67,0
28625,0.0455,1077,-0.1225,9,989,4,0,0,18118,0
13633,0.0347,547,-0.316,16,138,3,0,0,7749,0
790,0.0539,26,0.6429,18,1694,1,0,0,625,0
4808,0.0473,229,0.5286,19,637,1,1,0,10148,1
1818,0.0531,50,0.0793,21,494,5,0,0,319,0
16547,0.0497,733,0.2207,18,1326,0,1,0,18988,0
10602,0.0303,184,0.4971,7,116,1,0,0,2540,0
145,0.041,5,0.6208,11,544,4,1,1,29,0
5203,0.0401,192,0.2379,8,1040,2,1,1,1359,0
1248,0.0695,81,-0.238,11,856,4,0,1,201,0
2098,0.0696,79,-0.0899,19,407,2,1,0,5003,1
487,0.0736,30,-0.0894,17,412,3,1,0,441,0
42051,0.0355,1874,-0.1802,18,3112,2,0,0,26603,0
11755,0.0247,252,0.0808,19,1656,2,1,0,6626,0
477,0.0319,18,0.1446,18,342,1,1,0,2362,1
163,0.0535,7,-0.1659,20,2561,2,0,1,67,0
903,0.0508,42,0.1777,9,1415,2,0,0,323,0
3952,0.0599,251,0.0851,9,1083,3,1,1,4012,0
2786,0.0569,230,0.9369,20,1126,1,1,0,7124,1
17251,0.0433,454,0.1043,19,211,1,1,0,56183,1
7493,0.0354,141,0.2176,11,2996,2,1,0,7185,0
10354,0.0334,383,0.2709,8,1722,4,1,0,12580,0
3256,0.0502,236,0.622,18,849,2,1,1,4801,0
148,0.067,14,0.1974,7,848,2,1,0,54,0
1271,0.0553,69,0.2269,19,606,2,0,0,972,0
12187,0.032,377,0.5079,9,376,4,0,0,3550,0
1647,0.0569,107,0.6438,9,1135,7,1,1,1796,0
4471,0.0506,238,0.7476,12,300,0,0,1,1596,0
1018,0.0416,48,0.1072,10,773,1,1,0,2661,1
283,0.0496,19,0.5156,15,733,2,1,1,113,0
1448,0.0578,104,-0.111,20,977,1,0,0,1079,0
3153,0.0454,142,0.6367,10,1704,1,0,0,1634,0
555,0.0706,37,0.7207,19,995,0,1,0,811,0
1182,0.0567,76,0.154,19,1330,6,0,0,729,0
333,0.0519,16,-0.2138,8,95,1,0,0,247,0
13556,0.0418,543,0.4448,8,1054,1,1,0,5784,0
1064,0.0528,28,-0.4703,16,716,1,1,0,1957,1
24709,0.0323,537,-0.3145,12,964,2,1,0,63476,1
28331,0.0299,836,0.5166,16,391,2,0,0,21926,0
1562,0.0576,118,-0.0808,17,2102,3,1,0,3920,1
294,0.0657,15,0.7255,19,854,1,1,0,411,0
50,0.0703,3,0.7879,11,315,1,0,0,85,0
127,0.0757,8,0.0741,21,376,1,1,0,138,0
152,0.0545,5,-0.3569,10,1640,0,1,0,540,1
21617,0.0568,1791,0.1216,8,610,0,0,0,18423,0
2227,0.0402,121,0.5452,18,662,1,1,0,4155,1
3645,0.0371,78,0.8674,19,545,1,1,0,7222,1
50,0.0467,2,0.0944,18,1828,3,1,0,45,0
209,0.0542,9,0.5866,16,1077,2,0,0,44,0
8926,0.0386,514,0.3906,22,202,3,0,1,1097,0
3029,0.0532,129,0.4197,17,250,2,0,0,1103,0
1387,0.0535,54,0.4329,11,668,4,0,0,2513,1
4997,0.034,181,0.3644,20,349,0,1,0,9150,1
34352,0.0343,1572,-0.2244,8,76,3,0,0,23948,0
1214,0.0479,40,0.2848,19,315,1,1,1,563,0
2048,0.0317,78,-0.2413,22,503,4,0,1,111,0
2557,0.0388,55,0.1834,11,445,0,1,0,1987,0
134027,0.0251,4767,0.0133,18,1367,2,0,0,136922,0
50,0.0786,2,0.7421,19,71,2,0,0,60,0
6184,0.047,410,0.7514,9,307,2,1,0,15113,1
1470,0.0574,83,0.4976,16,1473,2,0,0,1378,0
5015,0.0309,147,0.5526,17,341,2,1,0,4723,0
553,0.0667,54,-0.1305,12,198,1,1,0,189,0
1655,0.0634,156,0.1642,8,336,3,0,0,1432,0
6506,0.0249,186,0.4835,20,1039,3,1,0,3597,0
490528,0.0205,6316,0.456,18,516,2,0,1,110033,0
7742,0.0491,382,0.065,11,322,1,1,0,5542,0
392,0.0625,25,0.4896,10,1076,1,1,1,225,0
