text,label,true_sentiment
@user @user what do these '1/2 naked pics' have to do with anything? They're not even like that. ,1,neutral
OH: “I had a blue penis while I was this” [playing with Google Earth VR] ,1,neutral
"@user @user That's coming, but I think the victims are going to be Medicaid recipients. ",1,neutral
I think I may be finally in with the in crowd #mannequinchallenge  #grads2014 @user ,2,positive
"@user Wow,first Hugo Chavez and now Fidel Castro. Danny Glover, Michael Moore, Oliver Stone, and Sean Penn are running out of heroes. ",0,negative
Savchenko now Saakashvili took drug test live on Ukraine TV. To prove they are not drug-fueled loonies? ,1,neutral
How many more days until opening day? 😩 ,1,neutral
Twitter's #ThankYouObama Shows Heartfelt Gratitude To POTUS ,2,positive
All CSG and Fracking all around Australia is to cease and Mining Entities held Accountable! - Sign the Petition! ,1,neutral
@user @user @user @user @user @user take away illegals and dead people and Trump wins popular vote too. ,0,negative
An interesting security vulnerability - albeit not for the everyday car thief ,1,neutral
#GilmoreGirlsTop4 1. Spoke2. Paris3. Emily4. PattyInvisible number 5. Richard ,1,neutral
#onedirection #harrystyles cute little dance 😉 ,2,positive
"When Ryan privatizes SS, Medicare, Medicaid, & does away with ACA, what will Trump's base feel about ""change"" then? That's a big one right?! ",0,negative
Swampbitch Nasty Pelosi  loves yelling 'Fire' in the crowded swamp. #blackfriday @user ,0,negative
@user ohhh ok i see 🤔 what if u have medical marijuana clearance? Does that make a difference ,1,neutral
OPINION: The Anti-#Trump #Riots Are a #SmokeScreen: ,1,neutral
ISIS and The CIA What You Need To Know! #ISIS #falseflag #saudi #CIA #mossad #israel ,1,neutral
@user alt-right was adopted by Deplorables. Average middle Americans.  I've now moved to Libertarian. @user ,1,neutral
"@user #GilmoreGirlsTop4 Lorelai, Rory, Lane, Sookie @user @user ",1,neutral
"Christians In Palestine: Yes, They Exist #gaza #palestine #israel #BDS ",1,neutral
"@user Going to see #FantasticBeasts this afternoon. Mom is a Potter fanatic. My niece was, but she's kinda growing out of it. ",2,positive
Listen to win passes to see #FantasticBeasts after 2pm w/ @user ,1,neutral
The United Nations Headquarters in New York #unitednations #newyork #usa🇺🇸 #USA #newyorkcity… ,1,neutral
Zac Efron Flaunts Fit Abs in New ‘Dirty Grandpa’... #ZacEfron ,1,neutral
1am and I'm still watching #ThisIsUs ,1,neutral
The left has really gone Full retard haven't they? ,0,negative
"#Israel fire updates: Major blaze breaks out near #Jerusalem, firebombing suspected... ",1,neutral
"RT @user Can I politely suggest that we all stop using the term ""alt-right"" and use other, more precise words. ",1,neutral
Day 5 Advent Gift Countdown - 'Gold Standard'  #20moresleeps #christmasgifts #luxuryhampers… ,1,neutral
When Jesse Jackson Cozied Up to Fidel Castro ,1,neutral
Ben Carson awoke this morning to find out that the big yellow thing in the sky is the sun ,1,neutral
Bike parking still free. ,1,neutral
Can't wait to try this - Google Earth VR - this stuff really is the future of exploration.... ,2,positive
@user @user Trump is likely supporting Putin talking on unsecured phone lines bc Trump's tied to Russia #DworkinReport ,1,neutral
"The fact that mike pence thinks there's a ""cure"" for being gay is absolutely the most ridiculous statement I have ever heard in my life ",0,negative
@user @user @user .....Good Old Graham Westley!! ,2,positive
Photos: A Thanksgiving protest against Dakota Access pipeline - The Boston Globe ,1,neutral
@user @user @user @user Clinton foundation reminds me of Maharashtra CM Antuley's foundation in 80s for taking bribe. ,0,negative
Survey shows Poroshenko has lost considerable electoral support in two years ,1,neutral
When Trump jeopardizes their social security and Medicare payments imma laugh. ,0,negative
At Any Price review – generations clash in the American midwest #ZacEfron ,1,neutral
Next?#draintheswamp #TimeForChange#TrumpTransitionTeam ,1,neutral
Wow - the world as we know it is slowly turning upside down: Microsoft joins the Linux Foundation. Good news I supp… ,2,positive
"So that Westworld show, it isn't too bad. I guess. If you like that sort of thing. ",1,neutral
Grayson Allen just gave dude such a sick move ,0,negative
"Download UBER app, Register with this promo code NGSBA105 and get a free ride worth #2500. #Uber #UberNigeria ",1,neutral
I love Manchester. Everyone knows that - I have said it many ti... #CristianoRonaldo #citations ,2,positive
RT @user It’s not “alt-right.” It’s Neo-Nazi.https://t.co/4fPkSVlSDl ,0,negative
@user In august2008.puppet Saakashvili attacked South Ossetia and Russian peacekeepers.South Ossetia will  be i… ,0,negative
Tips for winter driving.#london #cab #taxi #uber #yellowlondontaxi ,1,neutral
"@user Yes, white supremacists are America's greatest problem ever.  OMG.  GET REAL.  #GOAWAY ",0,negative
#Hatchimals are shite ,0,negative
@user @user @user @user @user @user I'm getting tired of these people and their gun control ,0,negative
#Trump MEMORABILIA#BlackFriday - UP TO 40% OFFUse Code: BLACKFRISAVE#DrainTheSwamp #Deplorables… ,1,neutral
It's more difficult to move to Mexico as the Clintons built a bloody great fence all along the Border… ,0,negative
"@user it's weird 'cause I usually like music in his vein, but it's every so shy of being memorable like a Bob Dylan/Lou Reed thing(?) ",0,negative
#Putin has had it with #Obama and has decided to throw #America out of #Syria negotiationshttps://t.co/z4CBIDDU11 ,1,neutral
"@user we all know on JANUARY 20th trump gonna push oil, fossil fuels, fracking down our throats. Fml... We must fight back. GOP sucks ",0,negative
"With James Comey in office, how could the US investigate the Russians? @user @user @user  @user ",0,negative
"If you're looking for work in #Palestine, TX, check out this #job: #Retail #Hiring #CareerArc ",1,neutral
Didn't take long for the Clinton Foindation money train to derail. Zero Hedge ,0,negative
HOO BOY THAT WESTWORLD FINALE ,2,positive
idk where to start after my intro. im writing from a pro-raising-minimum-wage pov but I'm stuck ☹️ ,1,neutral
This isn't the 1st time @user & the #Hamas supporting #IntifadaBrigade mock disasters/terror attacks while p… ,1,neutral
Tim Duncan and Gregg Popovich. Two legends. ,2,positive
#Platz / #Place: 4   Vente Pa' Ca (feat. Maluma) - Ricky Martin     #top100 #musik #music #charts #Spain #Spanien ,1,neutral
Come on Electoral College. Please do your job. Majority of Americans do not want @user This is NOT the f… ,1,neutral
@user That looks like Trump's transition team. ,1,neutral
shoutout to the moms of -Zac Efron-Ryan Gosling-Franco Brothers-Hemsworth brothers-Channing Tatumfor making these beautiful men ,2,positive
@user @user @user only wants adulation and sycophants. Like Kim Fatty the Third. Paranoia and bugs rooms. ,0,negative
@user @user involuntary euthanasia is a better system ,1,neutral
@user ain't that how y'all got Tim Duncan? 🤔 ,1,neutral
@user @user @user You're also young :P ,2,positive
@user @user @user @user Let robots be #Robots! ,1,neutral
@user @user @user @user Poorer states than Alabama have it because they accepted Medicaid expansion ,1,neutral
2016 Prime Cuts JUSTIN VERLANDER Timeline Game Used 2 Color Button Patch 1/1 ,1,neutral
CNN weeps for their erstwhile hero Fidel Castro. ,0,negative
@user The Jew boy has spoken. @user @user @user @user @user ,1,neutral
The latest Smart LifeStyle Food! Thanks to @user #weightloss #nationalfastfoodday ,2,positive
I find myself humming the notes of #ThisIsUs  @user sang a few episodes ago.  Missing her angelic voice.  Love the show. ,2,positive
#NoDAPL #CorporateGreed #corporations are #evil especially the media #corporations #tpp #TrumpTrain #bravo #cnn #foxnews #soulless #wrong 😣 ,0,negative
"@user it's free with insurance because of Obamacare, which trump wants to repeal 🙃 ",0,negative
Buy VAMAA 3D Printing Pen 1.75mm ABS Filament 10m (0.25*40 Strands) (Snow White) at Rs. 299.00 ,1,neutral
The #Obama admin. has carried out a deliberately deceptive campaign accusing Iran of sending arms to #Houthis#yemenhttps://t.co/KYu02C73ww ,1,neutral
#Yanukovych seems much more willing to take questions from the media than @user often is! #UkrAine ,1,neutral
"Madison Bartley with nice debut tonight: made her only shot and finished with 5 boards, 3 blocks, and 2 steals in Fairmont's win over Tipp. ",2,positive
@user @user @user @user ☞ ISIS Films Men Laughing While Woman Is Raped in Background ,0,negative
"¡Gobble gobble, idiot hookers! #Thanksgiving #ScreamQueens ",0,negative
Pelosi Challenger Brings ‘Industrial Midwest’ Perspective ,1,neutral
#TPP is N.W.O.; 1%er's Corporatocracy;～Global Governance by Corporate Jews.【https://t.co/WZGQvZfJgo　https://t.co/vRaKoOEr73】#ows #tcot #p2 ,1,neutral
@user I hear you. Not worth it. Its like arguing with the devil. That's why I'm on gab.ai. All us deplorables over there. Come join ,0,negative
Power of 50+ years of unrelenting CIA propaganda for sure. Lest we also forget 50+ years illegal USA trade embargo… ,1,neutral
"Okay, @user I think I've got my #GilmoreGirlsTop4: Max, Jess, Luke, Sookie ",1,neutral
How To Get Medical Marijuana Dispensary Card Ontario ,1,neutral
"@user Your progressive POS rag is as irrelevant as Michael Moore, one of your early editors. ",0,negative
“It’s such a futuristic idea. A world in which the descendants of slaves become poets.” ~ Terrance Hayes #NBAwards ,1,neutral
"are you gonna say ""suck it bitch"" to the people he mass deported? the people who've been terrorized by drone strike… ",0,negative
"@user Why is no one screaming for gun control? Shouldn't that be the story MSM obsesses over? But no, they MUST discredit #PizzaGate ",0,negative
@user Wow...this is one deadly statement! Reminding me of the Greta Muhammad Ali. ,2,positive
#pmp course prep with @user in #tripoli #libya; 25% discount; only 5 seats left! ,2,positive
i bought it for kh3 and persona 5 and ffxiv (tho i havent touched that in months ,2,positive
Drop 75% Price: £7.88. Paperback: The Gay & Lesbian Marriage & Family Reader: Analyses of Problems and Prospe... ,0,negative
@user @user @user @user You mean like Nancy Pelosi making millions on insider trading from her House sources? ,1,neutral
Can someone tell me where I can get a good red eyeshadow from?? (Not animal testing brands pls x) ,1,neutral
Michael Hicks picks off Bishop Moore pass; after illegal-block penalty @user ball at its 33 7:50 2Q @user @user ,1,neutral
See @user and @user on TV talking about #Homeopathy #ten23 ,1,neutral
"@user @user @user hi love the tweet, got stuff on social security tweet ",2,positive
"@user Man who funded anti-Trump riots, Hillary, @user funded radicals to overthrow police, Ukraine go… ",0,negative
"@user Stay right here, buddy. There are lots of nasty women and bad hombres that are staying too. ",1,neutral
These Formula racing champs use 3D printing as a key part of their racing strategy. It's the perfect tool with only… ,2,positive
"#Russia-n and Chinese Defense Ministers discuss the latest development in #Libya, on the margin of a joint military… ",1,neutral
"Suarez on twitter: ""YNWA #StevenGerrard"" [@LuisSuarez9] #FCBlive ",2,positive
More happy tails!Gino and Rex have been adopted!Gino narrowly escaped euthanasia by heartstick. He is now the... ,2,positive
"Electoral college hasn't even decided to vote for him, and he can't stop himself from fucking up. @user c… ",0,negative
"Its to be expected from ""electing"" a Fascist Nazi ",0,negative
"@user sadly, Putin has won big time over the past 10-15 years. His biggest triumph being the election of his proxy @user ",2,positive
US Airstrikes Hit 34 Daesh Fighting Positions Near Libya's Sirtehttps://t.co/E2aJFRljJx#Libya #News ,1,neutral
watching Michael Moore in TrumpLand on @user ,1,neutral
@user you were elected with promise to keep #Medicaid #Medicare Paul Ryan was not elected #POTUS PLEASE do not kill w his plan ,0,negative
After finally watching the whole of #FantasticBeasts I can officially say that it is a bloody awesome film✨ ,2,positive
Creepy name dropping won't hide your fake followers @user #Thanksgiving!@RadioFreeTom @user ,0,negative
No mention of miasms. #homeopathy ,1,neutral
"*** COURTESY POST - URGENT - RESCUE ONLY ***In danger of euthanasia, rescue needed NOW. Spalding County is in... ",0,negative
@user @user oh my godddd!@@@ ,2,positive
"@user @user I hope this isn't another attempt to get a 300 hitter from the National League who now hits 220 Tai wins Cy young, ew ",0,negative
Omg I love Jill Scott why am I just now watching #ThankYouObama 😭 ,2,positive
"@user I'm still hype af for Berseria, Persona 5 and FFXV! ",2,positive
Niggas be broke that's the reason they hate flipping them burgers for minimum wage 😅 ,0,negative
"If their great-grandfathers who fought in WWII could see alt-rightists applauding ""Hail Trump,"" they'd give them such an ass-kicking... ",0,negative
@user @user @user Well I will not stop complaining as your vote went towards a misogynist and a p*ssy grabber #StillWithHer ,0,negative
"Fascinating interview with former Georgia President Mikheil Saakashvili - very candid about Putin, Trump & NATO  ",2,positive
@user There isn't even a proper correlation because almost all of the decline in deaths&complications occurred BEFORE the vaccines ,0,negative
"@user in a post-truth world of propaganda and organized voter suppression, can you make progress without using the same tools) ",1,neutral
@user  death penalty for this dumb fawk ,0,negative
"Poorly implemented app can be exploited to locate, unlock and steal a Tesla Model S ",0,negative
@user deadline for WI is today and hoping your people are on it and NOT this lying Putin loving scammer ,1,neutral
@user @user @user @user @user Past Time to take care for our planet. ,1,neutral
"She doesn't care though, she says next year she's eligible for Medicaid. ",1,neutral
@user same (praise Kim Jong-un) ,2,positive
Don't forget to buy crap! Also who's got my #Hatchimals hookup ,0,negative
What is Homeopathy | National Center for Homeopathy ,1,neutral
no building or street or school will named after Fidel Castro in Cuba. That is Fidel's wish.@_cosatu @user @user @user #fidelcastro. ,1,neutral
@user Stop Time Tonight ,1,neutral
4. One last time - #ArianaGrandehttps://t.co/0o4T0q3GsY ,2,positive
BOOM: Mass immigration has turned some UK towns into ghettos: Bombshell Report ,0,negative
Dady is slaying the game of abs.AMÈM LIAM PAYNE #MtvStarsNiallHoran #MPN #OneDirection ,1,neutral
"@user Federal offices as POTUS ""NEED FEDERAL REGULATIONS, NOT STATE LAWS""~This needs to change to federal rules! ",1,neutral
More creepy Elton John info. #pizzagate #pedofiles #pedophiles #coverup ,0,negative
Why tf are tanks at a black lives matter protest but they nowhere to be found when the kkk is celebrating trump's v… ,0,negative
@user I wish to be there lovely bro Sami💐Wishing you a successful wonderful and concert in Dubai lots of love… ,2,positive
"@user Hi. I can't find the old episodes of #TheWalkingDead  on Virgin on Demand anymore: have they gone, or am I looking wrong? 😊 ❤📺 ",0,negative
Commander of 5th infantry division visit #IraqiArmy and PMF wounded in #Baquba hospital#ام_الربيعين_تجمعنا#mosul… ,1,neutral
.@PeterMonPhotog on #Periscope: Black lives matter protest continues ,1,neutral
troubling application of deep learning  ,1,neutral
"@user @user oh, and Hillary most likely didn't win the popular vote, considering how many illegal votes were casted ",0,negative
Free use-case based #DeepLearning course with #TensorFlow at @user #BigData… ,1,neutral
As does the $$ the Secret Service must pay to fly on Trump planes to protect Melania & the kids. ,1,neutral
"Honored to represent @user 2 discuss Robots, Materials, Energy & Agriculture at XI Innovation Congress #sswcee ",2,positive
"Medical marijuana is legal in majority of America, yet veterans get no guidance thanks to VA policy… ",0,negative
".@CCFA Of all things, homeopathy? Patients need to know this is a scam with no basis in science (or reality). ",0,negative
"SORRY, HARRY...I'M LEAVING YOU FOR YOUR TWIN: MARCEL #JK #Onedirection #HarryStyles ",1,neutral
A Bronx Tale of Deplorables. .#PenceMusical ,1,neutral
@user @user @user America was saved. Wake the hell up. You want 2M refugees? Global gov?TPP?Learn the facts goto college ,0,negative
Soz but u can't protest against animal testing if you eat meat & dairy. Laboratories are like a vacation compared to meat & dairy farms. ,1,neutral
@user HBO hun...the show is really good. Get read to have Melania Trump facial expression for like three episodes though😂 ,2,positive
Thousands flee Raqqa as Turkish-Kurdish tensions threaten anti-IS campaign #ISIS ,1,neutral
Dylan Not Dark Yetthis'll keep oneself loving life ,2,positive
Worthy Read~ ,1,neutral
"""who's the most wiped out white boy? Zac Efron! Zac Efron!"" ",1,neutral
Fan opinion: right now I would absolutely take Justin Verlander as a Red Sox. Hands down. #RedSox ,2,positive
Bannon bringing Reagan back! #magahttps://t.co/FgL5uiKtJK via @user ,1,neutral
Anti-Trump Protests And Riots Backfire!! Students Starting To Realize Th... via @user ,1,neutral
"RT @user When they're literally doing a Nazi salute you don't have to fudge and call them ""alt right"" ",1,neutral
Steve Bannon Should Stay out of White House: Attorneys ,0,negative
#humanrights #UnitedNations Palestinian capable of overcoming aches to help humanitarian aids!  ,1,neutral
#today Somewhere quite high on a road between Bala and Vyrnwy ,1,neutral
"@user isn't he the ultra conservative anti- gay marriage, anti-abortion, anti- everything guy? ",0,negative
"And in my defense, I said Marcelo out of reflex but clarified that Cristiano Ronaldo dos Santos Aveiro is actually the best. ",2,positive
Ashley Graham Lands Her First 'Vogue' Cover and Goes Au Naturel ,1,neutral
"So I see the takes this week are split between ""the popular vote should reign supreme"" and ""enlightened electors should override the voters"" ",1,neutral
I think we should give all #ISIS members a Bible this #Christmas ,1,neutral
This is of concern for all of us ,1,neutral
"Even after the 4th time watching #FantasticBeasts, I still teared up at the John Williams opening scores. Such a cry baby 😭 ",2,positive
"@user Never will let - via the reluctance influx of robbed by Poroshenko Ukrainian, where millions of families live on $ 40 a month ",0,negative
Late Thanksgiving Day selfie #happyholidays #notsweaterweather… ,2,positive
"The ""rich white racists"" hurting ""brown people"" are the Liberals inciting riots & racial divide in America! #Putin'… ",0,negative
Banda Piper -  Ricky Martin (Livin' la vida loca) e Marron 5 (This love) via @user ,1,neutral
Tesla Factory overview    they're already producing Model 3 or S ,1,neutral
I am so excited to see @user @user and @user on @user #GilmoreGirlsTop4 #FallonTonight ,2,positive
@user You and George Soros make a good team! ,2,positive
Review: Google Earth VR - VR Today Magazine (apparently remarkable achievement!) @user #VR ,2,positive
@user I followed Pope Francis' Latin twitter. I don't speak Latin. ,1,neutral
"@user But,her sis was big in election,familyRall writers&ACexpert on digi media,so logical cd increase # s ",2,positive
"Wait, Grayson Allen is still playing!? I know he looks like he's 12, but he's been there at least 6 years, right? ",1,neutral
"Pelosi, always one to reward failure, is trying to burden House Dems with Ben Ray Lujan as DCCC chair again. She's now incapable of learning ",0,negative
"@user @user @user leftists have cried wolf a few too many times, while Trump supporters r getting assaulted actually. ",0,negative
"So that's Obama Care, prosecuting Clinton & the Mexican border wall that he's now reneged on?! #lies #establishment… ",0,negative
I want to see more robots fall in love with other robots ,2,positive
"There could be a thousand more Hairspray remakes, and I will still like the one with Zac Efron better. ",2,positive
"A Battle to Change Medicare Is Brewing, Whether Trump Wants It or Nothttps://t.co/SYFgzYscjy#uniteblue #notmypresident ",1,neutral
"The same people (leftists) who fought for women and gays, wanna allow the risk of terrorist migration in this country that kills them. ",0,negative
#Solar-powered #water #supply #project #commissioned in #Yemen ,1,neutral
Catching up on TWD #amc #TheWalkingDead ,2,positive
Fossil fuels will still provide 80% of global #energy supply in 2035 said Dr. Eveloy @user at Network’s workshop… ,1,neutral
FBI Is Doing their Job. COMEY Works for Putin. ,1,neutral
DAPL doesn't effect a single cent of fossil fuels ,1,neutral
@user @user @user Loyalty's V.important 2.Dems GOPe Press all working against him. Mitt foreign policy vision diff. ,0,negative
@user Marion Le Pen has also accepted stolen wine from Crimea and agreed to new winemaking partnership #Sanctions #CrimeaIsUkraine ,0,negative
New on #Steemit: Cristiano Ronaldo all Luxury Cars ,1,neutral
".@DrJillStein @user Answers? What are the Qs?Problem is voter suppression, not vote chicanery.Focus on the former, not the latter. ",1,neutral
6. Vegetarianism is the best way to go ,2,positive
@user they have some bad hombres working tonight? ,1,neutral
"@user secures first major sales order worth around $65,000 #business #news #investment #ASX200 #Pharmaceutical ",2,positive
"IFC signed agreement with Bank of #Palestine to scale up lending operations to smaller firms, especially women-owne… ",2,positive
mi mamá didn't tell me there was codeine in the cough syrup she gave me so I spent all of Thanksgiving drugged wbu ,1,neutral
Have a pesky relative that won't stop complaining about Trump? Check to see if they're registered to vote:https://t.co/ddJFVJrUZw ,1,neutral
Happy belated #NationalFastFoodDay!I want our #McDonalds with #McDelivery & #ShrimpBurgers like in #Seoul!  My fav… ,2,positive
The The Orlando #Python User Group meetup is hosting the Deep Learning with #Python on Monday after next. Be there: ,2,positive
@user it's soft conservatives who are cool with gay people (sometimes blacks) and drone strikes versus genuine progressives. ,0,negative
Google Earth joins the VR revolution letting you wander the world in 3D: ,2,positive
"@user anyways u can assume I & others have the best intentions & wouldnt advocate nonconsentual testing for anyone, human or animal ",1,neutral
Ashley Graham needed affirmation after being dumped #bollywood ,1,neutral
#Buzzfeed is using #BIGOTED #ReligiousTest! #ChipGaines #JoannaGaines #HGTV #Christian ,0,negative
Westworld and our increasingly wired sense of eroticism ,2,positive
Marine Le Pen: Facts about the French far-right leader ,1,neutral
@user I'm voting for Tim Duncan ,2,positive
"@user ruin ACA, privatize schools and Medicare, limit abortion choice, sell america's interests to line his pockets, start wars ",0,negative
@user she introduced Ivanka to her husband!? Wow all surrounded by Putin's agents ,1,neutral
@user Everyone knows that vegetarianism is synonymous with wellness! 🙄 ,2,positive
"RT @user Trump supporters, please read this article. Do you support this? What possible response is there? ",1,neutral
To motivate deep learning & resilience help youth develop initiative. Great tips from @user  ,2,positive
#native american sex pictures download porn mp4 anal fissure homeopathy ,1,neutral
Representing in the @user for my peeps. #brownandproud #bad-hombres #thanksgiving ,1,neutral
Ethics counsels for W & Obama: Electors shd vote #Clinton if #Trump retains ownership of his businesses #UniteBlue ,1,neutral
The New York Times doesn't even pretend to cover the news anymore. Where are their articles about anti-Trump riots? ,0,negative
67.4 kg gold missing from Delhi airport in 7 months - via ,0,negative
#ESPN 2013-14 Panini Gold Standard Gold Prospects #35 Harrison Barnes /49 #TFBJP ,1,neutral
"@user @user ...and by ""genocidal antisemites"" you mean Steve Bannon, right?#NotMyPresident ",0,negative
"Rimmel Cosmetics, Avon and Cover Girl: You have got to stop making “cosmetics of cruelty”! ",0,negative
@user Legal terminology for opposing gay marriage? Homo MatrimOHNO ,0,negative
#Marijuana is medicine. 4 a very authoritative medical review of #cannabis https://t.co/9VlyPQTnGT No Exp date ,1,neutral
What would The [un] @user & Conservatives say if @user or @user did a secret deal to give $300miln to WA? #auspol ,0,negative
#Prophet #Muhammad was treating every one of his #companions as if he most #beloved one to him. #Ep06_ ,2,positive
Shame on #Barcelona fans for #homophobia displayed towards @user #RainbowLaces… ,0,negative
He's already ENRICHING HIMSELF by charging SS TOP price @user Towers Melania should b forced 2 live @user when time ,0,negative
Abortion really brings out the kid in you. ,0,negative
You can now virtually travel the planet as #Google Earth is available in VR. ,1,neutral
New #BeautyAndTheBeast photo of Gaston wooing Belle @user @user ,2,positive
The best holiday ever National Fast food day #NationalFastFoodDay   @user ,2,positive
Fast food companies spend $2B advertising to children each year. How's a parent to compete? #NationalFastFoodDay ,0,negative
"@user @user ...or for her support of ""terrorism""! #Hamas ",0,negative
"Comey’s letter swung public opinion, it would not have cost her the election. Voter suppression did that. ",0,negative
#airbnb trips seems good #trips #uber… ,2,positive
"If teachers are willing to make content wicked cool, students will be willing to engage in deep learning. #divergED… ",2,positive
Smart roads are the companion self-driving cars need. ,1,neutral
@user she plans to rig the recount...so the Trump admin better be ahead of this. Even Obama didn't want her to do it. ,0,negative
Increasingly looks like Russia just conducted a sophisticated intel & propaganda operation of historic significance… ,1,neutral
"@user A fine on that level does not really make much difference, does it 😔 #fracking destroys #environment @user ",1,neutral
"The deplorables will have an awesome four year long hangover, think salt and hemroids, head in a sack bar of (cont) ",0,negative
@user When are we going to sign Mr. @user to his extention? Let's get it done! ,2,positive
"@user @user @user Great, so how far will you comply? Just squeeze a little more gun control?Ban angled foregrips, fudd? ",0,negative
"""Focusing on [alt rightists'] respectability...makes white supremacy appear normal and acceptable."" ",1,neutral
"George soros...a member of the National socialist German worker party(nazi party). He served under Hitler, Himmler,this man said... ",0,negative
@user The Clinton Crime Foundation got everyone wanting to Pay to Play! ,0,negative
@user @user @user @user @user The NeoFascist Conservatives all cling to the fact that... ,0,negative
#FantasticBeasts at @user then to DHS for #JingleBellJingleBAM ,2,positive
FCBarcelona: Arda Turan missed Friday's training session at the Ciutat Esportiva due to a fever #FCBlive ,1,neutral
@user it just fucking blows because working a minimum wage job i need all the money i can get. shit isnt cheap. ,0,negative
Spirit of my silence i can hear you. But im afraid to be near you. #ThisIsUs 😍😍😍 ,2,positive
Why does everything need a #remake?  Enjoy the #classics!  #BeautyandtheBeast #TheBradyBunch ,1,neutral
"Brexit has started the disintegration of the EU, Italy&#39;s Europe minister says - -  - The populist ... ",0,negative
Conflicts are only 1 of many issues facing racist/sexist/abusive/narcissistic despicable Trump. He also violated US… ,0,negative
"The Kelly File Special Nov 25, 2016 The Trump Transition ; Panel on Trump Cabinet Controversy: via @user ",1,neutral
The Democrats are behind the Anti Trump protests that turn into Riots.There Parents must be pleased with how they raised there Children. ,0,negative
Trump says to #draintheswamp but fills his cabinet with fucking Swamp Things ,0,negative
"white supremacists?  alt-right?  They're fucking Nazi scumbags, or as I like to call them ""anti-american shit-stain… ",0,negative
Booty Baby Ari#ArianaGrande #PrincessAri #bootybaby #DangerousWomanTour #DangerousWoman… ,1,neutral
75 percent of #Trump voters want to accelerate the growth of #clean #energy. #frackinghttps://t.co/LGmdweMk8q ,1,neutral
@user and @user desperately trying to create brexit anxiety. Best to ignore mainstream media and laugh them off for what they are. ,0,negative
New All Party Parliamentary Group on Vegetarianism & #Veganism to discuss the impact of #Brexit Tues 3pm ,1,neutral
"Link in bio - Come on The Walking Dead, get it together. #TheWalkingDead ",2,positive
Using #homeopathy to heal #PneumoniaInDogs is quick & economical #NaturalDogs #HolisticDogs ,1,neutral
Do you think the Trump administration will construct a wall on the Mexican border? ,1,neutral
Dear President Trump I think you should mak Dr. Ben Carson assign to your cabinet as the US Surgeon  General instead of HUD. ,1,neutral
"@user tried to drink, but just allergies so I sat there congested and bored watching David Blaine ",0,negative
@user Yikes! Turnbull Gov to introduce voter registration licenses. 😉 ,1,neutral
@user  My opinion-This is a ploy to make an agreement between her and Trump.  She won't protest if he won't prosecute. ,1,neutral
"$2 Mil a DAY to protect Trump et al, because Melania doesn't want to move to DC, & Trumpkins wants to ""go home"" ",0,negative
@user only Marine le Pen seems pleased! Very concerning for Europe. Hope some heads start to really work in Brussels! ,1,neutral
"@user Imagining a credible threat, can they force him to sit down for the briefing? ""Look son, some bad hombres wanna get you...""0 ",1,neutral
Here's Obama legacy; we started his presidency with 3 wars and we end it with 7! & drone strikes; & Hillary wanted… ,0,negative
Why are oral vaccines less common than injected vaccines even if it can induce both systemic and mucosal immunities? ,0,negative
Happy Friday #sarahwaynecallies #prisonbreak #thewalkingdead #colonyusa ,2,positive
"@user To each her/his own. Most Conservatives, I simply disagree with, some I distrust and a few I dispise. Pick your #poison ",0,negative
"The thrill of seeing a wheelchair user in a movie doing boring, meaningless things that have nothing to do with euthanasia. ",0,negative
@user @user @user @user @user @user @user @user @user @user got a box of No.8 Maduro ,1,neutral
This am my 8yo talks to me about 3D printing new airways for me. #hewillgoplaces #lovehimtopieces #TBM #justbreathe ,2,positive
"True, the Obama Admin. Squashed the Tea Party movement, unprecedented behavior. ",1,neutral
"@user @user @user @user @user That's the first step in Gov't ""Gun Control"" Eliminate access to Ammunition. ",1,neutral
".@NavyFederal the ""killer honeymoon"" commercial is so insensitive-u have drone strikes missing 90% of targets-not too funny #liberty ",0,negative
"Let's stop parsing.Just as #AltRight = Nazi, populist = anti-immigrant white supremacist. This is simple, irrefutable historical fact. ",1,neutral
See you kids tomorrow #blackfriday #blackweek #podesejogar #dobre #mordki #unitednations… ,2,positive
White-collar supremacy is CODE used by liberal fascists for People who Work for Living in a Real Job #pjnet #trump #tcot #UniteBlue #p2 ,0,negative
I need a back massage ,1,neutral
Okay but many alt rightists worship HitlerYou people can't keep pretending they aren't Third Reich 2.0 ,0,negative
#Tigers #Memorabilia 2013 DETROIT TIGERS TICKET LOT OF 3 vs WHITE SOX CABRERA VERLANDER VGC L@@K! #Vintage #Sports ,2,positive
BEN 'THE SENSATION' HALL v CARSON JONES - OFFICIAL WEIGH IN & FACE OFF V... ,1,neutral
@user #GilmoreGirlsTop4 easy 2. Sookie 3. Emily 4. Luke ,2,positive
@user everyone in the country is worried about our presidency and you and your girl still whining about the cy young.shut up dude ,0,negative
@user Thats not going to happen. The media will use him in an attempt to smear all conservatives. Spencer will relish in it. ,0,negative
"@user Sadly, this is how Steve Bannon sees all Jews. ",0,negative
"Ben Shapiro on Steve Bannon, the alt-right, and how they're using Trump while he's too stupid to see it. #FuckTrump ",0,negative
And Melania didn't plagiarize her speech either ,1,neutral
"Oh right, I have to save up $60 by February if I wanna get Persona 5. ",1,neutral
@user #CapitalistArmy #MemeWars Michael Moore's Twitter page is MMFlint. ,1,neutral
"If the Community Spouse Dies Before the #Medicaid Recipient, Can #Medicaid Collect from the - via @user ",1,neutral
@user @user I'm retiring from twitter ,0,negative
@user @user Someone didn't just ask you that lol. Tommy Why would you be happy with any race doing a crime. The Liberals need bed🤗 ,0,negative
"Fake news, Election Day hacks, Wikileaks, Comey, Russia, Jill Stein, Gary Johnson, etc. are all to blame, but Clinton herself, isn’t. ",0,negative
It's a good day to watch #ThisIsUs and #Insecure ,2,positive
"I  just want to move to LA, work a minimum wage job. Make clothes and paint all day. Do some community organizing. Start a modeling career. ",1,neutral
"I dunno, from my porch view of Europe, there is certainly creeping unease, Baltics, Scandi, rightists in FR, IT, AU… ",0,negative
Watch Tesla Model S P85D’s instant speed avoid a potential rear-end collision ,2,positive
"Positive news - #France to enforce labeling of products produced in illegal #settlements, etc.: #Palestine #Israel ",2,positive
@user Direct Contact! Tell the Electoral College why they must invoke Emergency Safety Measures #NotMyPresident ,1,neutral
This is by far the most clear-eyed WH appraisal of Obamacare's problems that we've seen. That's encouraging. ,1,neutral
@user UN SecurityCouncil to vote on a resolution for a 7day ceasefire in northern Syrian city of Aleppo&unhindered humanitarian aid access ,1,neutral
I'm starting to like the cowboys without Tony Romo ,1,neutral
Its getting really hard to not spoil Persona 5 for myself ,1,neutral
@user I just had a shawarma sandwich and I say forget vegetarianism ,1,neutral
Trump hit by media for choosing billionaires for Cabinet - Member of transition team Anthony Scaramucci weighs ... ,0,negative
‘Pay-to-Play at Its Rawest’: Critics Blast Trump’s Connections to Dakota Pipeline Companyhttps://t.co/uNdc2Cq0N7#uniteblue #notmypresident ,0,negative
Neymar Jr leads the #UCL for assists - seven so far. We've got plenty more stats where that came from:… ,1,neutral
I liked a @user video Nintendo Gay Marriage: Last Week Tonight with John Oliver (HBO) ,2,positive
Here's some @user data on the partisan divide separating Dem and Rep views of Putin and Russia's role in the… ,0,negative
Hey Guys! Next month I'm going to Korea in My Mother to spend Christmas vacation there and I'm so excited!!! #korea #onedirection #me ,2,positive
its always valentines with this one #BabySelcaDay ,1,neutral
@user Where are you getting that? Medicare is not guaranteed to be funded beyond 2030. And it sucks NOW. ,0,negative
Dalai Lama and Pope Francis said it is wrong to identify Islam with violence/terrorism coz no religion can be relate with violence/terrorism ,1,neutral
@user @user @user So much for her preaching to Trump to accept the outcome 🙄 & peaceful transition of power. ,1,neutral
"Steve Bannon - its okay for straights to call lgbt ""gay, fag**t, and qu**r""... anyone who comes to me saying that gon catch these hands 👊💥 👊 ",0,negative
.@poroshenko's administration says the European Union is to give #Ukraine more money for anticorruption and reform… ,1,neutral
"The Kind Diet, a very interesting read so far! A look into vegetarianism and veganism 🐄🐷🐑 ",2,positive
Tesla’s autopilot model highlights the dangers of self-driving cars and potential flaws in engineering. ,1,neutral
Caught on camera: 3 Muslims seem to start fire outside a Jewish village near #Jerusalem... ,0,negative
VAMOS #LM10 No one can hold you down. If you really want it.Just steal your destiny.Right from the hands of fate🙌… ,2,positive
"35 years ago, Rollie Fingers wins the AL Cy Young and MVP awards - becoming the first ever baseball reliever to win… ",2,positive
@user @user Because Muhammad Ali knew in 1977 that some midget named Lionel Messi would exist ,1,neutral
"Watch her discuss her plans for Florida, which will include marine conservation, gun control, and closing the wage gap! ",1,neutral
What is it with the Alt-Right Nazi-squad disliking Romney? Get over it. ,0,negative
"Awesome, baby! ",2,positive
@user @user @user @user many didn't vote GOP because they wanted a plan for social security and jobs. ,1,neutral
Top story: TekUniverse Slashes Prices On The DreamCreator 3D Printing Pen For T… see more ,2,positive
No respite' from Israeli violence against Palestinian children #gaza #palestine #israel #BDS #jerusalem ,0,negative
Donald Trump should get Petr Cech to be the wall on the Mexican border. Nothing would get through. ,1,neutral
#the sensitive naked man sexy girls in boys clothes galleries cristiano ronaldo nude pics ,1,neutral
#RickyMartin ft. #Maluma new entry on @user @user w/ #VentePaCa  #latinhits… ,1,neutral
I'm gonna write a book based on Jigsaw capturing David Blaine lmao everyone's gonna h8 it ,1,neutral
. @user retweets anti-Semitic remark ,0,negative
Leonard Cohen on Kurt Cobain’s Nirvana lyric name-check: ‘I’m sorry I couldn’t have spoken to the young man’ ,1,neutral
** Black Friday News **Trump win helps Le Pin in France?Trump transition reportGiuliani or Romney?Aretha sings!https://t.co/usyDFCzONv ,1,neutral
Phrenology meets deep learning. Precog here we come. If we could apply the test to all politicians & CEOs...https://t.co/xNywkS60Yd ,1,neutral
What the right wing press have dug up about the Brexit Supreme Court judges ,1,neutral
Chinese websites block searches for ‘Fatty Kim the Third’ ,1,neutral
"Despite their rocky history, @user has joined the #LinuxFoundation as a platinum member ",1,neutral
.@Liz_Wheeler @user voter suppression very real in WI per higher court injunction. Keep up. Secretary Clinton did not request recount. ,1,neutral
#isis France Foils ISIS Attack Planned for Next Week: Prosecutor - ,1,neutral
"@user Yeah, Key made it look easy. Also see, gay marriage: Turnbull believes the same things as Key, but is in all sorts of trouble ",1,neutral
Top Reasons Why You Should Visit Israel - Voyager @user #Israel #Travel #Vacation #FamilyTravel #Jerusalem ,1,neutral
"Dear NO voters, are you celebrating your victory? So are Nigel Farage and Marine Le Pen. Enjoy the lovely company. #ItalyReferendum ",0,negative
We'll be featured in 3 magazines in a couple of months. Which pic should we use? #Vote #MDwine #BeautyAndTheBeast ,2,positive
@user hope you truly enjoyed your ride in our #Tesla model S today! #ev #cleanair #London ,2,positive
"Draining the swamp, Part IITrump Stock In Dakota Access Oil Pipeline Raises Questions via @user ",1,neutral
Just don't let @user within arm's reach of Sophie. ,0,negative
Appreciating Bob Dylan right now. I love my dad haha ,2,positive
Love has no LabelsAmerican Deaf Hearing peopleWars. GAY MARRIAGE straight.Military jobs. Family.House. moneyFlow. Hard work ,1,neutral
"today marks 10 yrs since the tragic shooting of Sean Bell. here's a song I co-wrote & produced ""Got No Love""… ",1,neutral
"So Fidel is dead, but can someone enlighten me as to what's next?? Venezuelans rejoiced when Chavez died, but Maduro's just as bad/worse. ",1,neutral
Comey still must go! ,1,neutral
"🚨It's about time💥Dana Milbank: Time For Pelosi, Senior Democrats to Step Down via @user ",1,neutral
@user Marine Le Pen should win France ,2,positive
Donald Trump Owns a Stake in the Dakota Access Pipeline  #TrumpDirtyMoney #DakotaAccessPipeline ,1,neutral
donald trump bad hombres ,0,negative
"@user Immigration to other places due to ruin of the money, money transfers to clients by the state, price controls, state theft. ",0,negative
Just seen #FantasticBeasts #IMAX it's like #PokemonGO only pretend. ,1,neutral
@user @user #TRUMPTRANSITIONTEAM ALL WITH HISTORY OF ANTISEMITISM AND SUCH... ,0,negative
@user @user How do you explain this? ,0,negative
saw david beckham on david blaine's tv special and i had to bite down so hard to stop me from screaming daddy ,2,positive
"sickening #YPG /PKK alliance with #Hezbollah terrorists, yet #US still arms YPG to the teeth and even support them with Special forces #fail ",0,negative
@user Newsweek & Saakashvili's handler Bruce Jackson answering 2 same Washington-based globalists? 18'30'' ,1,neutral
"NHMRC releases statement and advice on homeopathy, Australia ",1,neutral
"I'm 34, what social security? My generation and younger are fucked. Thanks to Baby Booming assholes. ",0,negative
Ahmed lost his home to IS. #MosulOffensive ,1,neutral
Column: The #UnitedNations’ #Palestinian refugee industry #UNRWA ,1,neutral
Malak al-Khatib: Symbol of Palestinian childhood denied via @user #gaza #palestine #israel #BDS #jerusalem ,1,neutral
"@user @user compare total votes in a sample of precincts to census, voter registration lists & publicly available data ",1,neutral
"@user If Sox fans AND the actual org. are going to build an identity around hating the Cubs, then I'll give it right back. ",1,neutral
#Tipp  World of Fishing: 5 Euro Rabatt gewinnen: Um euer Equipment in World of Fishing… ,1,neutral
@user Asking for identification isn't voter suppression. ,1,neutral
THE GREAT WALL OF ISRAEL #gaza #palestine #israel #BDS #apartheid #jerusalem ,1,neutral
"@user an outdtanding PM who has provided stability, a surplus, some of best growth stats in OECD, & supported gay marriage #respect ",2,positive
Flashback Friday 5 years ago Nov 2011 Disneys Beauty and the Beast @user #FlashbackFriday #BeautyAndTheBeast ,1,neutral
Medicare is more cost-effective than private insurers and could serve as the foundation for a single-payer system. ,2,positive
8 Dangerous Side Effects of Fracking That the Industry Doesn't Want You to Hear About | Alternethttps://t.co/NknAwg0MV4 ,1,neutral
"@user @user @user UK great Antoine Walker on if his 96' team could stop Bam: ""Ask Tim Duncan about us.""#BBN ",1,neutral
@user And looking at what homeopathy IS should be enough to dismiss it out of hand. Chemistry just does not work the way they claim. ,0,negative
Now i know why they are raving about this show! #thisisus ,2,positive
"@user @user wow!! How awful! I thought this was next because of transgender acceptance, not gay marriage.  Great video! #pizzagate ",1,neutral
@user we'll miss you in Seattle! Especially when you win your NL Cy Young award! ,2,positive
#Butterball Turkey Shareholder Investigated for Ties to #Hezbollah  #terrorist #pig #revokecitizenship ,1,neutral
Avail #service of an #Immigration #Consultant for Immigrationhttps://t.co/fZeCbmWhxc ,1,neutral
Saakashvili followed Savchenko has passed a drug test live: #news #Russia ,1,neutral
"The @user host Atlanta tonight. Don't be the fan who shows up at halftime, the game tips at 6p. ",1,neutral
The crazy thing is so many white leftists believe this bullshit ,0,negative
Was Muhammad Ali A Prophet Or A Phony?CLICK HERE #IsraelunitedinChrist #Israel #Israelites #Blacktwitter ,1,neutral
"Jill's supporters, they report more fake new reports. I feel it is to destroy credit if anything is there w/Soros  ",0,negative
RIP castro the Hero.and fuck liberals ✌ ,0,negative
One thing I can't stand is this anti-Japan Korean slimy NGO Human Rights Watch funded by George Soros exploits Hiro… ,0,negative
"@user says ""In 2007 The #UnitedStates of #America voted the wrong way on genocide in the #UnitedNations "" ",1,neutral
Apple nabs obscene share of smartphone profit thanks to Samsung's Note 7 debacle - MarketWatch | #galaxyNote7 #Not… ,0,negative
Fracking Banned in City of Frostburg Through Existing Legislation – The Bottom Line News ,1,neutral
I think my boss and her family just won the #mannequinchallenge. ,2,positive
I think @user character on #ThisIsUs is probably one of the best dads ever on a tv show. ,2,positive
Y'all are surprised Kanye's brain broke?! David Blaine is a fucking DEMON YO!!! ,0,negative
"""Kim Fatty the Third"" ",0,negative
The defense of the US elections from the Obama Admin came amidst hacking fears & allegations of hacking from Russi… ,1,neutral
Actually bWAR does an adjustment for defense I think. Not a very good one. That was the essence of the Verlander/Porcello debate. ,0,negative
"Ethics by Nielsen ratings! Was there already a @user episode about this, or am I thinking The Running Man?… ",1,neutral
"When I'm in public and pull a pair of underwear out of my sweatshirt sleeve, I can't help but feel like David Blaine. #magic #static ",2,positive
My new pet#thewalkingdead ,2,positive
@user @user not only did he not say it. It was hard enough for american born people to avoid illegal voter suppression to vote ,0,negative
I love my Cubs! ,2,positive
"All plots to kill Hitler came from Rightists: von Stauffenberg, Rommel... ",1,neutral
@user @user @user @user @user ummm vaccines have avoided over 700000 deaths since the nineties... ,2,positive
That's beautiful ❤ #BeautyAndTheBeast ,2,positive
#RaulCastro: #Cuban #government will not #allow to be named after #Fidel the street and put him monuments… ,1,neutral
Microsoft HoloLens just pulled off a mixed reality #MannequinChallenge. #htcive #baofeng #psvr ,1,neutral
"Potential for inhalable vaccines for influenza, pneumonia, with new approach ",1,neutral
Our own #MannequinChallenge @user @user @user thank you Studio Halloum .FULL VERSION ON FACEBO… ,2,positive
@user Liberals having no knowledge of who their speaking to parroting what @user tells them. Here's what you… ,0,negative
@user @user put an embargo on FRANCE like you do other countries like Cuba ,0,negative
"You got nothing to loose except your Retirement, SS, Medicare, Pensions, Healthcare, the right to vote. They voted GOP, need Mental Health ",0,negative
Arm urselves becuz no 1 else here will save u.My 71yo dark-skinned nonwhite mom's new gun 2 be ready 4 pick up on… ,0,negative
That Westworld finale was so good! Hoping we don't have to wait too long for Season 2... ,2,positive
#DnvrPolitics Minimum Wage ,1,neutral
1.  Emily Gilmore2.  Sookie3.  Lane's mother4.  Miss Patty #GilmoreGirlsTop4 ,1,neutral
#Capture #ISIS  #Militants By #IraqiArmy Seen What Happened Next #Russia #USA #Syria #SyrianArmy #America ,1,neutral
Late to this but incredible Trump/Bannon insight in this piece by @user via @user ,2,positive
"@user @user Little early for valentines, but I'll take it! <3 ",2,positive
Do you think Michelle Obama wanted to smack Melania Trump for plagiarizing her convention speech? She has the arms for it. ,1,neutral
Finally time to see #FantasticBeasts! Going with my dad cuz he loves #HarryPotter magic too and is the only series he's read in print 😍😍 ,2,positive
"""Fatty Kim The Third"" 😭😭😭 ",1,neutral
"Is #Ukraine headed for another revolution? #Saakashvili who resigned the Kiev govt because of corruption, thinks yes ",1,neutral
@user Happy Thanksgiving! ,2,positive
@user @user @user pesky nukes. Don't forget Trump skirted embargo in Cuba. Sad! ,0,negative
@user @user that's dumb... the American ones do not handle the terrain as well ,0,negative
first date dream: take me to an anti-trump protest ,0,negative
Universal car mobile phone holder stand windshield mount holder for xiaomi note iphone 4s  ,1,neutral
@user investigate a presidential transition.?  You really are a partisan hack. ,0,negative
@user I would ask Verlander about that but he's blocked me I think ,1,neutral
But remember the Clinton Foundation?? ,1,neutral
Jill STEIN WHY YOU DO ME A FAVOR GO RECOUNT FIDEL CASTRO S  BALLS ,0,negative
@user @user @user @user @user Honestly? Current day short haired 80s power businesswoman Megyn. So fine. ,2,positive
@user Grayson Allen is a better fit for you guys ,2,positive
"#tech #summary:  #tesla  #model s can be located,  #un #locked,  #stolen by manipulating  #tesla  #apps ",0,negative
😂😂😂😂 I was about to say shimmy Duncan because of tim Duncan but it ain't sound right ,1,neutral
Thanksgiving was great and now today is second thanksgiving for me and my fam! ,2,positive
Black firday saleHead commissionsPersona 5 HUD commissions (best if you get both for $2 extra) ,1,neutral
Lauren Graham Responds To Lin-Manuel Miranda's 'Gilmore Girls' tweet - beautiful!@fallonthornley @user  ,1,neutral
Join me in supporting Foster Campbell via @user #UniteBlue #LibCrib ,1,neutral
Cristiano Ronaldo Workout Routine and Diet Plan ,1,neutral
James Harden is better than Cristiano Ronaldo ,1,neutral
Why it's time for a rethink on flu vaccination #Immune System - Vaccines @user ,1,neutral
( melania trump voice ) hello. ,1,neutral
@user The effects of voter suppression were likely greater than both. ,1,neutral
@user @user well traditionally we don't vote rightists into power. And are too fragmented to elect a trump or modi ,0,negative
"#TrumpTransitionTeam ""Everyone who knows won't talk. Everyone who's talking doesn't know."" #TrueStory #MAGA ",1,neutral
#GilmoreGirlsTop4 4. Sookie 3. Michel 2. Lane 1. Jess (I know what I'm doing at 12:01am) ,1,neutral
@user @user insurance from 298 to 1300 month. She said tax hikes; he said tax cuts. Lota friends jobless. Dems had their chance. ,0,negative
Im still trying to get over Leonard Cohen dying. He was fucking awesome. ,2,positive
"@user they are, i can't even wear them more than a day. & Revlon does animal testing. Any other brands? ",0,negative
Nikki Haley’s family In India Cheer Her Appointment As UN Envoy #nikkkihaley #unenvoy #unitednations #donaldtrump ,2,positive
Am apreciat un videoclip pe @user Cristiano Ronaldo ► Magic Goals 2016/17 Skills & Goals |HD| ,1,neutral
Spider-Man: Top 5 Actors To Play Kraven The Hunter - ,1,neutral
Chinese scientists convert infectious viruses into live vaccines to tackle deadly viruses ,2,positive
"68,000 Iraqis displaced from #MosulOffensive: #UN via @user ",1,neutral
The latest Earth Echos Daily! Thanks to @user #yemen #archives ,2,positive
My Grandmother would kill the #mannequinchallenge....she's dead #RIP ,0,negative
(There's a better chance of Logan Verrett winning a Cy Young than there is of me ever wanting my family to do  the mannequin challenge) ,1,neutral
@user and this is the news for Sunday. Tax returns? Visit to Cuba during an embargo. Conversations with Putin Taiwan I hope they all ,1,neutral
Scientists Are Beginning to Figure Out Why Conservatives Are…Conservative ,1,neutral
"I'm thankful for all of the nasty women, bad hombres and various other sub groups fighting for my rights and the... ",2,positive
@user D.Rose taking a page out of Tim Duncan's book off the glass in the clutch #KNICKSonMSG ,1,neutral
@user nasty and offensive - assumes a foreigner DID take a local job...and says nothing about failure to enforce minimum wage ,0,negative
Donnie is gonna deport the Menendez Brothers right away. BAD HOMBRES! ,0,negative
Still reading #SettleForMore @user #fridayreads ,1,neutral
#Chocolate cupcake #candle melting with its sweet candied #aroma is a treat for this #Christmas… ,2,positive
Is this leaf ?Can I eat ?Open the leaf!Oh! This is SUSHI.In NARA.#foodie #Thanksgiving #WorldFoodDay… ,1,neutral
"""We have lost everything"": Syrians return to ravaged Aleppo, @user reports. by #AP via @user ",1,neutral
@user @user And it's why their first order of business will be to put major voter suppression in place nationwide. ,1,neutral
#IFAD #Internship Programme in #Rome #FAO #WFP #UnitedNations #Expats ,1,neutral
"@user @user @user @user @user @user That maybe how comey ended, not where he started! ",1,neutral
Remarkable. Expert who investigated death of Litvinenko 'killed himself' after trip to Russia @user ,0,negative
"Senate Dems need to use the filibuster wisely, but definitely use it for Obamacare and Medicare and School Privitization. ",1,neutral
baby arugula is just as bad as grown up arugula. -Toby #ThisIsUs ,0,negative
Paln children victims of 'forced confession'  #palestine #israel #BDS #jerusalem ,0,negative
How many into gain knowledge ripped vegetarianism: uXOTRvONO ,1,neutral
"this is a very diverse & talented cast of men, but I find it hard to believe that no women wrote #NBAwards-worthy b… ",1,neutral
My Cubs to-do list: Sign Tyson Ross. Sign Kenley Jansen. Don't care about the money. Trade for Chris Archer. Trade Soler and Arrieta ,1,neutral
Harlem Salutes Fidel Castro -- Tribute and Farewell From Black Community ,1,neutral
"Dakota Access Pipeline protest, go check it out. Stuff you don't hear about on TV.#dakotapipeline #dakota... ",1,neutral
@user Now for Raul Castro and Nicolas Maduro. ,1,neutral
BREAKING NEWS PRESIDENT OBAMA TALKS ABOUT ANTI TRUMP RIOTS: via @user ,1,neutral
@user @user @user you act like they are going to give us the death penalty so there is a middle ground ,1,neutral
@user  Trump always appeared uncomfortable with chants of #LockHerUp and #DrainTheSwamp ,1,neutral
for White Supremacists/Nationalists/Alt-Rightists their central hope for the future is a return to a past as it never quite was ,0,negative
"No matter who sits on the throne, the #ShadowGovernment rules: #Trump picks #CFR #Hawk #Kissinger aide to cabinet. ",1,neutral
@user Viper. Another fucking nazi ,0,negative
@user HEY DUCK WHAT ARE YOU TALKING ABOUT MADURO AND tHE BOLIVARIAN REVOLUTION AHH COCKSUCKER?? GO TO GIVE ASS IN PARK AVENUE..EVERYDAY ,0,negative
Sharon needles is doing Melania trump n the crowd is chanting CULEERAA ,0,negative
Why has #Cameron come out of the shadows now ?He's left the country up a creak & no paddle #PoliticalWally 👎🤓✔https://t.co/dvYaRG9HKW ,0,negative
@user @user #ThankYouObama For showing US why POTUS is not an affirmative action position! #EpicFail ,1,neutral
@user @user @user @user @user that has nothing to do with your original comment about Obama admin ,1,neutral
.@realDonaldTrump promised the best and the brightest. He's giving us mediocre and rightists. America is so screwed ,0,negative
Shoutout to former Falcon great & @user guard @user for accepting job with the @user #FalconsEverywhere ,2,positive
Trump wants to build a wall on the Mexican border cause he has never heard of tunnels.  Mexicans are eagerly awaiting their invoice. ,0,negative
Government at odds with itself over #Uber? via @user #DT #BRTA ,1,neutral
Tesla Model S Hits The Track Ahead Of Electric GT Championship ,2,positive
why does everyone keep saying white supremacists care about middle eastern christians when that's clearly not the case ,0,negative
@user I'm not late 2 #GilmoreGirls but I'm late 2 ur game: 4) Sookie 3) Emily 2) Luke 1) Paris #TheLadiesAreStrong!#GilmoreGirlsTop4 ,1,neutral
Vandalism OK  as long as protest #PresidentElectTrump !?!? #DrainTheSwamp #AmericaFirst #maga  via @user ,0,negative
Micro robots a les #nitslúdiques ,1,neutral
@user call them what they really are: white supremacists. ,0,negative
"The Truth, The Whole Truth & Nothing But The Truth! These voter registration laws SHOULD B UNCONSTITUTIONAL  bc the… ",1,neutral
Kim Fatty the Third 😂😂😂😂 China has excelled itself this time 👌 ,0,negative
And the Obama's know the lyrics. YESSSSSSSS #ThankYouObama ,2,positive
Voter suppression is the biggest issue. ~the real voting-rights scandal of 2016. This was the first Presidential... ,0,negative
Leonard Cohen. 12 x 9 inch graphite pencil commission. #JunePiety #HelicStudio #art #portrait #pencil #Strathmore… ,1,neutral
Ashley takes to her first British Vogue cover: ,1,neutral
"Telling.#Assad, #Hezbollah and #YPG fight as one again, according to pro-regime sources.#Syria ",1,neutral
See #AngelaLansbury trending on @user Oh no.  reads story.Oh she just hates the idea of the live action #BeautyAndTheBeast movie. ,1,neutral
Poroshenko was allowed to fine the TV for separatism - ,1,neutral
The externalities when Linux Foundation joins #microsoft GNUOpponents of #swpatsVictims of Microsoft's patent extortion campaignTruth ,0,negative
@user george soros written all over it ,1,neutral
"@user @user also, the things Obama was blocked from doing, like fixing environment, would save far more ",1,neutral
Join #PatriotForceOne to fight progressives control of social & mainsteam media. Unite now #PJNet #Tcot #Tlot #TPP #JusticeforBenghazi4 ,2,positive
@user  @user Jeb Dont go out writing OPEDS to absolve yourself. You choose party over country. You are n American as Putin would B ,0,negative
"In a thankful gesture for lending a hand in putting out fire, #Israel shot a #Palestinian @ a #Jerusalem checkpointhttps://t.co/3d0d1n2Cox ",1,neutral
Please suspend  #ISIS accounts@safety @user @user @user @user ,1,neutral
"From #brexit to #nexit to #frexit. Netherlands on March 15th, then France in April/May.. what will Europe look like next December? ",1,neutral
We are fleeing your bombs. #migrants #paris #falseflag #syria #StopBombingSyria #libya ,0,negative
@user what do drone strikes have to do with Syria? ,1,neutral
The Media Willingly Bought Into The GOP's Bogus Clinton FBI Email Talehttps://t.co/GrB3jtbp4P@HunterHRC2016 ,1,neutral
Bday whiskeys @user with local baskets of deplorables @user @user @user @user ,1,neutral
Taked 5 mins to express your disgust to your #bank thats funding #DAPL ,0,negative
“Lead claimant in case also says newspaper coverage has incited violence against her and prevented her leading nor…” ,1,neutral
"We love you,@HillaryClinton! We are always #StillWithHer! 💙 You deserved to win!#recount #faithlesselectors #AuditTheVote You are a hero! 💙 ",2,positive
Wa Verlander playing drums ,1,neutral
"i fell sorry for the land of #Palestine who's burning, why everybody say #israelisburning? , say #ZionistAreBurning without white phosphorus ",0,negative
The fact that gay marriage wasn't legal until a couple years ago is honestly insane. How it went so long without being changed is beyond me. ,0,negative
"Catherine Deveny is a douche. I say this as a woman, a mother and an awareness that woman pay for gov keeping abort… ",0,negative
Microsoft joins Linux foundation as Platinum member. Va @user ,1,neutral
"If I just listen to the whole Leonard Cohen catalog one more time, will it start to feel okay? #fuck2016 ",1,neutral
"Bonus Morning: Husband working at cabin, boys still asleep, and no football on TV...YET. Time to catch up on @user #ThisIsUs #Family ",1,neutral
"As Rakitic & Neymar both got yellow carded against Celtic & will therefore sit out the final game in Group C, at home to M'Gladbach #fcblive ",1,neutral
"@user All over, often in silly ways. For easier reading, I’ve collected my tweets about #GoogleEarthVR here: ",1,neutral
@user Mr. Arici didn't even pretend to donate to charity while paying to undermine our country with a dictator?  ,1,neutral
"RT @user white media gon keep calling these folks ""alt right"" then run a 60 minute special asking how these people came to power. ",0,negative
"thankful that @user / @user exists. not even my state senator, but she's amazing. ",2,positive
Romulan Empire insiders announce new deep learning app that can beat a Bajoran child at Dom-jot. But can it win for Bajoran kids? ,1,neutral
Consumer Reports: Tesla's Model X Is 'Fast and Flawed' - An anonymous reader quotes a report from MarketWatch: ... ,1,neutral
"Governments, media combine to support Israel's mythical kingdom #gaza #palestine #israel #jerusalem #BDS ",1,neutral
"@user Herein lies the problem Conway said ""he is well aware of what US POLICY has been""  this was a deliberate act like Cuba Embargo ",1,neutral
Football-Leaks: Cristiano Ronaldo accused of massive tax evasion via @user ,1,neutral
Google Earth VR lets you cruise the globe like Superman ,2,positive
"At United, there are great traditions, which you can't buy in o... #CristianoRonaldo #citations ",1,neutral
Presenting Seedo: World's First Fully-Automated Hydroponic Marijuana Grow System #MedicalCannabis #MedicalMarijuana ,1,neutral
"CCFA thinks homeopathy and ""energy medicine"" are valid treatment options, go call them out ",1,neutral
"@user @user if liberals had some brain, they would focus on 2018 midterm election and move forward. They will lose everything. ",0,negative
#tech #summary:  #uber  #rival  #ola said to be seeking  #funds at 40% lower  #value ,1,neutral
"Self-driving cars may be the future commuter, but what does that mean for #infrastructure? ",1,neutral
exactly. it's a disrespectful insult to Trump and his transition team ,0,negative
Leonard Cohen thought we were all just hustling on Boogie Street: ,1,neutral
@user @user @user @user Listen 2 Mike.It will be easier2 avoid the liberals stupidity than2 try 2 understand ,0,negative
.@StephenBannon has no problem being compared to satan: ,0,negative
@user @user @user @user @user dose is the key here. Tin foil hats are more evil. ,0,negative
Fucking true 🙈💕 #Larry #LouisTomlinson #HarryStyles #love #couple #Spain #fans #onedirection #Directioner… ,2,positive
Review of @user – Ashley Graham POV Boxing Defeat #Maledom #Defeated… ,1,neutral
Director of National Intelligence James Clapper Resigns #TrumpTransition #TrumpTransitionTeam ,1,neutral
And they coulda needed that Medicaid with all th'extra coal dust they'll be suckin' in while they're a'prayin' to t… ,0,negative
"Arsonists setting fires in #Israel, now the hills of #Jerusalem are burning😥🇮🇱 #IsraelFires #arson #Arabs #Jews  ",0,negative
"@user @user Obamacare caused people to go from FT to PT jobs. Employers cut hours, especially in retail. Lost $ & insurance. ",0,negative
Sadly immigration is a real fear for many people that don't want to be be here illegally but their conditions leave… ,0,negative
@user i DON'T KNOW IF YOU HAVE READ THIS POST IN MY BLOG > IN WHICH  I HAVE USED VIDEOS ,1,neutral
@user why didn't he use executive Order! Like he's DOES with drone strikes in wars? ,1,neutral
I actually cried just playing the 3min demo at the beginning of this. I can't believe we live in a world where... ,0,negative
Hey @user when you're done messing around with GSW and you want to build a legacy give @user a go. No doubt we'd love to have you ,2,positive
"@user I find it funny that some people are like ""down with cis"" and it makes me laugh just how Nazi that sounds. ",1,neutral
Stop Cosmetic Animal Testing (CRS 225)@HSI_Canada @user @user @user @user  ,0,negative
Facebook has banned modeling pictures of Melania Knauss Trump ,0,negative
Dude in the pic low-key looks like Ricky Martin..... ,1,neutral
@user @user @user #Hillary lost PA because #Dems voted #Trump Hillary said NO Jobs for #Coal NO Jobs NO Votes ,0,negative
1D One Direction 22 inch Two Tone Teddy Bear with Varsity Jacket  #1d #onedirection ,2,positive
"Uh oh, I can't stop singing @user ""Jizz In My Pants"" but replacing ""my pants"" with ""Mike Pence."" ",2,positive
"2x06 - ""Blood Drive"" Screen Captures #BillieLourd #ScreamQueens  ",1,neutral
#UnitedNations what's the point just another talking shop.. running around  shaking a stick .. as much good as a scarecrow. No notice taken ,0,negative
Pope Francis Urges Scientists to Find Solution for Climate Change  ,1,neutral
"College degree...no took down the website...copy Michelle speech..deny,deny....lying Melania… ",0,negative
Anti-Trump Organizers Now Want The Electoral College To Vote ... #Election #ElectoralCollege #Buzz… ,1,neutral
NOT JUST A BLACK BOX; INTERPRETABLE DEEP LEARNING FOR GENOMICS - Silicon Valley Big Data Scien... via @user ,1,neutral
There's not enough hair to track all the death. #BlackLivesMatter Reminds of cool art @ Seattle AfAm Museum @user ,1,neutral
#nikki minaj nude pictures ashley graham nude ,1,neutral
<-A Very Sexy Lesbian Couple. A & J #nsfw #bath #bubble  #onedirection ,1,neutral
@user is not going to approve of Mike Pence doing all this Goblin Kissing! #TrumpTransitionTeam #MAGA ,0,negative
UK government rejects MPs' criticism of #Libya intervention ,1,neutral
Or Carmen Young and have initials CY ,1,neutral
@user @user 1. Luke2. Sookie3. Logan4. Dean#GilmoreGirlsTop4 ,1,neutral
Another #oil producer's under pressure to devalue its currency & fight a booming black market for #dollars. #Libya.… ,1,neutral
@user @user @user Here is the California Voter Registration Form. #illigal immigrants vote here like… ,1,neutral
traffic is social & self-driving cars will become actors in that social context ,1,neutral
@user #hatchimals yes please! ,1,neutral
LeBron James prepares to pay off bet by wearing Cubs uniform Friday ,1,neutral
RE: Christian Ronaldo's new hair: It's been worse. #Mensstyle #Mensfashion ,1,neutral
So true. #DrainTheSwamp & start with #NeverRomney. @user ,1,neutral
@user Hey @user China's CENSORSHIP Policy sounds A LOT LIKE @user #Fascist PC #Censorship of ideas ,0,negative
#Turkey-EU: forced marriage. #Erdogan continues to abuse the #EU by both supporting #ISIS and creating one #refugeecrisis after another. ,0,negative
1st Pick For POTUS: the fact that Palin was Bannon's dream candidate tells u everything u need to know about Bannon  ,1,neutral
#Hawaii Introduces Bill to Tighten Gun Control » #AlexJones' Infowars: There's a war on... ,1,neutral
"@user ah I have a few! Persona 5, South Park, Horizon, Detroit and RDR2! Far too many haha. ",1,neutral
@user #FantasticBeasts #cheltenham #datenight #IMAX SO EXCITED TO SEE THIS! ,2,positive
Kids can join us this evening in the party room for some 3D printing! ,2,positive
Only 82 days left until Valentines Day ,2,positive
@user @user Just got blocked by Davey. Just shows you how thin skinned rightists eh? Can't take a joke #Pussies ,0,negative
@user This is a big problem with conservatives. You have to be respectful and present your argument intellectually. ,1,neutral
@user @user Nothing says racial justice like defending voter suppression as good when democrats do it. ,1,neutral
@user joins the @user #developer #art #design ,1,neutral
"""drone strikes in Afghanistan were 10 times more likely to kill civilians than conventional aircraft.""  whoops!https://t.co/NW4nUzM1is ",0,negative
Ariana Grande - 2015 NYC Pride Dance On The Pier #ArianaGrande ,1,neutral
Secret recordings reveal Dublin pregnancy centre advising women that abortion leads to #breastcancer. #repealthe8th ,0,negative
10 free taxi rides w/ Lyft #NYC #Broadway #hamilton #nyctheatre Use code NUMB #newyork #timeout #lyft #uber #ny ,1,neutral
"Congratulations Mr.Trump, YOU just lost the popular vote by over 2,000,000. ",0,negative
"Why the Internet of Things is a matter of power, data and security - ",1,neutral
#BaseBall #Buzz 2012 OFFICIAL WORLD SERIES PROGRAM BRAND NEW #Detroit #Tigers VERLANDER CABRERA #Forsale #Deals ,1,neutral
"🔉 Leo #Messi: ""I am very happy with the game we played at Celtic Park, and for qualifying (to the knockout stages)""… ",2,positive
"@user it's a joke, but maybe don't be the biggest sweetheart to kim jong un ",0,negative
We mustn't allow fears over immigration to make us lose 'a common sense of what it is to be British' - The… #uk #fb ,0,negative
Highland Council Website achieves Gold Standard for digital accessibility #LocalGov #LocalGovDigital #accessibility ,1,neutral
@user I work in Medicaid benefit determination and it blows my mind that some of my clients may have voted for Trump. ,0,negative
10 Medical Marijuana Industry Facts - WMNews Ep. 24 ,1,neutral
@user Always thought he was a patriot but now that DC/Clinton corruption is exposed he & GW don't seem so patriotic😕#draintheswamp ,0,negative
@user Remember when you mentioned Wright-Patterson AFB/USAF Museum on the Campaign trail?… ,1,neutral
When you want to try vegetarianism but you can't find good recipes and then you stumble upon an awesome-looking vegan site! 😍 ,2,positive
#Islam expert: Erdogan continues to support #Hamas ,1,neutral
@user Already have massive voter suppression. ,1,neutral
A French photographer has #3Dprinted a camera lens and maintained the quality of his photos - @user ,2,positive
I liked a @user video from @user Watch Me Troll The Young Turks at Trump Protest in NYC (Excerpt ,2,positive
#Hatchimals is one of the 14 coolest toys for the holiday season - #CNNMoney ,2,positive
"@user ""British values""?  What are they?  Fear of foreigners?  Blaming immigration for all our woes?  I think we should be told. ",1,neutral
.@poroshenko Names Mushka #Ambassador To #Slovakia ,1,neutral
"@user @user @user I tend to agree.  I was basing my observations on lectures given by different ""alt-rightists"" ",1,neutral
"""As liberals raised fears about hacked voting machines..""Months after the donald did.#AuditTheVotehttps://t.co/p2eyQyFpQL via @user ",0,negative
@user @user why did trump appoint Steve Bannon in his cabinet who openly racism and support KKK.This guy will save th wrld? ,0,negative
@user please talk truth to power with your pops us deplorables dont want bitch romney ,0,negative
"@user @user @user @user result of libs experiments: millions dead, countries destroye… ",0,negative
@user Imagine Poroshenko & Co. saying this ,1,neutral
"@user I know. This, TPP, expanded wars and drone strikes, mass surveillance, on and on... ",0,negative
BREAKING NEWS for Miron Ebell!!! #TrumpTransitionTeam #EPA ,1,neutral
#Soros  Prayers for a hedge of protection for President Trump and our men and women in uniform and all who protect… ,1,neutral
"Japan prepares for NUCLEAR war with North Korea's Genocidal Dictator, ""Fat Bastard"" Kim Jong-Un ",0,negative
"You say change the world yet cling to the past whether it be white supremacy, reliance on fossil fuels, or the fact… ",0,negative
"@user @user Big Mistake to mess with Mr Putin! He is from the trenches, smart and capable! @user ",1,neutral
"Pope Francis: convert, for God’s kingdom is in our midst ",2,positive
"@user that's not true you have 60million Trumpsters who hate you, boycott your show and think you are a smug arrogant bitch ",0,negative
"#TheWalkingDead star, Tom Payne and #JurassicPark legend, Sam Neill are featured in this #MindGamers new trailer.... ",1,neutral
"Expectations Are High For Trump’s Moves On Abortion, But Sweeping Changes Are Unlikely via… ",1,neutral
"If a ""thing"" is accessible through the Internet, someone else can control it, exploit it, break it, or steal it.… ",0,negative
It's always odd to me when ppl / analysts say this ... it's like saying The Royals Bullpen should win Cy Young ,0,negative
TONIGHT at the Leaf: Gravity A // night after Thanksgiving party // Maple Leaf! Bring your ticket stub from the... ,2,positive
"Steve Bannon look like the type of dude to hang out in front of liquor stores all day handing out ""Hillary is Satan… ",0,negative
@user agreed. This recount has to happen and fast. @user @user @user @user ,1,neutral
Hanging Hearts – Valentines door decor  My Etsy listings: ,1,neutral
#glory #duet at the #thankyouobama concert with @user and yolandaadams killed it. Her voice is… ,2,positive
"@user Yeah, ima respect this Admin as much as they respected Obama's ",0,negative
PURE COMEDY. From a supporter of #Hamas and Islamic Jihad. @user ,1,neutral
#Iran rejects Israel's claim of arms transfers to #Hezbollah on commercial flights - 'absurd and evidence-free' ,1,neutral
"""oh he just saying this stuff to get elected"" said in relation to - repeal & replace Obamacare - Muslim (cont) ",1,neutral
#DrainTheSwamp has translated to stocking the swamp with a kleptocrat's cronies.#DumpTrump #NotMyPresident ,0,negative
@user it's that logic that leads you to believe that the embargo on Cuba had nothing to do with their living conditions. ,1,neutral
@user @user @user he's not hiring white supremacists snowflake. Try again and don't believe the sycophant media. ,0,negative
consider the level of privilege it takes to be demonstrably more concerned with trump's tweets than drone strikes on muslim civilians ,0,negative
Steve Bannon: A closer look at Trump’s chief strategist ,1,neutral
3 yrs already 😭😭😭#3yearofMidnightmemories  #onedirection ,1,neutral
"Minecraft modded lets play ep3 : I found Pickel,5 chance cubs, and magical bed rock: via @user ",2,positive
"Mostly the 2006 interview.... Via @user #LeonardCohen On Poetry, Music And Why He Left The Zen Monastery  #freshair ",1,neutral
"When you read this you immediately know it can't be true.. ""Cristiano #Ronaldo wired the money #STRAIGHT to the British Virgin islands"". ",1,neutral
"SW & Richard Alderson discuss 1966 Live Recordings & Bob Dylan in America, NYC, 12/5, 6 pm  ",1,neutral
How the #uber case will help local taxi firms in the UK -  #uberdriver #taxi #transport #jobs #wages #bristol ,2,positive
"@user And once again, whiny rich white liberals with their parent's credit cards are out money.And today was… ",0,negative
I think its so interesting that half of Cubans are mourning the loss of Fidel Castro while the other half are celebrating ,0,negative
"I bought Seventh Generation Hand Wash, Fresh Citrus, 12 Ounce in support of End Animal Testing... ",1,neutral
"The 10 most difficult countries to visit, according to the man who's visited every single onehttps://t.co/1wCVUwnuXh#Libya #News ",1,neutral
"@user also, Pope Francis (Chief Illuminati) said Trump was ""un-Christian"" I had a feeling he was really not… ",0,negative
"@user Did you ever research the Clintons, or Soros, or read the wikileaks, or see how BLM or the anti-Trump riots started? ",1,neutral
#IAmTinaToo Stop #Cuadrilla from #fracking  #BankruptCuadrilla #ECOCIDE ,1,neutral
The latest Fashion Hub! #mannequinchallenge #beautyandthebeast ,2,positive
#Quoteoftheday by Pope Francis.  He is the 266th and current Pope of the Roman Catholic Church ,1,neutral
@user Justin Verlander not winning the Cy Young. I'm thankful ,2,positive
"Anyone admit ""was going to vote for Clinton until the Comey letter switched me to a far-right wing supporter of fascism."" ",0,negative
"Michael Moore: They Voted For A Guy Named ‘Hussein’ Twice, Trump Voters Are Not Racist ",1,neutral
Cable Girls Rheineck Wonna ,1,neutral
1. Sokie2. Michel3. Paris4. Emily#GilmoreGirlsTop4 ,1,neutral
"And there we have it, we are certainly living in the end times: Microsoft Joins The Linux Foundation ",1,neutral
What if I told you I hate trump because of my own thoughts and beliefs not because Michael Moore called me up and t… ,0,negative
"HEY OLD MAN, PRACTICING BLOW JOBS ON A MIKE, UNLESS IT'S A PENCE, IS A WASTE OF TIME. YOU HAVE PLENTY OF REAL MEAT… ",0,negative
"I liked a @user video This Ain't No Westworld, We Make Our Choices! ",2,positive
For #BeautyAndTheBeast only #CelineDion can resing this classic! ,2,positive
‘A twist within a twist’: Fans react to ‘Westworld’ season one finale ,1,neutral
"@user @user Mass is already behind Corbyn, but he continues to appease the Blairites.The rightists must be kicked out. ",0,negative
"@user just remind her not to step in the Bannon the dog left in the yard as in ""Look out! Don't step into that pile of Steve Bannon!"" ",0,negative
Happy #Spanksgiving from the #Bitangstaz-- you know we had to do the #mannequinchallenge lol!… ,2,positive
Proposed Bills Would Ban Fracking In Florida ,1,neutral
"#BlackLivesMatter planning to disrupt #BlackFriday Shoppers in Chicago. Rahm Emanuel can't keep citizens safe, but… ",1,neutral
@user That title goes to Xi Jinping & China got much bolder after DT said he'll tear up TPP completely. It needed work true but srsly ,1,neutral
"with the Electoral College being decided by 0.06% of the vote, there's no way you can trace it to any one cause ",1,neutral
Happened upon #LoveAndHappiness #AnObamaCelebration on @user #ThankYouObama ... #Seriously #YouWillBeMissed #BlessYou #Love #Classy #Honor ,2,positive
7+ TOP YouTube #VideoMarketing Stats Markets have learned their lessons from Brexit and T… ,1,neutral
@user You deplorables haven't been saying Merry Christmas because you thought you weren't allowed...bwahahahaha now that's funny! 😂😂😂 ,1,neutral
Interesting that recounts are only in states where Trump won. What about #TheWalkingDead? California should be main… ,0,negative
Chris Rock says #neverforget #charliebrownthanksgiving had Franklin sitting alone #BlackLivesMatter #SayHerName… ,1,neutral
"@user LOVE IT! You gotta try budget cuts first! OH GOD NO, GOOGLE EARTH VR will blow you away man! ",2,positive
"One thing we're learning about Trump is that his train of thought rarely runs on a single track, writes Ron Elving ",0,negative
Guess I'm about to catch up on #ScreamQueens ,1,neutral
"Microsoft—yes, Microsoft—joins the Linux Foundation ",1,neutral
Going to see #FantasticBeasts again with my mum tonight! #magizoologist #lookingformagicalcreatures… ,2,positive
This is Iraqi Armyhumanity and kindness and protectionNo more #ISISISIS is passing and dissipate#MosulOffensive… ,1,neutral
Hillary supporters...... Two 'ZIO Supremacists' have to point out great moments - these CUCKS truly care? ,0,negative
"Translation: after ""bad hombres"" TV, it's back to more sanguine political debates. ",1,neutral
@user I've heard worried educators discuss this in the context of veganism/vegetarianism too. Made me shiver. ,1,neutral
Russia: Steven Seagal receives Russian passport from Putin via @user @user ,1,neutral
I am a hipster muppet who enjoys authoritarian fracking . Support our troops. ,2,positive
@user Democrats will always b on the defensive. Warren said she would protest changes Trump seeks 2 make 2 the agency she helped create. ,0,negative
Enough Already! Trump is in Transition ,0,negative
Save 33%! - MLB Chicago Cubs Kid's Jersey Toothbrush #sports #siskiyou ,1,neutral
"@user @user @user @user they're stupid then. Minimum wage, tax credits, new hospitals & schools. All Labour. ",0,negative
What will they bring in next? Euthanasia for the disabled? ,0,negative
#Dbacks Randy Johnson Arizona #Diamondbacks 2002 Cy Young Award Bobblehead #Collectible ,1,neutral
"#SeaPorDIos Porque como dijo el Premio Nobel:Bob Dylan:""how many years can some people existbefore they're... ",1,neutral
@user @user As well as seeing black activists criticise the word's appropriation I've seen leftists & lib use it on each other ,0,negative
Partido para hoy @user @user vs @user 22:00 hs1️⃣7️⃣ Fecha ,1,neutral
Before I built a wall {on the Mexican border}I'd ask to knowWhat I was walling inor walling out   - Robert Frost (with my apologies) ,1,neutral
Hey @user I want @user to record the theme song... Once again #beautyandthebeast cc @user ,2,positive
Minimum wage went up in co Outside of people making minimum wage where I work the owner was only planning in giving ten cent raises for ,1,neutral
@user @user Unless your name is Tony Romo... ,1,neutral
#payforplay begins in earnest! #maga and you suckers thought Clinton was bad? ,0,negative
Much respect for Fidel Castro - his desire to avoid a cult of personality and so no monuments&streets to his name. A true leader indeed. ,2,positive
galaxy allo dictionary of garbage note 7 fire ios exynos 🍆 🍆 ,0,negative
#WESTWORLD Dolores is MF Wyatt mutherfuckerrrrrrr I don't think I've guessed one MF thing I love shows like this ,0,negative
@user @user YES! Conservatives HATE facts! ,0,negative
"@user @user Adrian already admitted months ago, no evidence vegetarianism affected son's pre-existing condition. @user ",1,neutral
@user @user  Let's keep recounting-we can bury this popular vote complaint- get those extra questionable votes removed lol ,1,neutral
Use of HTC VIVE Virtual Reality-My Experience with Google Earth VR  ,1,neutral
$10 says Tony Romo moves to a new team since Dallas is literally having their best season without him. ,1,neutral
If they try to steal the election with this recount just start the civil war already. It is the perfect excuse to kill all of the leftists. ,0,negative
"In pictures: Palestinian Civil Defense assists in putting out fires in #Haifa, #Jerusalem #Palestine #Israel… ",1,neutral
Florida really needs to #AudittheVote too. #NotMyPresident #TrumpProtest #imwithher #VoteRecount #Election2016 #stillwithher #werestillhere ,1,neutral
"@user Jack, you know no one can eclipse Cristiano Ronaldo, the sun king of sports. Not even Cam Newton. ",2,positive
@user the non equality of votes is an America paradox such as death penalty and racism. Until this isn't fixed America won't lead. ,0,negative
"What pranks will be left for Trump's team? White House Vandalized In Transition, G.A.O. Finds ",0,negative
"Omfg in china they call kim jong un ""kim fatty the third"" ",0,negative
"@user @user @user one thing is to have an opinion about something, another to go after her the way some ppl are ",1,neutral
haghtag-MyFAMILYWEIR my stepgrandma facial features=FBI Director Comey(Jap decendent)=bothR Jap SPIES. W appointed Comey=DUMMY or INSIDIOUS? ,0,negative
Really like the @user Earth #VR experience #exploration #killerapp #nonfiction ,2,positive
"Venezuela: Maduro calls for ""rebellion of Venezuelan women"": Thousands of people took the streets of Caracas on… ",1,neutral
"@user @user @user we need to put ""white liberals"" in labor camps separated by sex for life ",0,negative
I mean. He won't try to kill her and that's probably the worse thing for him. #Westworld ,1,neutral
"@user But grocery dudes get paid full minimum wage, thats the difference, they don't rely on tips. ",1,neutral
Negative?]*does a huge garbage bags bc i like anymore except for PS3 wow. north american persona 5! — ,0,negative
"Eventually facts cant be ignored: ""Rockefeller charity withdraws investments in fossil fuels"" #keepitintheground ",1,neutral
"@user I blame both pro investor trade parties, Libs & Cons for agreements that have investor protections i.e. NAFTA, FIPA, CETA, TPP ",0,negative
"@user @user with all due respect, Hillary's base are misinformed robots. Who will please & do as told. 😞 ",0,negative
Is This the Most Bizarre Cristiano Ronaldo Commercial You've Ever Seen? via @user ,1,neutral
Westworld.Damn.There is life after Game of Thrones. ,2,positive
"China Censors ‘Kim Fatty the Third’ From Search After North Korean Request, #KimFattytheThird,  Has a nice ring ",1,neutral
@user @user Right!  Now I'd like your opinions about why Nigel Farage & entourage is coming to meet w/Trump transition in Dec. ,1,neutral
#Burundi opposition urges  #UnitedNations to take over #EAC talks and send troops 'to protect civilians' @user ,1,neutral
Deep Learning: A Practitioner's Approach here  #deeplearning @user ,1,neutral
@user @user @user Keith your jets might get Tony Romo next year either way he's not coming back to Dallas ,1,neutral
240 Fact-Checked Promises #PresidentObama Has Kept ,1,neutral
You can make jokes about killing kids in drone strikes but non consensual sex jokes are off limits ,0,negative
Quick favor - how to politely end conversation with an over chatty #uber driver? ,2,positive
"It is time we Georgians did not depend only on others, it is tim... #MikheilSaakashvili #quotes ",2,positive
"@user If the popular vote counted at all we wouldn't be having this conversation. Trump won. He's a jerk, but he did win. ",1,neutral
"@user @user @user Gov Jerry Brown-CA, implemented voter auto-registration when you get a driver's license. ",1,neutral
Currently watching this Love & Happiness musical in the WH and I'm crying that POTUS is talmbout twerking in his intro. #ThankYouObama ,2,positive
Mamadi Diakite WILL break some poor guy's nose this season with a blocked shot. If it happened to be Grayson Allen... ,0,negative
@user @user As gay man I'm appalled at Democrats doing nothing. Gay marriage Hillary & Obama were against until it was safe ,0,negative
@user @user It's UNIMPORTANT who won the popular vote. THAT'S NOT HOW WE ELECT OUR PRESIDENT IN THE UNITED STATES! ,0,negative
On sustainable goals... more countries are making pledges to drop the use of fossil fuels and… ,2,positive
ask them what they'd feel if Brexit was called off now... ,1,neutral
#UsefulNewVerbs Don't make me galaxy note 7 on you...🙄 ,0,negative
DolarToday ,1,neutral
@user A photo search on Google only returned images of David Cameron and Kim Jong-un ,1,neutral
Israel Threatens Int'l Criminal Court With Retribution #gaza #palestine #israel #BDS ,0,negative
@user No solution to a free press and a supposedly civil liberty society. We can pass real gun control maybe for AR rifles. ,1,neutral
"@user Who cares about stupid cabinet ""contestants"". Write about all the laws that have been and will be broken in the trump regime. Thnx ",0,negative
Grayson Allen could sneeze and someone would get charged with a foul for giving him a cold ,1,neutral
Topics described as too classified for #Raphel to discuss:-#drone strikes-coup rumors-#Taliban reconciliation..All in the news every day ,1,neutral
My idols are #littlemix #justinbieber #arianagrande ,2,positive
watching this david blaine shit on netflix and this mf is crazy ,0,negative
I was working a minimum wage job from 8.50 and got promoted now I'm gonna be an assistant manager and I'm going to a new store ,2,positive
"@user and Michael Moore in a 45 min wide-ranging, civil and informative election talk via @user ",2,positive
Begala: I got a better deal through Obamacare ,1,neutral
lmao at all the libs who are worried about whats gonna happen to gun control... my dudes we are way past that level of effete value signals ,1,neutral
"2day we celebrate #Libya’n #women working 4 peace, protection women & girls & supporting #ViolenceAgainstWomen surv… ",2,positive
Lady in red: Brittnee Blair in the #AshleyGrahamxswimsuitsforall Double-Cross Siren Bikini.Shop Now:… ,1,neutral
"BRAZIL! Zac Efron has something to tell his Brazilian fans that can't wait to watch ""VIZINHOS"" (Neighbors) ",2,positive
Retail Innovations and Solutions for Business is out! Stories via @user #nationalfastfoodday ,2,positive
"@user NICOLAS MADURO Y CILIA FLORES AMONG OTHERS, MANAGE THE INTERNATIONAL DRUG TRAFFICKING FROM THE PRESIDENTIAL PALACE(MIRAFLORES). ",0,negative
#Microsoft Joins The #Linux Foundationhttps://t.co/uc7CbNo401 ,1,neutral
"They’ve been working on this for a long time - drive the Medicare and Social Security systems insolvent, declare th… ",0,negative
Story@independentrexhttp://goo.gl/F4zcCZ Vehicle Carrying Fidel Castro's Ashes … see more ,1,neutral
@user happy thanksgiving to the verlander family. ,2,positive
"Beyond these, #Trudeau has the same old-fashioned approach to terrorism & supports the ecologically disastrous #TPP.https://t.co/QnabnbRZyr ",0,negative
Anyone but Marine Le Pen in France. ,1,neutral
"It is also fantastic for pain. I am in pain 24/7 from my hip, but with medical marijuana, I can function and also... ",2,positive
Here’s What Samsung Plans to Do Differently with the Galaxy S8 ,1,neutral
It's #NationalFastFoodDay fill up on greasy goodness and then settle that stomach with our Nana Mint Ginger with Lemon Signature Tea! ,2,positive
@user @user @user @user @user @user how about the states Hillary won by less votes??? Them too? ,0,negative
"If you think the electoral college should be terminated, you have no logic... ",0,negative
The trolls and bots are out in force tonight. #ThanksPutin! @user  #KremlinTrolls @user #TrumpWon ,1,neutral
"The Beatles, Bob Dylan, The Byrds... and #BigData? ~ via @user ",1,neutral
"""did u ever read that essay about the kids in asia??? "" ... euthanasia ",1,neutral
Drill baby drill... and devaluate? #libya #mena #oil #politicalriskhttps://t.co/1iBbCebyKj ,1,neutral
@user zac efron n vanessa hudgens are back together????! ,1,neutral
Some doctors say palliative care is better than voluntary euthanasia. Better for who exactly? #vicpol #auspol ,1,neutral
AI is changing the world.kudos to Deep learning ! ,2,positive
....yeah or just gun control ,1,neutral
Fidel Castro interred in granite boulder - PICS Cuban revolutionary Fidel Castro's ashes were encased in a large g… ,1,neutral
@user the reality is that anyone who made a big splash in their teens & is now not in a 20-something or eligible for social security ,0,negative
@user @user The wall will be 35-50 ft highhttps://t.co/IzS4sKJ9C1 ,1,neutral
@user @user but also Michael Moore. Weird mix. ,0,negative
#free online essay writing #thesis proposal writing ,1,neutral
#Polish authorities want more #surveillance #Polska #Poland #inwigilacja #security #bezpieczeństwo #EU #encryption ,1,neutral
What is y'alls social security number? You know just to keep it safe for y'all just in case y'all forget... #4OUQA ,1,neutral
OPINION : Cuba performed a miracle by maintaining sovereigntyFidel Castro’s life prompts us to ask afresh some... ,2,positive
@user @user @user #Palestine link -==>  ,1,neutral
"@user spent a cold weekend @ the Dakota Access #Pipeline, reports on the spiritual heart of the story.… ",1,neutral
Never expected @user drivers to make you an @user espresso whilst waiting! Loving Liverpool and Craig out #uber driver ,2,positive
"@user Unfortunately this Govt has changed the narrative. From social justice, it has diverted people's mind to (misplaced)security ",0,negative
"im like a hawaiian roll still in the bag because your mom won't let you open it because ""they for thanksgiving"" ",1,neutral
@user @user @user OMG 😍😍 All images and the Trailer of #BeautyAndTheBeast look AMAZING!!… ,2,positive
Congrats to @user @user & @user for their #NBAwards. Thank you for telling your stories. ,2,positive
@user lol alright alright ,1,neutral
"Pelosi and Warren met with George Soros last weekend. Now a recount really,Jill Stein how much did Soros pay you to ask for this recount? ",0,negative
"forest fires in Israel, my advice to Israel, kick out all islamic people (bad hombres) once&for all: via ",0,negative
My top sports teams.- Toronto blue jays-Chicago bulls-Colorado rockies-Denver broncos -Chicago cubs 😊👍 ,2,positive
"@user Petro, in answer to your question about abolishing EU visas for Ukraine, I say the following: ",1,neutral
"@user 11/ California deliberately undermined the integrity of voter registration process, therefore Trump can say what he likes. ",0,negative
"@user why ""almost Latina"" Hillary did not already work this for you #epicfail Hope they release him! #FreeOscarLopezRivera ",1,neutral
Wikileaks: Clinton Foundation Inside Information Raises Questions About Bill Clinton | TIME ,0,negative
We need to start talking more about how Grayson Allen can play point guard in the NBA. Such a terrific and willing passer ,2,positive
#sexy girls get fucked for first time zac efron and vanessa hugens having sex ,1,neutral
@user @user ROFL!!! 😂😂😂😂 ,2,positive
Aid shipment arrives to families who left Aleppo eastern neighborhoods #Syria ,1,neutral
"New environmental documentary 'Before The Flood' stars Obama, Pope Francis and Leo DiCaprio  #environment ",1,neutral
Pray for Aleppo! O God please help these people!  😔 ,1,neutral
@user Saakashvili's reckless disregard for the well-being of #lUkraine is reprehensible >@pmakela1 @user @user ,0,negative
"President-elect Trump could make big bucks from Dakota Access Pipeline, @user reports ",0,negative
.@OliverElner Muslims have a special decoding ring that shows #Jerusalem in the Koran 🙄@Joyce_Karam @user @user #israel ,1,neutral
Wow 😳 what will they think of next? #Hatchimals ,2,positive
Modified tesla model s hearse offers ev ride to #TechNews #Tech #News #Gadget #Apps ,1,neutral
White people: those are some bad hombres. Build the wall. Maga Also white people: Feliz Navidad my amigos ,0,negative
Dump The Electoral College? New Poll Suggests Otherwise ,1,neutral
#Music #ArianaGrande-THE REMIX-JAPAN ONLY #CD E78 #Bestseller #Hit ,1,neutral
"Framing anti-idpol leftists as ""alt"" makes the job of the kind of psyop tankies that attack zizek too easy. ",1,neutral
#Iran Using #CommercialPlanes To Smuggle Weapons @user #tcot #p2 #hezbollah #houthi #gwot… ,1,neutral
Tonight feels like a coffee cake kinda night. Let's beat #NationalFastFoodDay!! ,2,positive
@user More👇Mahatma Gandhi 1930Pope John XXIII 1962Pope Francis 2013Finger stuck while applyig burnol?https://t.co/PmAgr4Qi6D ,1,neutral
Current situation. Is Black Friday dying out? #uber #lyft @ Target… ,1,neutral
"#Iraq:#Ameri""the security forces and the #PMU are coherent bloc,#Iraqi_people stand behind them… ",1,neutral
#Hezbollah & #Russia in 1st direct military meeting: report ,1,neutral
I liked a @user video Remember the Clinton Foundation! ,2,positive
"Remember, it always comes in three's ... Florence Henderson, Fidel Castro and the next will be .......Cross your fi… ",0,negative
"Since Melania & Baron won't move to the White House, secret service has to rent floor space in Trump tower at the cost $1.5M per yr in rent ",1,neutral
"#Yemen Another $100,000 lost or damaged - Hilarious ",0,negative
Republicans have created replacements for Soros/Clinton Nazi ObamaHealthcare but it would have never seen the... ,0,negative
#Spurs #GoSpursGo 2011-12 Panini Black Box #/99 TIM DUNCAN Black Status Elite Rare SPURS!!!! #TimDuncan #NBA ,2,positive
#Spurs #GoSpursGo TIm Duncan 1998-99 Upper Deck Super Powers Spurs #Card #S24 #TimDuncan #NBA ,2,positive
Victims come forward and testify against  Pope Francis for raping them when they where children. This isn't the... ,0,negative
"@user @user @user @user @user Shame on you DixonRacist, sexist hypocriteShame on you ",0,negative
Car and Driver | Self-driving cars will soon roam the dilapidated grounds... ,1,neutral
"""Fatty Kim the Third"" is now a blocked search in China, being that it's the name given to Kim Jong-un by the fuckin… ",0,negative
Colson Whitehead's #NBAwards win was some of the biggest news in the book world—and the solar system! ,2,positive
"@user @user Probably not but ok man, and Trump didnt base his campaign on the popular vote, he based it on the electoral college ",1,neutral
@user @user ...time for you to go down to riverwalk for coffee !Buh bye...... ,1,neutral
ITS A GALAXY NOTE 7! (Vine by @user ,2,positive
"The alt right are nazis. Steve Bannon ran Breitbart, the platform for the alt right. Steve Bannon is in the white h… ",1,neutral
.@JustinTrudeau just as much as selling women out for a perceived peace that doesn't really mean peace? @user @user @user ,0,negative
@user @user @user We can exit & stop paying the undemocratic EU today with one order from our PM backed by MP's in Parliament. ,0,negative
"It was a law placed to overturn the Denton Fracking Ban (tx), that didn't let fracking around schools or where people live ",0,negative
FBI'S COMEY Dealt With Hillary's Shady Whitewater Scandal 20 Years Ago! ,1,neutral
"#podesta#pizzagate#clintons#Obama#pelosi#harryreid#Cnn#Msm#radicalislam#spiritcookingTHIS IS EVIL AMERICA, LOOK AT IT AND KNOW IT. ",0,negative
@user  @user 1of2 - Mentioning Popular Vote w/out explaining how MASS IMMIGRATION affects it - is like mentioning the collapse of the - - ,1,neutral
How #deeplearning is powering video #SEO: ,2,positive
Tom Brady is a patriot. @user and @user were right. Obama created spy gate to distract public from dro… ,1,neutral
@user @user @user Federica with a war criminal ,0,negative
"UN-SRSG,Martin Kobler, calls on Libyan parties to implement #Ashkirat's agreement and get out of the ""political dep… ",1,neutral
Analysis: #Iraq Popular Mobilization Forces in #Iran’s game plan #IRGC #US #EU #UN #Syria #Hezbollah… ,1,neutral
@user @user @user Bank bailouts.  Same thing happened to Obama admin. ,0,negative
@user The popular vote that backfires is this year's big lesson to the elites. ,0,negative
Didn't Grayson Allen get eliminated from the election in the primaries? Oh wait. Nevermind. #fuckduke ,0,negative
Convicted Anti-Christian Domestic Terrorist Sentenced to 25 Years in Prison - Breitbart via @user ,0,negative
@user #GilmoreGirlsTop4 1. Paris 2. Emily 3. Michel 4. Sookie ,1,neutral
#TrumpTransitionTeam pie chart to applicants: Those NOT in the #HUGE slice - need not applyMe: #foh #ftw… ,0,negative
"Russia playing Trump and TRUMPERS,never underestimate your opponent and RUSSIA is our opponent,Putin wants USSR and… ",1,neutral
"Melania, unmuted: Melania Trump gave a speech using her own words,which  reminded us why women can’t relate to her  ",0,negative
Messi during a promotional event for his Adidas boots on Thursday #fcblive [reuters] ,1,neutral
Legal framework for challenging U.S. election by brilliant Larry @user ,2,positive
"@user #Assad regime, #Hezbollah and #YPG will capture #Al_Bab and more, if #Turkey doesn't act now. ",0,negative
"Castro, Leonard Cohen, Prince and Bowie are jamming together in heaven. It sounds like garbage. ""Why is Castro here?"" the other 3 are saying ",0,negative
Trump's wall on the Mexican border is just copying what Dhul-Qarnayn did to the Yajjuj Majjuj. #islamicmythologyjokes ,1,neutral
Michelle Obama- Girl's Education- Brilliant- Role ModelMelania Trump- Nothing- Stole speech- Married Trump <-- that's saying enough ,0,negative
"I've literally been seeing & hearing Leonard Cohen's ""Hallelujah"" EVERYWHERE. ",2,positive
Firefighters Battle Blazes In #Jerusalem Area Overnight ,1,neutral
You obviously attended a Saudi-funded Madrasa - you support #Hamas & #Hezbollah = two know terrorist organizations.… ,1,neutral
OK. I'll admit it: pigs do indeed fly - (unless that's another *fake* news story...) ,0,negative
"Everyone Google STEVE BANNON and shock, it means so much, I understood I wish it was illegal to my heart w ",2,positive
Natural resource exploitation in the Dead Sea area - The case of Ahava #gaza #palestine #israel #BDS ,1,neutral
The Media is putting out fake news.They are  trying to  piss us off. Get real news  from #TrumpTransitionTeam page  ,0,negative
#Russia says proposed #UN resolution on #Aleppo 'provocative step'https://t.co/g3s05O7hxK ,1,neutral
TF when you can't get your paycheck from George Soros. ,0,negative
You just know Ben Carson's former PAC staff is out there fuming over this ,1,neutral
@user Sen. Warren: Congressional action is warranted: ,1,neutral
Ash y Shay han pasado juntas Thanksgiving <3 ,2,positive
"When it's a joke it's ok, but when you take that shit seriously you remind me of a David Blaine/Ms. Cleo wanna be ",0,negative
Valentines Lace Teddy Open Back & Garters Red L/XL ,1,neutral
Yes I support equality for ALL and love gay marriage LAW. No you won't overturn it because you are scared of the LG… ,1,neutral
Clueless Nancy Pelosi: Too much is being made of Clinton emails ,1,neutral
2 Electoral College members try to take victory from Trump ,1,neutral
@user Trump didn't respect Obama. Everytime Conway and Trump open their mouth to protest something its cuz they have already done it ,0,negative
@user @user the property deals in Kyiv he did with Poroshenko included? ,1,neutral
@user thank you for being honest #ThisIsUs ,2,positive
#KobeBryant #Cards 2011 Panini Gold Standard Kobe Bryant Rare Auto Lakers Jersey On Card #17/49… #Kobe #Card #Deals ,2,positive
How can #Canada condone torture? #UnitedNations ,1,neutral
"Is it now 30 days until Christmas. Time to join bandwagons of avatars.""Persona 5 Christmas icon"" by NekoDesiree… ",1,neutral
@user yeah I know I understand him and can respect as such is returned @user @user @user @user @user ,2,positive
"New stuff from #WikiLeaks 200 emails, 300 PDF docs. #YemenFiles #YemenCrisis #Yemen #HillarysEmails #YemenEmails ",1,neutral
"If not for voter suppression and machine finagling, Hillary would be transitioning. 2.5 million votes says so. Pelo… ",1,neutral
Good morning to the world.If is coffee get it fused.Order now @ #workingout #monday… ,2,positive
😢😢 thats below minimum living wage that people in marikana where killed for ,0,negative
@user I like Trey Gowdy for AG #TrumpTransitionTeam #Trump2016 ,2,positive
"#GilmoreGirlsTop4 4. Mrs. Kim 3. Emily 2. Luke 1. Paris, without a doubt! ",1,neutral
I added a video to a @user playlist Melania Trump Plagiarized Michelle Obama's 2008 Speech word for words ,1,neutral
I be mad Terry birthday in the same week as Christmas but dead ass be laughing when Valentines Day roll around an my birthday the next week ,1,neutral
This Is Us is such a great show! Like if you agree   #ThisIsUs ,2,positive
Deer Lakes Park is looking pretty spiffy & Allegheny County officials attribute its $2.2 million in improvements to #fracking revenue ,2,positive
"@user nobody's upset about the recount, we upset because we think George Soros is planning a rigging ",0,negative
DemocRATs say tell want to give Trump a chance? While they secretly plan sabotage? GOP Congress is expected to fight & approve Trump cabinet ,1,neutral
"Tonight #Italian prime minister #Renzi intends to #resign & #Marine Le Pen welcomed #Italian #referendum results,co… ",1,neutral
"@user Here's evidence that the neocon elite don't like Steve Bannon. If he did what Henry Kissinger wanted, you'd change tack. ",1,neutral
Rehearsals for beauty and the beast. Featuring the massage train #actorslife #beautyandthebeast… ,1,neutral
"@user I'm really asking. Are any GOP leaders demanding investigations? For that matter, anyone in Obama admin pledging action? 1/ ",0,negative
Ridiculously good? 😬 #ThisIsUs ,2,positive
"""Why do you advocate for veganism/ vegetarianism?"" Well ... for one, if the whole world went vegan we could end world hunger ... ",0,negative
"She wasn't rejoicing because Israelis are burning, no she cried for the land grew up on but will never see again #Palestine ",1,neutral
The latest THE TEEN EXCLUSIVE DAILY! Thanks to @user @user @user #nationalfastfoodday ,2,positive
@user I'm loving the roster this season. I can't wait for Tim Duncan's number to be retired!! #GoSpursGo ,2,positive
"""Anti-Trump riots, Left-coast secession & Katy Perry""https://t.co/OfkhDPXp0V ",1,neutral
"Taylor Volk, North Park University student, fabricated anti-gay 'Trump' notes  #tcot #tpp ",0,negative
Tony romo is currently singing fake love by drake to Prescott....RIP ,1,neutral
"@user David Lee is considered by some to almost single-handedly turn Tony Romo into the QB he became. So, yeah, I think it's fine. ",1,neutral
"@user @user @user I mean, there have already been anti-Trump riots. And they follow the pattern of Sorosite color revs. ",0,negative
"Paris Geller, Emily Gilmore, Mrs. Kim, Miss Patty #GilmoreGirlsTop4 ",1,neutral
"Life is a journey. When we stop, things don't go right. -Pope Francis ",1,neutral
Saya suka video @user Watch The View TV Show - Melania Trump Makes Defends Trump In Campaign Speech ,1,neutral
"@user yep, they're setting the table for backup QB Tony Romo to botch a snap & lose to Seattle in playoffs haha 😂😂 ",1,neutral
Book about killing gentile children becomes bestseller in Israel - #gaza #palestine #israel #BDS ,1,neutral
"@user @user she's a great journalist, not sure where you get the 'piece of trash' you are talking about ",1,neutral
Oh my gosh it's David Blaine!! stephanie__719 ,2,positive
Graphene 3D Lab Plans to Develop a Next Generation Lithium-ion Battery and Joins Forces with Stony Brook University  ,2,positive
"Say what u will abt his drone strikes but obama is by far the hottest president. The 2nd hottest is jfk, who to me is a 4, sorta frumpy ",2,positive
"@user Trump may indeed fail, but YOU endorsed a corrupt warmonger, now closely affiliated with a DC pedophile sex ring? #HugeFail ",0,negative
Kim Jong Un doesn’t like being called ‘Kim Fatty the Third’Compains to China... They censor...https://t.co/szfHN5Auh1 ,1,neutral
Did any bad hombres show up to Thanksgiving? ,1,neutral
@user they paid for it out of every paycheck. The wealthy's elderly give everything to their families then claim Social Security. ,0,negative
think I am going to dream of #EvanRachelWould 's mind blowing performance as Delores+Wyatt for a few nights. #Westworld  #cantstoptweeting ,2,positive
@user om.fucking.g.fuck you....craven.How Republicans can rebuild Obamacarehttps://t.co/N7XPyeRcldhttps://t.co/VK29wkI8v0 ,0,negative
Loving Ashley Graham from last night's taping of VH1 #VH1Divas Holiday Unsilent Night! ,2,positive
"And both liberals and leftists can whine about ""bathroom politics"" for slightly different but related reasons. ",0,negative
"Another controversial paper? - Do They All Look the Same? Deciphering Chinese, Japanese and Koreans by Deep Learning ",1,neutral
#Lebanese army halts construction of wall around #Palestinian camp #FreePalestine #Palestine #CNN #BBC #FoxNews ,1,neutral
1) Emily planning Gran's funeral2) TJ3) Finn4) Mrs Kim#GilmoreGirlsTop4 ,1,neutral
"What about WORST OFFENDERS, the violence against women in Muslim Islam Countries? #orangetheworld #Women #UniteBlue #Democrats #college #NFL ",1,neutral
@user @user Dems need to work on :fixing #gerrymanderingautomatic voter registrationmaking voting accessible ,1,neutral
My lovely cat #Back ❤ #instacats #lovely #cute #binghazi❤ #selfie #catselfies #Libya #charcher… ,2,positive
#Obama #Pakistan Drone Strikes 74% of Pakistanis consider the #US an Enemy. Is it surprising 👇https://t.co/w4aH7sxfaU ,0,negative
"@user I don't cry very often , bit your anti abortion video nearly ot me going . Bless you , @user . ",1,neutral
WOW!!! ITS INCREDIBLE HOW #FOXNEWS IS SELLING THE #TRUMP BILLIONAIRES AND WALL STREET CROOK CABINET MEMBERS. HEY... ,0,negative
"Easily interpreted as this: if you are latino or black, your chances of justice are lower.From the death penalty in… ",0,negative
